sampleid,substance,pubchemcid,cas,unii,abundance,method,date_complete,card,primary,trace,lab_null,lab_num_substances_any,lab_num_substances,confirmatory,lab_fentanyl,lab_fentanyl_any,lab_xylazine,lab_xylazine_any,lab_xylazine_trace,lab_meth,lab_meth_any,lab_cocaine,lab_cocaine_any,lab_caffeine,lab_gabapentin,lab_levamisole_any,lab_mdma,lab_tramadol,lab_carfentanil,lab_carfentanil_any,lab_ketamine_any,lab_ketamine,lab_designer_benzos_any,lab_benzos_any,lab_nitazenes_any,lab_opiates_opioids_any,lab_synthetic_cannabinoids_any,lab_meth_impurities_any,lab_mdma_impurities_any,lab_cocaine_impurities_any,lab_common_cuts_any,lab_heroin_impurities_any,lab_cannabinoids_any,lab_fentanyl_impurities_any,lab_pf_fent_impurities_any,lab_substituted_cathinones_any,_merge
"300256","despropionyl p-fluorofentanyl",21812144,"122861-41-0","R8ZH1EQ95Y","","GCMS",17jul2022,97,1,0,,7,4,0,0,0,0,0,0,0,0,0,0,0,0,0,0,0,0,0,0,0,0,0,0,1,0,0,0,0,0,0,0,0,1,0,"Matched (3)"
"300256","methamphetamine",10836,"537-46-2","44RAL3456C","trace","Derivatized GCMS",17jul2022,97,0,1,,7,4,0,0,0,0,0,0,0,1,0,0,0,0,0,0,0,0,0,0,0,0,0,0,0,0,0,0,0,0,0,0,0,0,0,"Matched (3)"
"300256","p-fluoro phenethyl 4-ANPP",165361568,"","","trace","GCMS",17jul2022,97,0,1,,7,4,0,0,0,0,0,0,0,0,0,0,0,0,0,0,0,0,0,0,0,0,0,0,0,0,0,0,0,0,0,0,1,1,0,"Matched (3)"
"300256","4-ANPP",88890,"21409-26-7","Q88EHD0U8G","","GCMS",17jul2022,97,1,0,,7,4,0,0,0,0,0,0,0,0,0,0,0,0,0,0,0,0,0,0,0,0,0,0,0,0,0,0,0,0,0,0,1,0,0,"Matched (3)"
"300256","non-specific sugars",,"","","","Derivatized GCMS",17jul2022,97,1,0,,7,4,0,0,0,0,0,0,0,0,0,0,0,0,0,0,0,0,0,0,0,0,0,0,0,0,0,0,0,1,0,0,0,0,0,"Matched (3)"
"300256","fentanyl",3345,"437-38-7","UF599785JZ","","GCMS",17jul2022,97,1,0,,7,4,0,1,1,0,0,0,0,0,0,0,0,0,0,0,0,0,0,0,0,0,0,0,1,0,0,0,0,0,0,0,0,0,0,"Matched (3)"
"300256","tramadol",33741,"123154-38-1","39J1LGJ30J","trace","GCMS",17jul2022,97,0,1,,7,4,0,0,0,0,0,0,0,0,0,0,0,0,0,0,1,0,0,0,0,0,0,0,1,0,0,0,0,0,0,0,0,0,0,"Matched (3)"
"300273","p-fluoro phenethyl 4-ANPP",165361568,"","","","GCMS",17jul2022,110,1,0,,7,7,0,0,0,0,0,0,0,0,0,0,0,0,0,0,0,0,0,0,0,0,0,0,0,0,0,0,0,0,0,0,1,1,0,"Matched (3)"
"300273","phenethyl 4-ANPP",165365057,"","","","GCMS",17jul2022,110,1,0,,7,7,0,0,0,0,0,0,0,0,0,0,0,0,0,0,0,0,0,0,0,0,0,0,0,0,0,0,0,0,0,0,1,0,0,"Matched (3)"
"300273","N-propionyl norfentanyl",156588936,"1890117-32-4","","","GCMS",17jul2022,110,1,0,,7,7,0,0,0,0,0,0,0,0,0,0,0,0,0,0,0,0,0,0,0,0,0,0,1,0,0,0,0,0,0,0,1,0,0,"Matched (3)"
"300273","p-fluorofentanyl",62300,"90736-23-5","I45R05QM0Z","","GCMS",17jul2022,110,1,0,,7,7,0,0,0,0,0,0,0,0,0,0,0,0,0,0,0,0,0,0,0,0,0,0,1,0,0,0,0,0,0,0,0,0,0,"Matched (3)"
"300273","non-specific sugars",,"","","","Derivatized GCMS",17jul2022,110,1,0,,7,7,0,0,0,0,0,0,0,0,0,0,0,0,0,0,0,0,0,0,0,0,0,0,0,0,0,0,0,1,0,0,0,0,0,"Matched (3)"
"300273","4-ANPP",88890,"21409-26-7","Q88EHD0U8G","","GCMS",17jul2022,110,1,0,,7,7,0,0,0,0,0,0,0,0,0,0,0,0,0,0,0,0,0,0,0,0,0,0,0,0,0,0,0,0,0,0,1,0,0,"Matched (3)"
"300273","fentanyl",3345,"437-38-7","UF599785JZ","","GCMS",17jul2022,110,1,0,,7,7,0,1,1,0,0,0,0,0,0,0,0,0,0,0,0,0,0,0,0,0,0,0,1,0,0,0,0,0,0,0,0,0,0,"Matched (3)"
"300281","phenethyl 4-ANPP",165365057,"","","trace","GCMS",17jul2022,116,0,1,,7,5,0,0,0,0,0,0,0,0,0,0,0,0,0,0,0,0,0,0,0,0,0,0,0,0,0,0,0,0,0,0,1,0,0,"Matched (3)"
"300281","lidocaine",3676,"137-58-6","98PI200987","","GCMS",17jul2022,116,1,0,,7,5,0,0,0,0,0,0,0,0,0,0,0,0,0,0,0,0,0,0,0,0,0,0,0,0,0,0,0,1,0,0,0,0,0,"Matched (3)"
"300281","quinine",3034034,"72402-53-0","A7V27PHC7A","","Derivatized GCMS",17jul2022,116,1,0,,7,5,0,0,0,0,0,0,0,0,0,0,0,0,0,0,0,0,0,0,0,0,0,0,0,0,0,0,0,1,0,0,0,0,0,"Matched (3)"
"300281","ethyl-4-ANPP",156346345,"","","trace","GCMS",17jul2022,116,0,1,,7,5,0,0,0,0,0,0,0,0,0,0,0,0,0,0,0,0,0,0,0,0,0,0,0,0,0,0,0,0,0,0,1,0,0,"Matched (3)"
"300281","non-specific sugars",,"","","","Derivatized GCMS",17jul2022,116,1,0,,7,5,0,0,0,0,0,0,0,0,0,0,0,0,0,0,0,0,0,0,0,0,0,0,0,0,0,0,0,1,0,0,0,0,0,"Matched (3)"
"300281","fentanyl",3345,"437-38-7","UF599785JZ","","GCMS",17jul2022,116,1,0,,7,5,0,1,1,0,0,0,0,0,0,0,0,0,0,0,0,0,0,0,0,0,0,0,1,0,0,0,0,0,0,0,0,0,0,"Matched (3)"
"300281","4-ANPP",88890,"21409-26-7","Q88EHD0U8G","","GCMS",17jul2022,116,1,0,,7,5,0,0,0,0,0,0,0,0,0,0,0,0,0,0,0,0,0,0,0,0,0,0,0,0,0,0,0,0,0,0,1,0,0,"Matched (3)"
"300283","4-ANPP",88890,"21409-26-7","Q88EHD0U8G","","GCMS",17jul2022,117,1,0,,8,7,0,0,0,0,0,0,0,0,0,0,0,0,0,0,0,0,0,0,0,0,0,0,0,0,0,0,0,0,0,0,1,0,0,"Matched (3)"
"300283","fentanyl",3345,"437-38-7","UF599785JZ","","GCMS",17jul2022,117,1,0,,8,7,0,1,1,0,0,0,0,0,0,0,0,0,0,0,0,0,0,0,0,0,0,0,1,0,0,0,0,0,0,0,0,0,0,"Matched (3)"
"300283","salicylic acid",338,"69-72-7","O414PZ4LPZ","","Derivatized GCMS",17jul2022,117,1,0,,8,7,0,0,0,0,0,0,0,0,0,0,0,0,0,0,0,0,0,0,0,0,0,0,0,0,0,0,0,0,0,0,0,0,0,"Matched (3)"
"300283","ethyl-4-ANPP",156346345,"","","trace","GCMS",17jul2022,117,0,1,,8,7,0,0,0,0,0,0,0,0,0,0,0,0,0,0,0,0,0,0,0,0,0,0,0,0,0,0,0,0,0,0,1,0,0,"Matched (3)"
"300283","phenethyl 4-ANPP",165365057,"","","","GCMS",17jul2022,117,1,0,,8,7,0,0,0,0,0,0,0,0,0,0,0,0,0,0,0,0,0,0,0,0,0,0,0,0,0,0,0,0,0,0,1,0,0,"Matched (3)"
"300283","p-fluoro phenethyl 4-ANPP",165361568,"","","","GCMS",17jul2022,117,1,0,,8,7,0,0,0,0,0,0,0,0,0,0,0,0,0,0,0,0,0,0,0,0,0,0,0,0,0,0,0,0,0,0,1,1,0,"Matched (3)"
"300283","1-phenyl-1-propanamine",18054,"2941-20-0","","","GCMS",17jul2022,117,1,0,,8,7,0,0,0,0,0,0,0,0,0,0,0,0,0,0,0,0,0,0,0,0,0,0,0,0,0,0,0,0,0,0,0,0,0,"Matched (3)"
"300283","gabapentin",3446,"60142-96-3","6CW7F3G59X","","GCMS",17jul2022,117,1,0,,8,7,0,0,0,0,0,0,0,0,0,0,0,1,0,0,0,0,0,0,0,0,0,0,0,0,0,0,0,0,0,0,0,0,0,"Matched (3)"
"300289","1-phenethyl-4-propionyloxypiperidine",91725431,"1462260-87-2","3D9E9KK5K5","trace","GCMS",17jul2022,122,0,1,,8,6,0,0,0,0,0,0,0,0,0,0,0,0,0,0,0,0,0,0,0,0,0,0,0,0,0,0,0,0,0,0,0,0,0,"Matched (3)"
"300289","despropionyl p-fluorofentanyl",21812144,"122861-41-0","R8ZH1EQ95Y","","GCMS",17jul2022,122,1,0,,8,6,0,0,0,0,0,0,0,0,0,0,0,0,0,0,0,0,0,0,0,0,0,0,1,0,0,0,0,0,0,0,0,1,0,"Matched (3)"
"300289","phenethyl 4-ANPP",165365057,"","","","GCMS",17jul2022,122,1,0,,8,6,0,0,0,0,0,0,0,0,0,0,0,0,0,0,0,0,0,0,0,0,0,0,0,0,0,0,0,0,0,0,1,0,0,"Matched (3)"
"300289","p-fluoro phenethyl 4-ANPP",165361568,"","","","GCMS",17jul2022,122,1,0,,8,6,0,0,0,0,0,0,0,0,0,0,0,0,0,0,0,0,0,0,0,0,0,0,0,0,0,0,0,0,0,0,1,1,0,"Matched (3)"
"300289","1-phenyl-1-propanamine",18054,"2941-20-0","","trace","GCMS",17jul2022,122,0,1,,8,6,0,0,0,0,0,0,0,0,0,0,0,0,0,0,0,0,0,0,0,0,0,0,0,0,0,0,0,0,0,0,0,0,0,"Matched (3)"
"300289","non-specific sugars",,"","","","Derivatized GCMS",17jul2022,122,1,0,,8,6,0,0,0,0,0,0,0,0,0,0,0,0,0,0,0,0,0,0,0,0,0,0,0,0,0,0,0,1,0,0,0,0,0,"Matched (3)"
"300289","fentanyl",3345,"437-38-7","UF599785JZ","","GCMS",17jul2022,122,1,0,,8,6,0,1,1,0,0,0,0,0,0,0,0,0,0,0,0,0,0,0,0,0,0,0,1,0,0,0,0,0,0,0,0,0,0,"Matched (3)"
"300289","tramadol",33741,"123154-38-1","39J1LGJ30J","","GCMS",17jul2022,122,1,0,,8,6,0,0,0,0,0,0,0,0,0,0,0,0,0,0,1,0,0,0,0,0,0,0,1,0,0,0,0,0,0,0,0,0,0,"Matched (3)"
"300406","non-specific sugars",,"","","","Derivatized GCMS",29jul2022,214,1,0,,10,4,0,0,0,0,0,0,0,0,0,0,0,0,0,0,0,0,0,0,0,0,0,0,0,0,0,0,0,1,0,0,0,0,0,"Matched (3)"
"300406","metonitazene",53316366,"14680-51-4","A7FF4K4CWB","","GCMS",29jul2022,214,1,0,,10,4,0,0,0,0,0,0,0,0,0,0,0,0,0,0,0,0,0,0,0,0,0,1,1,0,0,0,0,0,0,0,0,0,0,"Matched (3)"
"300406","fentanyl",3345,"437-38-7","UF599785JZ","","GCMS",29jul2022,214,1,0,,10,4,0,1,1,0,0,0,0,0,0,0,0,0,0,0,0,0,0,0,0,0,0,0,1,0,0,0,0,0,0,0,0,0,0,"Matched (3)"
"300406","methadone",4095,"76-99-3","UC6VBE7V1Z","trace","GCMS",29jul2022,214,0,1,,10,4,0,0,0,0,0,0,0,0,0,0,0,0,0,0,0,0,0,0,0,0,0,0,1,0,0,0,0,0,0,0,0,0,0,"Matched (3)"
"300406","gabapentin",3446,"60142-96-3","6CW7F3G59X","trace","GCMS",29jul2022,214,0,1,,10,4,0,0,0,0,0,0,0,0,0,0,0,0,0,0,0,0,0,0,0,0,0,0,0,0,0,0,0,0,0,0,0,0,0,"Matched (3)"
"300406","phenethyl 4-ANPP",165365057,"","","trace","GCMS",29jul2022,214,0,1,,10,4,0,0,0,0,0,0,0,0,0,0,0,0,0,0,0,0,0,0,0,0,0,0,0,0,0,0,0,0,0,0,1,0,0,"Matched (3)"
"300406","diphenhydramine",3100,"58-73-1","8GTS82S83M","trace","GCMS",29jul2022,214,0,1,,10,4,0,0,0,0,0,0,0,0,0,0,0,0,0,0,0,0,0,0,0,0,0,0,0,0,0,0,0,1,0,0,0,0,0,"Matched (3)"
"300406","quinine",3034034,"72402-53-0","A7V27PHC7A","trace","Derivatized GCMS",29jul2022,214,0,1,,10,4,0,0,0,0,0,0,0,0,0,0,0,0,0,0,0,0,0,0,0,0,0,0,0,0,0,0,0,1,0,0,0,0,0,"Matched (3)"
"300406","heroin",5462328,"561-27-3","70D95007SX","","GCMS",29jul2022,214,1,0,,10,4,0,0,0,0,0,0,0,0,0,0,0,0,0,0,0,0,0,0,0,0,0,0,1,0,0,0,0,0,0,0,0,0,0,"Matched (3)"
"300406","acetylcodeine",5486550,"6703-27-1","U59401ETXH","trace","GCMS",29jul2022,214,0,1,,10,4,0,0,0,0,0,0,0,0,0,0,0,0,0,0,0,0,0,0,0,0,0,0,1,0,0,0,0,0,1,0,0,0,0,"Matched (3)"
"300408","fentanyl",3345,"437-38-7","UF599785JZ","","GCMS",29jul2022,216,1,0,,15,11,0,1,1,0,0,0,0,0,0,0,0,0,0,0,0,0,0,0,0,0,0,0,1,0,0,0,0,0,0,0,0,0,0,"Matched (3)"
"300408","4-ANPP",88890,"21409-26-7","Q88EHD0U8G","","GCMS",29jul2022,216,1,0,,15,11,0,0,0,0,0,0,0,0,0,0,0,0,0,0,0,0,0,0,0,0,0,0,0,0,0,0,0,0,0,0,1,0,0,"Matched (3)"
"300408","methamphetamine",10836,"537-46-2","44RAL3456C","trace","GCMS",29jul2022,216,0,1,,15,11,0,0,0,0,0,0,0,1,0,0,0,0,0,0,0,0,0,0,0,0,0,0,0,0,0,0,0,0,0,0,0,0,0,"Matched (3)"
"300408","inositol",892,"551-72-4","8LQ63P85IC","","Derivatized GCMS",29jul2022,216,1,0,,15,11,0,0,0,0,0,0,0,0,0,0,0,0,0,0,0,0,0,0,0,0,0,0,0,0,0,0,0,1,0,0,0,0,0,"Matched (3)"
"300408","non-specific sugars",,"","","","Derivatized GCMS",29jul2022,216,1,0,,15,11,0,0,0,0,0,0,0,0,0,0,0,0,0,0,0,0,0,0,0,0,0,0,0,0,0,0,0,1,0,0,0,0,0,"Matched (3)"
"300408","quinine",3034034,"72402-53-0","A7V27PHC7A","","Derivatized GCMS",29jul2022,216,1,0,,15,11,0,0,0,0,0,0,0,0,0,0,0,0,0,0,0,0,0,0,0,0,0,0,0,0,0,0,0,1,0,0,0,0,0,"Matched (3)"
"300408","1,3-Diacetin",66924,"105-70-4","G45CU3Z186","","GCMS",29jul2022,216,1,0,,15,11,0,0,0,0,0,0,0,0,0,0,0,0,0,0,0,0,0,0,0,0,0,0,0,0,0,0,0,0,0,0,0,0,0,"Matched (3)"
"300408","diphenhydramine",3100,"58-73-1","8GTS82S83M","trace","GCMS",29jul2022,216,0,1,,15,11,0,0,0,0,0,0,0,0,0,0,0,0,0,0,0,0,0,0,0,0,0,0,0,0,0,0,0,1,0,0,0,0,0,"Matched (3)"
"300408","heroin",5462328,"561-27-3","70D95007SX","","GCMS",29jul2022,216,1,0,,15,11,0,0,0,0,0,0,0,0,0,0,0,0,0,0,0,0,0,0,0,0,0,0,1,0,0,0,0,0,0,0,0,0,0,"Matched (3)"
"300408","N-piperidinyl etonitazene",162623834,"734496-28-7","7AF6EZ8PMY","","GCMS",29jul2022,216,1,0,,15,11,0,0,0,0,0,0,0,0,0,0,0,0,0,0,0,0,0,0,0,0,0,1,1,0,0,0,0,0,0,0,0,0,0,"Matched (3)"
"300408","phenethyl 4-ANPP",165365057,"","","trace","GCMS",29jul2022,216,0,1,,15,11,0,0,0,0,0,0,0,0,0,0,0,0,0,0,0,0,0,0,0,0,0,0,0,0,0,0,0,0,0,0,1,0,0,"Matched (3)"
"300408","gabapentin",3446,"60142-96-3","6CW7F3G59X","","GCMS",29jul2022,216,1,0,,15,11,0,0,0,0,0,0,0,0,0,0,0,1,0,0,0,0,0,0,0,0,0,0,0,0,0,0,0,0,0,0,0,0,0,"Matched (3)"
"300408","methadone",4095,"76-99-3","UC6VBE7V1Z","","GCMS",29jul2022,216,1,0,,15,11,0,0,0,0,0,0,0,0,0,0,0,0,0,0,0,0,0,0,0,0,0,0,1,0,0,0,0,0,0,0,0,0,0,"Matched (3)"
"300408","acetylcodeine",5486550,"6703-27-1","U59401ETXH","trace","GCMS",29jul2022,216,0,1,,15,11,0,0,0,0,0,0,0,0,0,0,0,0,0,0,0,0,0,0,0,0,0,0,1,0,0,0,0,0,1,0,0,0,0,"Matched (3)"
"300408","metonitazene",53316366,"14680-51-4","A7FF4K4CWB","","GCMS",29jul2022,216,1,0,,15,11,0,0,0,0,0,0,0,0,0,0,0,0,0,0,0,0,0,0,0,0,0,1,1,0,0,0,0,0,0,0,0,0,0,"Matched (3)"
"300410","methamphetamine",10836,"537-46-2","44RAL3456C","","GCMS",20jul2022,218,1,0,,1,1,0,0,0,0,0,0,1,1,0,0,0,0,0,0,0,0,0,0,0,0,0,0,0,0,0,0,0,0,0,0,0,0,0,"Matched (3)"
"300708","fentanyl",3345,"437-38-7","UF599785JZ","","GCMS",17nov2022,439,1,0,,5,2,0,1,1,0,0,0,0,0,0,0,0,0,0,0,0,0,0,0,0,0,0,0,1,0,0,0,0,0,0,0,0,0,0,"Matched (3)"
"300708","methamphetamine",10836,"537-46-2","44RAL3456C","trace","GCMS",17nov2022,439,0,1,,5,2,0,0,0,0,0,0,0,1,0,0,0,0,0,0,0,0,0,0,0,0,0,0,0,0,0,0,0,0,0,0,0,0,0,"Matched (3)"
"300708","4-ANPP",88890,"21409-26-7","Q88EHD0U8G","","GCMS",17nov2022,439,1,0,,5,2,0,0,0,0,0,0,0,0,0,0,0,0,0,0,0,0,0,0,0,0,0,0,0,0,0,0,0,0,0,0,1,0,0,"Matched (3)"
"300708","cocaine",446220,"50-36-2","I5Y540LHVR","trace","GCMS",17nov2022,439,0,1,,5,2,0,0,0,0,0,0,0,0,0,1,0,0,0,0,0,0,0,0,0,0,0,0,0,0,0,0,0,0,0,0,0,0,0,"Matched (3)"
"300708","lidocaine",3676,"137-58-6","98PI200987","trace","GCMS",17nov2022,439,0,1,,5,2,0,0,0,0,0,0,0,0,0,0,0,0,0,0,0,0,0,0,0,0,0,0,0,0,0,0,0,1,0,0,0,0,0,"Matched (3)"
"300711","fentanyl",3345,"437-38-7","UF599785JZ","","GCMS",17nov2022,441,1,0,,3,2,0,1,1,0,0,0,0,0,0,0,0,0,0,0,0,0,0,0,0,0,0,0,1,0,0,0,0,0,0,0,0,0,0,"Matched (3)"
"300711","ethyl-4-ANPP",156346345,"","","trace","GCMS",17nov2022,441,0,1,,3,2,0,0,0,0,0,0,0,0,0,0,0,0,0,0,0,0,0,0,0,0,0,0,0,0,0,0,0,0,0,0,1,0,0,"Matched (3)"
"300711","4-ANPP",88890,"21409-26-7","Q88EHD0U8G","","GCMS",17nov2022,441,1,0,,3,2,0,0,0,0,0,0,0,0,0,0,0,0,0,0,0,0,0,0,0,0,0,0,0,0,0,0,0,0,0,0,1,0,0,"Matched (3)"
"300754","p-fluorofentanyl",62300,"90736-23-5","I45R05QM0Z","trace","GCMS",17nov2022,469,0,1,,5,1,0,0,0,0,0,0,0,0,0,0,0,0,0,0,0,0,0,0,0,0,0,0,1,0,0,0,0,0,0,0,0,0,0,"Matched (3)"
"300754","4-ANPP",88890,"21409-26-7","Q88EHD0U8G","trace","GCMS",17nov2022,469,0,1,,5,1,0,0,0,0,0,0,0,0,0,0,0,0,0,0,0,0,0,0,0,0,0,0,0,0,0,0,0,0,0,0,1,0,0,"Matched (3)"
"300754","phenethyl 4-ANPP",165365057,"","","trace","GCMS",17nov2022,469,0,1,,5,1,0,0,0,0,0,0,0,0,0,0,0,0,0,0,0,0,0,0,0,0,0,0,0,0,0,0,0,0,0,0,1,0,0,"Matched (3)"
"300754","ethyl-4-ANPP",156346345,"","","trace","GCMS",17nov2022,469,0,1,,5,1,0,0,0,0,0,0,0,0,0,0,0,0,0,0,0,0,0,0,0,0,0,0,0,0,0,0,0,0,0,0,1,0,0,"Matched (3)"
"300754","fentanyl",3345,"437-38-7","UF599785JZ","","GCMS",17nov2022,469,1,0,,5,1,0,1,1,0,0,0,0,0,0,0,0,0,0,0,0,0,0,0,0,0,0,0,1,0,0,0,0,0,0,0,0,0,0,"Matched (3)"
"300776","p-fluorofentanyl",62300,"90736-23-5","I45R05QM0Z","trace","GCMS",17nov2022,487,0,1,,6,2,0,0,0,0,0,0,0,0,0,0,0,0,0,0,0,0,0,0,0,0,0,0,1,0,0,0,0,0,0,0,0,0,0,"Matched (3)"
"300776","4-ANPP",88890,"21409-26-7","Q88EHD0U8G","trace","GCMS",17nov2022,487,0,1,,6,2,0,0,0,0,0,0,0,0,0,0,0,0,0,0,0,0,0,0,0,0,0,0,0,0,0,0,0,0,0,0,1,0,0,"Matched (3)"
"300776","fentanyl",3345,"437-38-7","UF599785JZ","","GCMS",17nov2022,487,1,0,,6,2,0,1,1,0,0,0,0,0,0,0,0,0,0,0,0,0,0,0,0,0,0,0,1,0,0,0,0,0,0,0,0,0,0,"Matched (3)"
"300776","caffeine",2519,"58-08-2","3G6A5W338E","","GCMS",17nov2022,487,1,0,,6,2,0,0,0,0,0,0,0,0,0,0,1,0,0,0,0,0,0,0,0,0,0,0,0,0,0,0,0,1,0,0,0,0,0,"Matched (3)"
"300776","diphenhydramine",3100,"58-73-1","8GTS82S83M","trace","GCMS",17nov2022,487,0,1,,6,2,0,0,0,0,0,0,0,0,0,0,0,0,0,0,0,0,0,0,0,0,0,0,0,0,0,0,0,1,0,0,0,0,0,"Matched (3)"
"300776","phenethyl 4-ANPP",165365057,"","","trace","GCMS",17nov2022,487,0,1,,6,2,0,0,0,0,0,0,0,0,0,0,0,0,0,0,0,0,0,0,0,0,0,0,0,0,0,0,0,0,0,0,1,0,0,"Matched (3)"
"300782","phenethyl 4-ANPP",165365057,"","","trace","GCMS",17nov2022,493,0,1,,4,1,0,0,0,0,0,0,0,0,0,0,0,0,0,0,0,0,0,0,0,0,0,0,0,0,0,0,0,0,0,0,1,0,0,"Matched (3)"
"300782","fentanyl",3345,"437-38-7","UF599785JZ","","GCMS",17nov2022,493,1,0,,4,1,0,1,1,0,0,0,0,0,0,0,0,0,0,0,0,0,0,0,0,0,0,0,1,0,0,0,0,0,0,0,0,0,0,"Matched (3)"
"300782","p-fluorofentanyl",62300,"90736-23-5","I45R05QM0Z","trace","GCMS",17nov2022,493,0,1,,4,1,0,0,0,0,0,0,0,0,0,0,0,0,0,0,0,0,0,0,0,0,0,0,1,0,0,0,0,0,0,0,0,0,0,"Matched (3)"
"300782","4-ANPP",88890,"21409-26-7","Q88EHD0U8G","trace","GCMS",17nov2022,493,0,1,,4,1,0,0,0,0,0,0,0,0,0,0,0,0,0,0,0,0,0,0,0,0,0,0,0,0,0,0,0,0,0,0,1,0,0,"Matched (3)"
"400102","4-ANPP",88890,"21409-26-7","Q88EHD0U8G","","GCMS",06jan2023,654,1,0,,2,2,0,0,0,0,0,0,0,0,0,0,0,0,0,0,0,0,0,0,0,0,0,0,0,0,0,0,0,0,0,0,1,0,0,"Matched (3)"
"400102","fentanyl",3345,"437-38-7","UF599785JZ","","GCMS",06jan2023,654,1,0,,2,2,0,1,1,0,0,0,0,0,0,0,0,0,0,0,0,0,0,0,0,0,0,0,1,0,0,0,0,0,0,0,0,0,0,"Matched (3)"
"400111","fentanyl",3345,"437-38-7","UF599785JZ","","GCMS",06jan2023,663,1,0,,3,1,0,1,1,0,0,0,0,0,0,0,0,0,0,0,0,0,0,0,0,0,0,0,1,0,0,0,0,0,0,0,0,0,0,"Matched (3)"
"400111","N-phenylpropanamide",12107,"620-71-3","UYP5ZQI00T","trace","GCMS",06jan2023,663,0,1,,3,1,0,0,0,0,0,0,0,0,0,0,0,0,0,0,0,0,0,0,0,0,0,0,0,0,0,0,0,0,0,0,1,0,0,"Matched (3)"
"400111","4-ANPP",88890,"21409-26-7","Q88EHD0U8G","trace","GCMS",06jan2023,663,0,1,,3,1,0,0,0,0,0,0,0,0,0,0,0,0,0,0,0,0,0,0,0,0,0,0,0,0,0,0,0,0,0,0,1,0,0,"Matched (3)"
"400119","xylazine",5707,"7361-61-7","2KFG9TP5V8","trace","GCMS",06jan2023,668,0,1,,5,4,0,0,0,0,1,1,0,0,0,0,0,0,0,0,0,0,0,0,0,0,0,0,0,0,0,0,0,0,0,0,0,0,0,"Matched (3)"
"400119","fentanyl",3345,"437-38-7","UF599785JZ","","GCMS",06jan2023,668,1,0,,5,4,0,1,1,0,0,0,0,0,0,0,0,0,0,0,0,0,0,0,0,0,0,0,1,0,0,0,0,0,0,0,0,0,0,"Matched (3)"
"400119","heroin",5462328,"561-27-3","70D95007SX","","GCMS",06jan2023,668,1,0,,5,4,0,0,0,0,0,0,0,0,0,0,0,0,0,0,0,0,0,0,0,0,0,0,1,0,0,0,0,0,0,0,0,0,0,"Matched (3)"
"400119","lidocaine",3676,"137-58-6","98PI200987","","GCMS",06jan2023,668,1,0,,5,4,0,0,0,0,0,0,0,0,0,0,0,0,0,0,0,0,0,0,0,0,0,0,0,0,0,0,0,1,0,0,0,0,0,"Matched (3)"
"400119","4-ANPP",88890,"21409-26-7","Q88EHD0U8G","","GCMS",06jan2023,668,1,0,,5,4,0,0,0,0,0,0,0,0,0,0,0,0,0,0,0,0,0,0,0,0,0,0,0,0,0,0,0,0,0,0,1,0,0,"Matched (3)"
"400120","4-ANPP",88890,"21409-26-7","Q88EHD0U8G","","GCMS",05jan2023,669,1,0,,5,2,0,0,0,0,0,0,0,0,0,0,0,0,0,0,0,0,0,0,0,0,0,0,0,0,0,0,0,0,0,0,1,0,0,"Matched (3)"
"400120","N-phenylpropanamide",12107,"620-71-3","UYP5ZQI00T","trace","GCMS",05jan2023,669,0,1,,5,2,0,0,0,0,0,0,0,0,0,0,0,0,0,0,0,0,0,0,0,0,0,0,0,0,0,0,0,0,0,0,1,0,0,"Matched (3)"
"400120","fentanyl",3345,"437-38-7","UF599785JZ","","GCMS",05jan2023,669,1,0,,5,2,0,1,1,0,0,0,0,0,0,0,0,0,0,0,0,0,0,0,0,0,0,0,1,0,0,0,0,0,0,0,0,0,0,"Matched (3)"
"400120","1-phenethyl-4-propionyloxypiperidine",91725431,"1462260-87-2","3D9E9KK5K5","trace","GCMS",05jan2023,669,0,1,,5,2,0,0,0,0,0,0,0,0,0,0,0,0,0,0,0,0,0,0,0,0,0,0,0,0,0,0,0,0,0,0,0,0,0,"Matched (3)"
"400120","methamphetamine",10836,"537-46-2","44RAL3456C","trace","GCMS",05jan2023,669,0,1,,5,2,0,0,0,0,0,0,0,1,0,0,0,0,0,0,0,0,0,0,0,0,0,0,0,0,0,0,0,0,0,0,0,0,0,"Matched (3)"
"400125","4-ANPP",88890,"21409-26-7","Q88EHD0U8G","","GCMS",08dec2022,674,1,0,,2,2,0,0,0,0,0,0,0,0,0,0,0,0,0,0,0,0,0,0,0,0,0,0,0,0,0,0,0,0,0,0,1,0,0,"Matched (3)"
"400125","fentanyl",3345,"437-38-7","UF599785JZ","","GCMS",08dec2022,674,1,0,,2,2,0,1,1,0,0,0,0,0,0,0,0,0,0,0,0,0,0,0,0,0,0,0,1,0,0,0,0,0,0,0,0,0,0,"Matched (3)"
"400126","methamphetamine",10836,"537-46-2","44RAL3456C","","GCMS",05jan2023,675,1,0,,1,1,0,0,0,0,0,0,1,1,0,0,0,0,0,0,0,0,0,0,0,0,0,0,0,0,0,0,0,0,0,0,0,0,0,"Matched (3)"
"400127","methyl ecgonidine (MED)",119478,"43021-26-7","58C337KP3E","trace","GCMS",13jan2023,676,0,1,,2,1,0,0,0,0,0,0,0,0,0,0,0,0,0,0,0,0,0,0,0,0,0,0,0,0,0,0,0,0,0,0,0,0,0,"Matched (3)"
"400127","cocaine",446220,"50-36-2","I5Y540LHVR","","GCMS",13jan2023,676,1,0,,2,1,0,0,0,0,0,0,0,0,1,1,0,0,0,0,0,0,0,0,0,0,0,0,0,0,0,0,0,0,0,0,0,0,0,"Matched (3)"
"400133","methamphetamine",10836,"537-46-2","44RAL3456C","","GCMS",05jan2023,682,1,0,,2,1,0,0,0,0,0,0,1,1,0,0,0,0,0,0,0,0,0,0,0,0,0,0,0,0,0,0,0,0,0,0,0,0,0,"Matched (3)"
"400133","diphenhydramine",3100,"58-73-1","8GTS82S83M","trace","GCMS",05jan2023,682,0,1,,2,1,0,0,0,0,0,0,0,0,0,0,0,0,0,0,0,0,0,0,0,0,0,0,0,0,0,0,0,1,0,0,0,0,0,"Matched (3)"
"400134","methamphetamine",10836,"537-46-2","44RAL3456C","","GCMS",06jan2023,683,1,0,,1,1,0,0,0,0,0,0,1,1,0,0,0,0,0,0,0,0,0,0,0,0,0,0,0,0,0,0,0,0,0,0,0,0,0,"Matched (3)"
"400136","caffeine",2519,"58-08-2","3G6A5W338E","","GCMS",11may2023,685,1,0,,3,2,0,0,0,0,0,0,0,0,0,0,1,0,0,0,0,0,0,0,0,0,0,0,0,0,0,0,0,1,0,0,0,0,0,"Matched (3)"
"400136","methamphetamine",10836,"537-46-2","44RAL3456C","trace","GCMS",11may2023,685,0,1,,3,2,0,0,0,0,0,0,0,1,0,0,0,0,0,0,0,0,0,0,0,0,0,0,0,0,0,0,0,0,0,0,0,0,0,"Matched (3)"
"400136","3,4-Methylenedioxy-Î±-Cyclohexylaminopropiophenone",,"","","","GCMS",11may2023,685,1,0,,3,2,0,0,0,0,0,0,0,0,0,0,0,0,0,0,0,0,0,0,0,0,0,0,0,0,0,0,0,0,0,0,0,0,0,"Matched (3)"
"400137","4-ANPP",88890,"21409-26-7","Q88EHD0U8G","","GCMS",08dec2022,686,1,0,,10,7,0,0,0,0,0,0,0,0,0,0,0,0,0,0,0,0,0,0,0,0,0,0,0,0,0,0,0,0,0,0,1,0,0,"Matched (3)"
"400137","diphenhydramine",3100,"58-73-1","8GTS82S83M","","GCMS",08dec2022,686,1,0,,10,7,0,0,0,0,0,0,0,0,0,0,0,0,0,0,0,0,0,0,0,0,0,0,0,0,0,0,0,1,0,0,0,0,0,"Matched (3)"
"400137","caffeine",2519,"58-08-2","3G6A5W338E","trace","GCMS",08dec2022,686,0,1,,10,7,0,0,0,0,0,0,0,0,0,0,0,0,0,0,0,0,0,0,0,0,0,0,0,0,0,0,0,1,0,0,0,0,0,"Matched (3)"
"400137","fentanyl",3345,"437-38-7","UF599785JZ","","GCMS",08dec2022,686,1,0,,10,7,0,1,1,0,0,0,0,0,0,0,0,0,0,0,0,0,0,0,0,0,0,0,1,0,0,0,0,0,0,0,0,0,0,"Matched (3)"
"400137","6-monoacetylmorphine (6-MAM)",5462507,"2784-73-8","M5E47P1ZCH","","GCMS",08dec2022,686,1,0,,10,7,0,0,0,0,0,0,0,0,0,0,0,0,0,0,0,0,0,0,0,0,0,0,1,0,0,0,0,0,0,0,0,0,0,"Matched (3)"
"400137","cocaine",446220,"50-36-2","I5Y540LHVR","","GCMS",08dec2022,686,1,0,,10,7,0,0,0,0,0,0,0,0,1,1,0,0,0,0,0,0,0,0,0,0,0,0,0,0,0,0,0,0,0,0,0,0,0,"Matched (3)"
"400137","acetylcodeine",5486550,"6703-27-1","U59401ETXH","","GCMS",08dec2022,686,1,0,,10,7,0,0,0,0,0,0,0,0,0,0,0,0,0,0,0,0,0,0,0,0,0,0,1,0,0,0,0,0,1,0,0,0,0,"Matched (3)"
"400137","quinine",3034034,"72402-53-0","A7V27PHC7A","trace","GCMS",08dec2022,686,0,1,,10,7,0,0,0,0,0,0,0,0,0,0,0,0,0,0,0,0,0,0,0,0,0,0,0,0,0,0,0,1,0,0,0,0,0,"Matched (3)"
"400137","heroin",5462328,"561-27-3","70D95007SX","","GCMS",08dec2022,686,1,0,,10,7,0,0,0,0,0,0,0,0,0,0,0,0,0,0,0,0,0,0,0,0,0,0,1,0,0,0,0,0,0,0,0,0,0,"Matched (3)"
"400137","meconin",68437,"569-31-3","MK5R222CG0","trace","GCMS",08dec2022,686,0,1,,10,7,0,0,0,0,0,0,0,0,0,0,0,0,0,0,0,0,0,0,0,0,0,0,0,0,0,0,0,0,1,0,0,0,0,"Matched (3)"
"400140","fentanyl",3345,"437-38-7","UF599785JZ","","GCMS",06jan2023,688,1,0,,5,3,0,1,1,0,0,0,0,0,0,0,0,0,0,0,0,0,0,0,0,0,0,0,1,0,0,0,0,0,0,0,0,0,0,"Matched (3)"
"400140","caffeine",2519,"58-08-2","3G6A5W338E","","GCMS",06jan2023,688,1,0,,5,3,0,0,0,0,0,0,0,0,0,0,1,0,0,0,0,0,0,0,0,0,0,0,0,0,0,0,0,1,0,0,0,0,0,"Matched (3)"
"400140","diphenhydramine",3100,"58-73-1","8GTS82S83M","trace","GCMS",06jan2023,688,0,1,,5,3,0,0,0,0,0,0,0,0,0,0,0,0,0,0,0,0,0,0,0,0,0,0,0,0,0,0,0,1,0,0,0,0,0,"Matched (3)"
"400140","quinine",3034034,"72402-53-0","A7V27PHC7A","","GCMS",06jan2023,688,1,0,,5,3,0,0,0,0,0,0,0,0,0,0,0,0,0,0,0,0,0,0,0,0,0,0,0,0,0,0,0,1,0,0,0,0,0,"Matched (3)"
"400140","4-ANPP",88890,"21409-26-7","Q88EHD0U8G","trace","GCMS",06jan2023,688,0,1,,5,3,0,0,0,0,0,0,0,0,0,0,0,0,0,0,0,0,0,0,0,0,0,0,0,0,0,0,0,0,0,0,1,0,0,"Matched (3)"
"400145","methamphetamine",10836,"537-46-2","44RAL3456C","","GCMS",06jan2023,693,1,0,,9,5,0,0,0,0,0,0,1,1,0,0,0,0,0,0,0,0,0,0,0,0,0,0,0,0,0,0,0,0,0,0,0,0,0,"Matched (3)"
"400145","buprenorphine",644073,"52485-79-7","40D3SCR4GZ","","GCMS",06jan2023,693,1,0,,9,5,0,0,0,0,0,0,0,0,0,0,0,0,0,0,0,0,0,0,0,0,0,0,1,0,0,0,0,0,0,0,0,0,0,"Matched (3)"
"400145","1-phenethyl-4-propionyloxypiperidine",91725431,"1462260-87-2","3D9E9KK5K5","trace","GCMS",06jan2023,693,0,1,,9,5,0,0,0,0,0,0,0,0,0,0,0,0,0,0,0,0,0,0,0,0,0,0,0,0,0,0,0,0,0,0,0,0,0,"Matched (3)"
"400145","fentanyl",3345,"437-38-7","UF599785JZ","","GCMS",06jan2023,693,1,0,,9,5,0,1,1,0,0,0,0,0,0,0,0,0,0,0,0,0,0,0,0,0,0,0,1,0,0,0,0,0,0,0,0,0,0,"Matched (3)"
"400145","mannitol",6251,"69-65-8","3OWL53L36A","trace","GCMS",06jan2023,693,0,1,,9,5,0,0,0,0,0,0,0,0,0,0,0,0,0,0,0,0,0,0,0,0,0,0,0,0,0,0,0,1,0,0,0,0,0,"Matched (3)"
"400145","phenethyl 4-ANPP",165365057,"","","trace","GCMS",06jan2023,693,0,1,,9,5,0,0,0,0,0,0,0,0,0,0,0,0,0,0,0,0,0,0,0,0,0,0,0,0,0,0,0,0,0,0,1,0,0,"Matched (3)"
"400145","4-ANPP",88890,"21409-26-7","Q88EHD0U8G","","GCMS",06jan2023,693,1,0,,9,5,0,0,0,0,0,0,0,0,0,0,0,0,0,0,0,0,0,0,0,0,0,0,0,0,0,0,0,0,0,0,1,0,0,"Matched (3)"
"400145","naloxone",5284596,"465-65-6","36B82AMQ7N","","GCMS",06jan2023,693,1,0,,9,5,0,0,0,0,0,0,0,0,0,0,0,0,0,0,0,0,0,0,0,0,0,0,0,0,0,0,0,0,0,0,0,0,0,"Matched (3)"
"400145","diphenhydramine",3100,"58-73-1","8GTS82S83M","trace","GCMS",06jan2023,693,0,1,,9,5,0,0,0,0,0,0,0,0,0,0,0,0,0,0,0,0,0,0,0,0,0,0,0,0,0,0,0,1,0,0,0,0,0,"Matched (3)"
"400148","fentanyl",3345,"437-38-7","UF599785JZ","","GCMS",06jan2023,695,1,0,,2,2,0,1,1,0,0,0,0,0,0,0,0,0,0,0,0,0,0,0,0,0,0,0,1,0,0,0,0,0,0,0,0,0,0,"Matched (3)"
"400148","4-ANPP",88890,"21409-26-7","Q88EHD0U8G","","GCMS",06jan2023,695,1,0,,2,2,0,0,0,0,0,0,0,0,0,0,0,0,0,0,0,0,0,0,0,0,0,0,0,0,0,0,0,0,0,0,1,0,0,"Matched (3)"
"400149","fentanyl",3345,"437-38-7","UF599785JZ","trace","GCMS",05jan2023,696,0,1,,5,1,0,0,1,0,0,0,0,0,0,0,0,0,0,0,0,0,0,0,0,0,0,0,1,0,0,0,0,0,0,0,0,0,0,"Matched (3)"
"400149","diphenhydramine",3100,"58-73-1","8GTS82S83M","trace","GCMS",05jan2023,696,0,1,,5,1,0,0,0,0,0,0,0,0,0,0,0,0,0,0,0,0,0,0,0,0,0,0,0,0,0,0,0,1,0,0,0,0,0,"Matched (3)"
"400149","4-ANPP",88890,"21409-26-7","Q88EHD0U8G","trace","GCMS",05jan2023,696,0,1,,5,1,0,0,0,0,0,0,0,0,0,0,0,0,0,0,0,0,0,0,0,0,0,0,0,0,0,0,0,0,0,0,1,0,0,"Matched (3)"
"400149","quinine",3034034,"72402-53-0","A7V27PHC7A","","GCMS",05jan2023,696,1,0,,5,1,0,0,0,0,0,0,0,0,0,0,0,0,0,0,0,0,0,0,0,0,0,0,0,0,0,0,0,1,0,0,0,0,0,"Matched (3)"
"400149","caffeine",2519,"58-08-2","3G6A5W338E","trace","GCMS",05jan2023,696,0,1,,5,1,0,0,0,0,0,0,0,0,0,0,0,0,0,0,0,0,0,0,0,0,0,0,0,0,0,0,0,1,0,0,0,0,0,"Matched (3)"
"400158","diphenhydramine",3100,"58-73-1","8GTS82S83M","","GCMS",08dec2022,704,1,0,,9,6,0,0,0,0,0,0,0,0,0,0,0,0,0,0,0,0,0,0,0,0,0,0,0,0,0,0,0,1,0,0,0,0,0,"Matched (3)"
"400158","acetylcodeine",5486550,"6703-27-1","U59401ETXH","trace","GCMS",08dec2022,704,0,1,,9,6,0,0,0,0,0,0,0,0,0,0,0,0,0,0,0,0,0,0,0,0,0,0,1,0,0,0,0,0,1,0,0,0,0,"Matched (3)"
"400158","quinine",3034034,"72402-53-0","A7V27PHC7A","trace","GCMS",08dec2022,704,0,1,,9,6,0,0,0,0,0,0,0,0,0,0,0,0,0,0,0,0,0,0,0,0,0,0,0,0,0,0,0,1,0,0,0,0,0,"Matched (3)"
"400158","caffeine",2519,"58-08-2","3G6A5W338E","trace","GCMS",08dec2022,704,0,1,,9,6,0,0,0,0,0,0,0,0,0,0,0,0,0,0,0,0,0,0,0,0,0,0,0,0,0,0,0,1,0,0,0,0,0,"Matched (3)"
"400158","heroin",5462328,"561-27-3","70D95007SX","","GCMS",08dec2022,704,1,0,,9,6,0,0,0,0,0,0,0,0,0,0,0,0,0,0,0,0,0,0,0,0,0,0,1,0,0,0,0,0,0,0,0,0,0,"Matched (3)"
"400158","fentanyl",3345,"437-38-7","UF599785JZ","","GCMS",08dec2022,704,1,0,,9,6,0,1,1,0,0,0,0,0,0,0,0,0,0,0,0,0,0,0,0,0,0,0,1,0,0,0,0,0,0,0,0,0,0,"Matched (3)"
"400158","cocaine",446220,"50-36-2","I5Y540LHVR","","GCMS",08dec2022,704,1,0,,9,6,0,0,0,0,0,0,0,0,1,1,0,0,0,0,0,0,0,0,0,0,0,0,0,0,0,0,0,0,0,0,0,0,0,"Matched (3)"
"400158","6-monoacetylmorphine (6-MAM)",5462507,"2784-73-8","M5E47P1ZCH","","GCMS",08dec2022,704,1,0,,9,6,0,0,0,0,0,0,0,0,0,0,0,0,0,0,0,0,0,0,0,0,0,0,1,0,0,0,0,0,0,0,0,0,0,"Matched (3)"
"400158","4-ANPP",88890,"21409-26-7","Q88EHD0U8G","","GCMS",08dec2022,704,1,0,,9,6,0,0,0,0,0,0,0,0,0,0,0,0,0,0,0,0,0,0,0,0,0,0,0,0,0,0,0,0,0,0,1,0,0,"Matched (3)"
"400159","ketamine",3821,"6740-88-1","690G0D6V8H","","GCMS",23apr2023,705,1,0,,1,1,0,0,0,0,0,0,0,0,0,0,0,0,0,0,0,0,0,1,1,0,0,0,0,0,0,0,0,0,0,0,0,0,0,"Matched (3)"
"400163","fentanyl",3345,"437-38-7","UF599785JZ","","GCMS",08dec2022,709,1,0,,2,2,0,1,1,0,0,0,0,0,0,0,0,0,0,0,0,0,0,0,0,0,0,0,1,0,0,0,0,0,0,0,0,0,0,"Matched (3)"
"400163","4-ANPP",88890,"21409-26-7","Q88EHD0U8G","","GCMS",08dec2022,709,1,0,,2,2,0,0,0,0,0,0,0,0,0,0,0,0,0,0,0,0,0,0,0,0,0,0,0,0,0,0,0,0,0,0,1,0,0,"Matched (3)"
"400168","xylazine",5707,"7361-61-7","2KFG9TP5V8","","GCMS",06jan2023,713,1,0,,3,3,0,0,0,1,1,0,0,0,0,0,0,0,0,0,0,0,0,0,0,0,0,0,0,0,0,0,0,0,0,0,0,0,0,"Matched (3)"
"400168","fentanyl",3345,"437-38-7","UF599785JZ","","GCMS",06jan2023,713,1,0,,3,3,0,1,1,0,0,0,0,0,0,0,0,0,0,0,0,0,0,0,0,0,0,0,1,0,0,0,0,0,0,0,0,0,0,"Matched (3)"
"400168","4-ANPP",88890,"21409-26-7","Q88EHD0U8G","","GCMS",06jan2023,713,1,0,,3,3,0,0,0,0,0,0,0,0,0,0,0,0,0,0,0,0,0,0,0,0,0,0,0,0,0,0,0,0,0,0,1,0,0,"Matched (3)"
"400170","fentanyl",3345,"437-38-7","UF599785JZ","","GCMS",06jan2023,715,1,0,,11,5,0,1,1,0,0,0,0,0,0,0,0,0,0,0,0,0,0,0,0,0,0,0,1,0,0,0,0,0,0,0,0,0,0,"Matched (3)"
"400170","methocarbamol",4107,"532-03-6","125OD7737X","trace","GCMS",06jan2023,715,0,1,,11,5,0,0,0,0,0,0,0,0,0,0,0,0,0,0,0,0,0,0,0,0,0,0,0,0,0,0,0,0,0,0,0,0,0,"Matched (3)"
"400170","acetaminophen",1983,"103-90-2","362O9ITL9D","trace","GCMS",06jan2023,715,0,1,,11,5,0,0,0,0,0,0,0,0,0,0,0,0,0,0,0,0,0,0,0,0,0,0,0,0,0,0,0,0,0,0,0,0,0,"Matched (3)"
"400170","tramadol",33741,"123154-38-1","39J1LGJ30J","trace","GCMS",06jan2023,715,0,1,,11,5,0,0,0,0,0,0,0,0,0,0,0,0,0,0,1,0,0,0,0,0,0,0,1,0,0,0,0,0,0,0,0,0,0,"Matched (3)"
"400170","caffeine",2519,"58-08-2","3G6A5W338E","trace","GCMS",06jan2023,715,0,1,,11,5,0,0,0,0,0,0,0,0,0,0,0,0,0,0,0,0,0,0,0,0,0,0,0,0,0,0,0,1,0,0,0,0,0,"Matched (3)"
"400170","gabapentin",3446,"60142-96-3","6CW7F3G59X","","GCMS",06jan2023,715,1,0,,11,5,0,0,0,0,0,0,0,0,0,0,0,1,0,0,0,0,0,0,0,0,0,0,0,0,0,0,0,0,0,0,0,0,0,"Matched (3)"
"400170","4-ANPP",88890,"21409-26-7","Q88EHD0U8G","","GCMS",06jan2023,715,1,0,,11,5,0,0,0,0,0,0,0,0,0,0,0,0,0,0,0,0,0,0,0,0,0,0,0,0,0,0,0,0,0,0,1,0,0,"Matched (3)"
"400170","p-fluorofentanyl",62300,"90736-23-5","I45R05QM0Z","trace","GCMS",06jan2023,715,0,1,,11,5,0,0,0,0,0,0,0,0,0,0,0,0,0,0,0,0,0,0,0,0,0,0,1,0,0,0,0,0,0,0,0,0,0,"Matched (3)"
"400170","cocaine",446220,"50-36-2","I5Y540LHVR","","GCMS",06jan2023,715,1,0,,11,5,0,0,0,0,0,0,0,0,1,1,0,0,0,0,0,0,0,0,0,0,0,0,0,0,0,0,0,0,0,0,0,0,0,"Matched (3)"
"400170","xylazine",5707,"7361-61-7","2KFG9TP5V8","trace","GCMS",06jan2023,715,0,1,,11,5,0,0,0,0,1,1,0,0,0,0,0,0,0,0,0,0,0,0,0,0,0,0,0,0,0,0,0,0,0,0,0,0,0,"Matched (3)"
"400170","methamphetamine",10836,"537-46-2","44RAL3456C","","GCMS",06jan2023,715,1,0,,11,5,0,0,0,0,0,0,1,1,0,0,0,0,0,0,0,0,0,0,0,0,0,0,0,0,0,0,0,0,0,0,0,0,0,"Matched (3)"
"400172","tropacocaine",637578,"537-26-8","1I92X32F6H","trace","GCMS",13jan2023,717,0,1,,4,1,0,0,0,0,0,0,0,0,0,0,0,0,0,0,0,0,0,0,0,0,0,0,0,0,0,0,1,0,0,0,0,0,0,"Matched (3)"
"400172","cocaine",446220,"50-36-2","I5Y540LHVR","","GCMS",13jan2023,717,1,0,,4,1,0,0,0,0,0,0,0,0,1,1,0,0,0,0,0,0,0,0,0,0,0,0,0,0,0,0,0,0,0,0,0,0,0,"Matched (3)"
"400172","methyl ecgonidine (MED)",119478,"43021-26-7","58C337KP3E","trace","GCMS",13jan2023,717,0,1,,4,1,0,0,0,0,0,0,0,0,0,0,0,0,0,0,0,0,0,0,0,0,0,0,0,0,0,0,0,0,0,0,0,0,0,"Matched (3)"
"400172","norcocaine",644007,"18717-72-1","3SL7BR2M1E","trace","GCMS",13jan2023,717,0,1,,4,1,0,0,0,0,0,0,0,0,0,0,0,0,0,0,0,0,0,0,0,0,0,0,0,0,0,0,1,0,0,0,0,0,0,"Matched (3)"
"400173","phenethyl 4-ANPP",165365057,"","","trace","GCMS",06jan2023,718,0,1,,3,2,0,0,0,0,0,0,0,0,0,0,0,0,0,0,0,0,0,0,0,0,0,0,0,0,0,0,0,0,0,0,1,0,0,"Matched (3)"
"400173","fentanyl",3345,"437-38-7","UF599785JZ","","GCMS",06jan2023,718,1,0,,3,2,0,1,1,0,0,0,0,0,0,0,0,0,0,0,0,0,0,0,0,0,0,0,1,0,0,0,0,0,0,0,0,0,0,"Matched (3)"
"400173","4-ANPP",88890,"21409-26-7","Q88EHD0U8G","","GCMS",06jan2023,718,1,0,,3,2,0,0,0,0,0,0,0,0,0,0,0,0,0,0,0,0,0,0,0,0,0,0,0,0,0,0,0,0,0,0,1,0,0,"Matched (3)"
"400176","4-ANPP",88890,"21409-26-7","Q88EHD0U8G","","GCMS",10jan2023,721,1,0,,4,3,0,0,0,0,0,0,0,0,0,0,0,0,0,0,0,0,0,0,0,0,0,0,0,0,0,0,0,0,0,0,1,0,0,"Matched (3)"
"400176","1,3-Diacetin",66924,"105-70-4","G45CU3Z186","","GCMS",10jan2023,721,1,0,,4,3,0,0,0,0,0,0,0,0,0,0,0,0,0,0,0,0,0,0,0,0,0,0,0,0,0,0,0,0,0,0,0,0,0,"Matched (3)"
"400176","cocaine",446220,"50-36-2","I5Y540LHVR","trace","GCMS",10jan2023,721,0,1,,4,3,0,0,0,0,0,0,0,0,0,1,0,0,0,0,0,0,0,0,0,0,0,0,0,0,0,0,0,0,0,0,0,0,0,"Matched (3)"
"400176","fentanyl",3345,"437-38-7","UF599785JZ","","GCMS",10jan2023,721,1,0,,4,3,0,1,1,0,0,0,0,0,0,0,0,0,0,0,0,0,0,0,0,0,0,0,1,0,0,0,0,0,0,0,0,0,0,"Matched (3)"
"400192","methyl ecgonidine (MED)",119478,"43021-26-7","58C337KP3E","trace","GCMS",13jan2023,733,0,1,,4,1,0,0,0,0,0,0,0,0,0,0,0,0,0,0,0,0,0,0,0,0,0,0,0,0,0,0,0,0,0,0,0,0,0,"Matched (3)"
"400192","norcocaine",644007,"18717-72-1","3SL7BR2M1E","trace","GCMS",13jan2023,733,0,1,,4,1,0,0,0,0,0,0,0,0,0,0,0,0,0,0,0,0,0,0,0,0,0,0,0,0,0,0,1,0,0,0,0,0,0,"Matched (3)"
"400192","tropacocaine",637578,"537-26-8","1I92X32F6H","trace","GCMS",13jan2023,733,0,1,,4,1,0,0,0,0,0,0,0,0,0,0,0,0,0,0,0,0,0,0,0,0,0,0,0,0,0,0,1,0,0,0,0,0,0,"Matched (3)"
"400192","cocaine",446220,"50-36-2","I5Y540LHVR","","GCMS",13jan2023,733,1,0,,4,1,0,0,0,0,0,0,0,0,1,1,0,0,0,0,0,0,0,0,0,0,0,0,0,0,0,0,0,0,0,0,0,0,0,"Matched (3)"
"400204","clonazolam",12317881,"33887-02-4","HJH52YYC1X","trace","GCMS",31jan2023,740,0,1,,3,1,0,0,0,0,0,0,0,0,0,0,0,0,0,0,0,0,0,0,0,1,0,0,0,0,0,0,0,0,0,0,0,0,0,"Matched (3)"
"400204","cocaine",446220,"50-36-2","I5Y540LHVR","trace","GCMS",31jan2023,740,0,1,,3,1,0,0,0,0,0,0,0,0,0,1,0,0,0,0,0,0,0,0,0,0,0,0,0,0,0,0,0,0,0,0,0,0,0,"Matched (3)"
"400204","non-specific hydrocarbon",,"","","","GCMS",31jan2023,740,1,0,,3,1,0,0,0,0,0,0,0,0,0,0,0,0,0,0,0,0,0,0,0,0,0,0,0,0,0,0,0,0,0,0,0,0,0,"Matched (3)"
"400206","methyl ecgonidine (MED)",119478,"43021-26-7","58C337KP3E","trace","GCMS",16mar2023,742,0,1,,2,1,0,0,0,0,0,0,0,0,0,0,0,0,0,0,0,0,0,0,0,0,0,0,0,0,0,0,0,0,0,0,0,0,0,"Matched (3)"
"400206","cocaine",446220,"50-36-2","I5Y540LHVR","","GCMS",16mar2023,742,1,0,,2,1,0,0,0,0,0,0,0,0,1,1,0,0,0,0,0,0,0,0,0,0,0,0,0,0,0,0,0,0,0,0,0,0,0,"Matched (3)"
"400208","fentanyl",3345,"437-38-7","UF599785JZ","","GCMS",24mar2023,743,1,0,,3,3,0,1,1,0,0,0,0,0,0,0,0,0,0,0,0,0,0,0,0,0,0,0,1,0,0,0,0,0,0,0,0,0,0,"Matched (3)"
"400208","4-ANPP",88890,"21409-26-7","Q88EHD0U8G","","GCMS",24mar2023,743,1,0,,3,3,0,0,0,0,0,0,0,0,0,0,0,0,0,0,0,0,0,0,0,0,0,0,0,0,0,0,0,0,0,0,1,0,0,"Matched (3)"
"400208","ethyl-4-ANPP",156346345,"","","","GCMS",24mar2023,743,1,0,,3,3,0,0,0,0,0,0,0,0,0,0,0,0,0,0,0,0,0,0,0,0,0,0,0,0,0,0,0,0,0,0,1,0,0,"Matched (3)"
"400216","p-fluoro phenethyl 4-ANPP",165361568,"","","trace","GCMS",09apr2023,749,0,1,,7,2,0,0,0,0,0,0,0,0,0,0,0,0,0,0,0,0,0,0,0,0,0,0,0,0,0,0,0,0,0,0,1,1,0,"Matched (3)"
"400216","N-benzyl para-fluoro norfentanyl",,"","","trace","GCMS",09apr2023,749,0,1,,7,2,0,0,0,0,0,0,0,0,0,0,0,0,0,0,0,0,0,0,0,0,0,0,1,0,0,0,0,0,0,0,0,0,0,"Matched (3)"
"400216","fentanyl",3345,"437-38-7","UF599785JZ","trace","GCMS",09apr2023,749,0,1,,7,2,0,0,1,0,0,0,0,0,0,0,0,0,0,0,0,0,0,0,0,0,0,0,1,0,0,0,0,0,0,0,0,0,0,"Matched (3)"
"400216","phenethyl chloride",231496,"622-24-2","C7T86VN1QZ","trace","GCMS",09apr2023,749,0,1,,7,2,0,0,0,0,0,0,0,0,0,0,0,0,0,0,0,0,0,0,0,0,0,0,0,0,0,0,0,0,0,0,1,0,0,"Matched (3)"
"400216","despropionyl p-fluorofentanyl",21812144,"122861-41-0","R8ZH1EQ95Y","","GCMS",09apr2023,749,1,0,,7,2,0,0,0,0,0,0,0,0,0,0,0,0,0,0,0,0,0,0,0,0,0,0,1,0,0,0,0,0,0,0,0,1,0,"Matched (3)"
"400216","p-fluorofentanyl",62300,"90736-23-5","I45R05QM0Z","","GCMS",09apr2023,749,1,0,,7,2,0,0,0,0,0,0,0,0,0,0,0,0,0,0,0,0,0,0,0,0,0,0,1,0,0,0,0,0,0,0,0,0,0,"Matched (3)"
"400216","phenethyl bromide",7666,"103-63-9","96O442668X","trace","GCMS",09apr2023,749,0,1,,7,2,0,0,0,0,0,0,0,0,0,0,0,0,0,0,0,0,0,0,0,0,0,0,0,0,0,0,0,0,0,0,0,0,0,"Matched (3)"
"400217","4-ANPP",88890,"21409-26-7","Q88EHD0U8G","","GCMS",26jan2023,750,1,0,,6,4,0,0,0,0,0,0,0,0,0,0,0,0,0,0,0,0,0,0,0,0,0,0,0,0,0,0,0,0,0,0,1,0,0,"Matched (3)"
"400217","p-fluorofentanyl",62300,"90736-23-5","I45R05QM0Z","","GCMS",26jan2023,750,1,0,,6,4,0,0,0,0,0,0,0,0,0,0,0,0,0,0,0,0,0,0,0,0,0,0,1,0,0,0,0,0,0,0,0,0,0,"Matched (3)"
"400217","N-propionyl norfentanyl",156588936,"1890117-32-4","","trace","GCMS",26jan2023,750,0,1,,6,4,0,0,0,0,0,0,0,0,0,0,0,0,0,0,0,0,0,0,0,0,0,0,1,0,0,0,0,0,0,0,1,0,0,"Matched (3)"
"400217","fentanyl",3345,"437-38-7","UF599785JZ","","GCMS",26jan2023,750,1,0,,6,4,0,1,1,0,0,0,0,0,0,0,0,0,0,0,0,0,0,0,0,0,0,0,1,0,0,0,0,0,0,0,0,0,0,"Matched (3)"
"400217","despropionyl p-fluorofentanyl",21812144,"122861-41-0","R8ZH1EQ95Y","","GCMS",26jan2023,750,1,0,,6,4,0,0,0,0,0,0,0,0,0,0,0,0,0,0,0,0,0,0,0,0,0,0,1,0,0,0,0,0,0,0,0,1,0,"Matched (3)"
"400217","ethyl-4-ANPP",156346345,"","","trace","GCMS",26jan2023,750,0,1,,6,4,0,0,0,0,0,0,0,0,0,0,0,0,0,0,0,0,0,0,0,0,0,0,0,0,0,0,0,0,0,0,1,0,0,"Matched (3)"
"400221","tramadol",33741,"123154-38-1","39J1LGJ30J","","GCMS",13jan2023,753,1,0,,1,1,0,0,0,0,0,0,0,0,0,0,0,0,0,0,1,0,0,0,0,0,0,0,1,0,0,0,0,0,0,0,0,0,0,"Matched (3)"
"400226","methamphetamine",10836,"537-46-2","44RAL3456C","","GCMS",01feb2023,758,1,0,,1,1,0,0,0,0,0,0,1,1,0,0,0,0,0,0,0,0,0,0,0,0,0,0,0,0,0,0,0,0,0,0,0,0,0,"Matched (3)"
"400227","cocaine",446220,"50-36-2","I5Y540LHVR","","GCMS",13jan2023,759,1,0,,1,1,0,0,0,0,0,0,0,0,1,1,0,0,0,0,0,0,0,0,0,0,0,0,0,0,0,0,0,0,0,0,0,0,0,"Matched (3)"
"400228","methamphetamine",10836,"537-46-2","44RAL3456C","","GCMS",23mar2023,760,1,0,,1,1,0,0,0,0,0,0,1,1,0,0,0,0,0,0,0,0,0,0,0,0,0,0,0,0,0,0,0,0,0,0,0,0,0,"Matched (3)"
"400229","4-ANPP",88890,"21409-26-7","Q88EHD0U8G","","GCMS",16mar2023,761,1,0,,6,3,0,0,0,0,0,0,0,0,0,0,0,0,0,0,0,0,0,0,0,0,0,0,0,0,0,0,0,0,0,0,1,0,0,"Matched (3)"
"400229","fentanyl",3345,"437-38-7","UF599785JZ","","GCMS",16mar2023,761,1,0,,6,3,0,1,1,0,0,0,0,0,0,0,0,0,0,0,0,0,0,0,0,0,0,0,1,0,0,0,0,0,0,0,0,0,0,"Matched (3)"
"400229","despropionyl p-fluorofentanyl",21812144,"122861-41-0","R8ZH1EQ95Y","","GCMS",16mar2023,761,1,0,,6,3,0,0,0,0,0,0,0,0,0,0,0,0,0,0,0,0,0,0,0,0,0,0,1,0,0,0,0,0,0,0,0,1,0,"Matched (3)"
"400229","p-fluorofentanyl",62300,"90736-23-5","I45R05QM0Z","trace","GCMS",16mar2023,761,0,1,,6,3,0,0,0,0,0,0,0,0,0,0,0,0,0,0,0,0,0,0,0,0,0,0,1,0,0,0,0,0,0,0,0,0,0,"Matched (3)"
"400229","quinine",3034034,"72402-53-0","A7V27PHC7A","trace","GCMS",16mar2023,761,0,1,,6,3,0,0,0,0,0,0,0,0,0,0,0,0,0,0,0,0,0,0,0,0,0,0,0,0,0,0,0,1,0,0,0,0,0,"Matched (3)"
"400229","phenethyl 4-ANPP",165365057,"","","trace","GCMS",16mar2023,761,0,1,,6,3,0,0,0,0,0,0,0,0,0,0,0,0,0,0,0,0,0,0,0,0,0,0,0,0,0,0,0,0,0,0,1,0,0,"Matched (3)"
"400234","cocaine",446220,"50-36-2","I5Y540LHVR","","GCMS",17mar2023,765,1,0,,3,1,0,0,0,0,0,0,0,0,1,1,0,0,0,0,0,0,0,0,0,0,0,0,0,0,0,0,0,0,0,0,0,0,0,"Matched (3)"
"400234","methyl ecgonidine (MED)",119478,"43021-26-7","58C337KP3E","trace","GCMS",17mar2023,765,0,1,,3,1,0,0,0,0,0,0,0,0,0,0,0,0,0,0,0,0,0,0,0,0,0,0,0,0,0,0,0,0,0,0,0,0,0,"Matched (3)"
"400234","tropacocaine",637578,"537-26-8","1I92X32F6H","trace","GCMS",17mar2023,765,0,1,,3,1,0,0,0,0,0,0,0,0,0,0,0,0,0,0,0,0,0,0,0,0,0,0,0,0,0,0,1,0,0,0,0,0,0,"Matched (3)"
"400237","p-fluoro phenethyl 4-ANPP",165361568,"","","trace","GCMS",01feb2023,768,0,1,,19,8,0,0,0,0,0,0,0,0,0,0,0,0,0,0,0,0,0,0,0,0,0,0,0,0,0,0,0,0,0,0,1,1,0,"Matched (3)"
"400237","morphine",5288826,"57-27-2","76I7G6D29C","trace","GCMS",01feb2023,768,0,1,,19,8,0,0,0,0,0,0,0,0,0,0,0,0,0,0,0,0,0,0,0,0,0,0,1,0,0,0,0,0,0,0,0,0,0,"Matched (3)"
"400237","3-monoacetylmorphine (3-MAM)",526469,"5140-28-3","","trace","GCMS",01feb2023,768,0,1,,19,8,0,0,0,0,0,0,0,0,0,0,0,0,0,0,0,0,0,0,0,0,0,0,1,0,0,0,0,0,0,0,0,0,0,"Matched (3)"
"400237","4-ANPP",88890,"21409-26-7","Q88EHD0U8G","","GCMS",01feb2023,768,1,0,,19,8,0,0,0,0,0,0,0,0,0,0,0,0,0,0,0,0,0,0,0,0,0,0,0,0,0,0,0,0,0,0,1,0,0,"Matched (3)"
"400237","noscapine",275196,"6035-40-1","8V32U4AOQU","trace","GCMS",01feb2023,768,0,1,,19,8,0,0,0,0,0,0,0,0,0,0,0,0,0,0,0,0,0,0,0,0,0,0,1,0,0,0,0,0,1,0,0,0,0,"Matched (3)"
"400237","xylazine",5707,"7361-61-7","2KFG9TP5V8","","GCMS",01feb2023,768,1,0,,19,8,0,0,0,1,1,0,0,0,0,0,0,0,0,0,0,0,0,0,0,0,0,0,0,0,0,0,0,0,0,0,0,0,0,"Matched (3)"
"400237","despropionyl p-fluorofentanyl",21812144,"122861-41-0","R8ZH1EQ95Y","","GCMS",01feb2023,768,1,0,,19,8,0,0,0,0,0,0,0,0,0,0,0,0,0,0,0,0,0,0,0,0,0,0,1,0,0,0,0,0,0,0,0,1,0,"Matched (3)"
"400237","tiletamine",26533,"14176-49-9","2YFC543249","trace","GCMS",01feb2023,768,0,1,,19,8,0,0,0,0,0,0,0,0,0,0,0,0,0,0,0,0,0,0,0,0,0,0,0,0,0,0,0,0,0,0,0,0,0,"Matched (3)"
"400237","codeine",5284371,"76-57-3","UX6OWY2V7J","trace","GCMS",01feb2023,768,0,1,,19,8,0,0,0,0,0,0,0,0,0,0,0,0,0,0,0,0,0,0,0,0,0,0,1,0,0,0,0,0,0,0,0,0,0,"Matched (3)"
"400237","meconin",68437,"569-31-3","MK5R222CG0","trace","GCMS",01feb2023,768,0,1,,19,8,0,0,0,0,0,0,0,0,0,0,0,0,0,0,0,0,0,0,0,0,0,0,0,0,0,0,0,0,1,0,0,0,0,"Matched (3)"
"400237","p-fluorofentanyl",62300,"90736-23-5","I45R05QM0Z","","GCMS",01feb2023,768,1,0,,19,8,0,0,0,0,0,0,0,0,0,0,0,0,0,0,0,0,0,0,0,0,0,0,1,0,0,0,0,0,0,0,0,0,0,"Matched (3)"
"400237","fentanyl",3345,"437-38-7","UF599785JZ","","GCMS",01feb2023,768,1,0,,19,8,0,1,1,0,0,0,0,0,0,0,0,0,0,0,0,0,0,0,0,0,0,0,1,0,0,0,0,0,0,0,0,0,0,"Matched (3)"
"400237","papaverine",4680,"58-74-2","DAA13NKG2Q","trace","GCMS",01feb2023,768,0,1,,19,8,0,0,0,0,0,0,0,0,0,0,0,0,0,0,0,0,0,0,0,0,0,0,1,0,0,0,0,0,1,0,0,0,0,"Matched (3)"
"400237","ethyl-4-ANPP",156346345,"","","trace","GCMS",01feb2023,768,0,1,,19,8,0,0,0,0,0,0,0,0,0,0,0,0,0,0,0,0,0,0,0,0,0,0,0,0,0,0,0,0,0,0,1,0,0,"Matched (3)"
"400237","phenethyl 4-ANPP",165365057,"","","trace","GCMS",01feb2023,768,0,1,,19,8,0,0,0,0,0,0,0,0,0,0,0,0,0,0,0,0,0,0,0,0,0,0,0,0,0,0,0,0,0,0,1,0,0,"Matched (3)"
"400237","hydrocotarnine",3646,"550-10-7","G22L6JNE61","trace","GCMS",01feb2023,768,0,1,,19,8,0,0,0,0,0,0,0,0,0,0,0,0,0,0,0,0,0,0,0,0,0,0,0,0,0,0,0,0,0,0,0,0,0,"Matched (3)"
"400237","acetylcodeine",5486550,"6703-27-1","U59401ETXH","","GCMS",01feb2023,768,1,0,,19,8,0,0,0,0,0,0,0,0,0,0,0,0,0,0,0,0,0,0,0,0,0,0,1,0,0,0,0,0,1,0,0,0,0,"Matched (3)"
"400237","6-monoacetylmorphine (6-MAM)",5462507,"2784-73-8","M5E47P1ZCH","","GCMS",01feb2023,768,1,0,,19,8,0,0,0,0,0,0,0,0,0,0,0,0,0,0,0,0,0,0,0,0,0,0,1,0,0,0,0,0,0,0,0,0,0,"Matched (3)"
"400237","heroin",5462328,"561-27-3","70D95007SX","","GCMS",01feb2023,768,1,0,,19,8,0,0,0,0,0,0,0,0,0,0,0,0,0,0,0,0,0,0,0,0,0,0,1,0,0,0,0,0,0,0,0,0,0,"Matched (3)"
"400241","caffeine",2519,"58-08-2","3G6A5W338E","trace","GCMS",25jan2023,771,0,1,,2,1,0,0,0,0,0,0,0,0,0,0,0,0,0,0,0,0,0,0,0,0,0,0,0,0,0,0,0,1,0,0,0,0,0,"Matched (3)"
"400241","cocaine",446220,"50-36-2","I5Y540LHVR","","GCMS",25jan2023,771,1,0,,2,1,0,0,0,0,0,0,0,0,1,1,0,0,0,0,0,0,0,0,0,0,0,0,0,0,0,0,0,0,0,0,0,0,0,"Matched (3)"
"400245","4-ANPP",88890,"21409-26-7","Q88EHD0U8G","trace","GCMS",27jan2023,773,0,1,,6,2,0,0,0,0,0,0,0,0,0,0,0,0,0,0,0,0,0,0,0,0,0,0,0,0,0,0,0,0,0,0,1,0,0,"Matched (3)"
"400245","ethyl-4-ANPP",156346345,"","","trace","GCMS",27jan2023,773,0,1,,6,2,0,0,0,0,0,0,0,0,0,0,0,0,0,0,0,0,0,0,0,0,0,0,0,0,0,0,0,0,0,0,1,0,0,"Matched (3)"
"400245","fentanyl",3345,"437-38-7","UF599785JZ","","GCMS",27jan2023,773,1,0,,6,2,0,1,1,0,0,0,0,0,0,0,0,0,0,0,0,0,0,0,0,0,0,0,1,0,0,0,0,0,0,0,0,0,0,"Matched (3)"
"400245","p-fluorofentanyl",62300,"90736-23-5","I45R05QM0Z","","GCMS",27jan2023,773,1,0,,6,2,0,0,0,0,0,0,0,0,0,0,0,0,0,0,0,0,0,0,0,0,0,0,1,0,0,0,0,0,0,0,0,0,0,"Matched (3)"
"400245","despropionyl p-fluorofentanyl",21812144,"122861-41-0","R8ZH1EQ95Y","trace","GCMS",27jan2023,773,0,1,,6,2,0,0,0,0,0,0,0,0,0,0,0,0,0,0,0,0,0,0,0,0,0,0,1,0,0,0,0,0,0,0,0,1,0,"Matched (3)"
"400245","N-propionyl norfentanyl",156588936,"1890117-32-4","","trace","GCMS",27jan2023,773,0,1,,6,2,0,0,0,0,0,0,0,0,0,0,0,0,0,0,0,0,0,0,0,0,0,0,1,0,0,0,0,0,0,0,1,0,0,"Matched (3)"
"400247","tropacocaine",637578,"537-26-8","1I92X32F6H","trace","GCMS",13jan2023,774,0,1,,4,2,0,0,0,0,0,0,0,0,0,0,0,0,0,0,0,0,0,0,0,0,0,0,0,0,0,0,1,0,0,0,0,0,0,"Matched (3)"
"400247","methyl ecgonidine (MED)",119478,"43021-26-7","58C337KP3E","trace","GCMS",13jan2023,774,0,1,,4,2,0,0,0,0,0,0,0,0,0,0,0,0,0,0,0,0,0,0,0,0,0,0,0,0,0,0,0,0,0,0,0,0,0,"Matched (3)"
"400247","cocaine",446220,"50-36-2","I5Y540LHVR","","GCMS",13jan2023,774,1,0,,4,2,0,0,0,0,0,0,0,0,1,1,0,0,0,0,0,0,0,0,0,0,0,0,0,0,0,0,0,0,0,0,0,0,0,"Matched (3)"
"400247","caffeine",2519,"58-08-2","3G6A5W338E","","GCMS",13jan2023,774,1,0,,4,2,0,0,0,0,0,0,0,0,0,0,1,0,0,0,0,0,0,0,0,0,0,0,0,0,0,0,0,1,0,0,0,0,0,"Matched (3)"
"400250","tropacocaine",637578,"537-26-8","1I92X32F6H","trace","GCMS",25jan2023,777,0,1,,4,2,0,0,0,0,0,0,0,0,0,0,0,0,0,0,0,0,0,0,0,0,0,0,0,0,0,0,1,0,0,0,0,0,0,"Matched (3)"
"400250","caffeine",2519,"58-08-2","3G6A5W338E","","GCMS",25jan2023,777,1,0,,4,2,0,0,0,0,0,0,0,0,0,0,1,0,0,0,0,0,0,0,0,0,0,0,0,0,0,0,0,1,0,0,0,0,0,"Matched (3)"
"400250","cocaine",446220,"50-36-2","I5Y540LHVR","","GCMS",25jan2023,777,1,0,,4,2,0,0,0,0,0,0,0,0,1,1,0,0,0,0,0,0,0,0,0,0,0,0,0,0,0,0,0,0,0,0,0,0,0,"Matched (3)"
"400250","methyl ecgonidine (MED)",119478,"43021-26-7","58C337KP3E","trace","GCMS",25jan2023,777,0,1,,4,2,0,0,0,0,0,0,0,0,0,0,0,0,0,0,0,0,0,0,0,0,0,0,0,0,0,0,0,0,0,0,0,0,0,"Matched (3)"
"400251","methyl ecgonidine (MED)",119478,"43021-26-7","58C337KP3E","trace","GCMS",13jan2023,778,0,1,,2,1,0,0,0,0,0,0,0,0,0,0,0,0,0,0,0,0,0,0,0,0,0,0,0,0,0,0,0,0,0,0,0,0,0,"Matched (3)"
"400251","cocaine",446220,"50-36-2","I5Y540LHVR","","GCMS",13jan2023,778,1,0,,2,1,0,0,0,0,0,0,0,0,1,1,0,0,0,0,0,0,0,0,0,0,0,0,0,0,0,0,0,0,0,0,0,0,0,"Matched (3)"
"400252","despropionyl p-fluorofentanyl",21812144,"122861-41-0","R8ZH1EQ95Y","","GCMS",21mar2023,779,1,0,,6,2,0,0,0,0,0,0,0,0,0,0,0,0,0,0,0,0,0,0,0,0,0,0,1,0,0,0,0,0,0,0,0,1,0,"Matched (3)"
"400252","fentanyl",3345,"437-38-7","UF599785JZ","trace","GCMS",21mar2023,779,0,1,,6,2,0,0,1,0,0,0,0,0,0,0,0,0,0,0,0,0,0,0,0,0,0,0,1,0,0,0,0,0,0,0,0,0,0,"Matched (3)"
"400252","phenethyl chloride",231496,"622-24-2","C7T86VN1QZ","trace","GCMS",21mar2023,779,0,1,,6,2,0,0,0,0,0,0,0,0,0,0,0,0,0,0,0,0,0,0,0,0,0,0,0,0,0,0,0,0,0,0,1,0,0,"Matched (3)"
"400252","p-fluoro phenethyl 4-ANPP",165361568,"","","trace","GCMS",21mar2023,779,0,1,,6,2,0,0,0,0,0,0,0,0,0,0,0,0,0,0,0,0,0,0,0,0,0,0,0,0,0,0,0,0,0,0,1,1,0,"Matched (3)"
"400252","p-fluorofentanyl",62300,"90736-23-5","I45R05QM0Z","","GCMS",21mar2023,779,1,0,,6,2,0,0,0,0,0,0,0,0,0,0,0,0,0,0,0,0,0,0,0,0,0,0,1,0,0,0,0,0,0,0,0,0,0,"Matched (3)"
"400252","phenethyl bromide",7666,"103-63-9","96O442668X","trace","GCMS",21mar2023,779,0,1,,6,2,0,0,0,0,0,0,0,0,0,0,0,0,0,0,0,0,0,0,0,0,0,0,0,0,0,0,0,0,0,0,0,0,0,"Matched (3)"
"400253","diphenhydramine",3100,"58-73-1","8GTS82S83M","","GCMS",21mar2023,780,1,0,,4,4,0,0,0,0,0,0,0,0,0,0,0,0,0,0,0,0,0,0,0,0,0,0,0,0,0,0,0,1,0,0,0,0,0,"Matched (3)"
"400253","fentanyl",3345,"437-38-7","UF599785JZ","","GCMS",21mar2023,780,1,0,,4,4,0,1,1,0,0,0,0,0,0,0,0,0,0,0,0,0,0,0,0,0,0,0,1,0,0,0,0,0,0,0,0,0,0,"Matched (3)"
"400253","caffeine",2519,"58-08-2","3G6A5W338E","","GCMS",21mar2023,780,1,0,,4,4,0,0,0,0,0,0,0,0,0,0,1,0,0,0,0,0,0,0,0,0,0,0,0,0,0,0,0,1,0,0,0,0,0,"Matched (3)"
"400253","4-ANPP",88890,"21409-26-7","Q88EHD0U8G","","GCMS",21mar2023,780,1,0,,4,4,0,0,0,0,0,0,0,0,0,0,0,0,0,0,0,0,0,0,0,0,0,0,0,0,0,0,0,0,0,0,1,0,0,"Matched (3)"
"400254","methamphetamine",10836,"537-46-2","44RAL3456C","","GCMS",27jan2023,781,1,0,,1,1,0,0,0,0,0,0,1,1,0,0,0,0,0,0,0,0,0,0,0,0,0,0,0,0,0,0,0,0,0,0,0,0,0,"Matched (3)"
"400257","methamphetamine",10836,"537-46-2","44RAL3456C","","GCMS",26jan2023,784,1,0,,1,1,0,0,0,0,0,0,1,1,0,0,0,0,0,0,0,0,0,0,0,0,0,0,0,0,0,0,0,0,0,0,0,0,0,"Matched (3)"
"400259","quinine",3034034,"72402-53-0","A7V27PHC7A","trace","GCMS",24mar2023,785,0,1,,9,3,0,0,0,0,0,0,0,0,0,0,0,0,0,0,0,0,0,0,0,0,0,0,0,0,0,0,0,1,0,0,0,0,0,"Matched (3)"
"400259","phenethyl bromide",7666,"103-63-9","96O442668X","trace","GCMS",24mar2023,785,0,1,,9,3,0,0,0,0,0,0,0,0,0,0,0,0,0,0,0,0,0,0,0,0,0,0,0,0,0,0,0,0,0,0,0,0,0,"Matched (3)"
"400259","4-ANPP",88890,"21409-26-7","Q88EHD0U8G","","GCMS",24mar2023,785,1,0,,9,3,0,0,0,0,0,0,0,0,0,0,0,0,0,0,0,0,0,0,0,0,0,0,0,0,0,0,0,0,0,0,1,0,0,"Matched (3)"
"400259","phenethyl 4-ANPP",165365057,"","","trace","GCMS",24mar2023,785,0,1,,9,3,0,0,0,0,0,0,0,0,0,0,0,0,0,0,0,0,0,0,0,0,0,0,0,0,0,0,0,0,0,0,1,0,0,"Matched (3)"
"400259","doxylamine",,"","","","GCMS",24mar2023,785,1,0,,9,3,0,0,0,0,0,0,0,0,0,0,0,0,0,0,0,0,0,0,0,0,0,0,0,0,0,0,0,0,0,0,0,0,0,"Matched (3)"
"400259","diphenhydramine",3100,"58-73-1","8GTS82S83M","trace","GCMS",24mar2023,785,0,1,,9,3,0,0,0,0,0,0,0,0,0,0,0,0,0,0,0,0,0,0,0,0,0,0,0,0,0,0,0,1,0,0,0,0,0,"Matched (3)"
"400259","fentanyl",3345,"437-38-7","UF599785JZ","","GCMS",24mar2023,785,1,0,,9,3,0,1,1,0,0,0,0,0,0,0,0,0,0,0,0,0,0,0,0,0,0,0,1,0,0,0,0,0,0,0,0,0,0,"Matched (3)"
"400259","1-phenethyl-4-propionyloxypiperidine",91725431,"1462260-87-2","3D9E9KK5K5","trace","GCMS",24mar2023,785,0,1,,9,3,0,0,0,0,0,0,0,0,0,0,0,0,0,0,0,0,0,0,0,0,0,0,0,0,0,0,0,0,0,0,0,0,0,"Matched (3)"
"400259","heroin",5462328,"561-27-3","70D95007SX","trace","GCMS",24mar2023,785,0,1,,9,3,0,0,0,0,0,0,0,0,0,0,0,0,0,0,0,0,0,0,0,0,0,0,1,0,0,0,0,0,0,0,0,0,0,"Matched (3)"
"400260","fentanyl",3345,"437-38-7","UF599785JZ","","GCMS",20mar2023,786,1,0,,2,2,0,1,1,0,0,0,0,0,0,0,0,0,0,0,0,0,0,0,0,0,0,0,1,0,0,0,0,0,0,0,0,0,0,"Matched (3)"
"400260","4-ANPP",88890,"21409-26-7","Q88EHD0U8G","","GCMS",20mar2023,786,1,0,,2,2,0,0,0,0,0,0,0,0,0,0,0,0,0,0,0,0,0,0,0,0,0,0,0,0,0,0,0,0,0,0,1,0,0,"Matched (3)"
"400262","methamphetamine",10836,"537-46-2","44RAL3456C","","GCMS",23mar2023,788,1,0,,1,1,0,0,0,0,0,0,1,1,0,0,0,0,0,0,0,0,0,0,0,0,0,0,0,0,0,0,0,0,0,0,0,0,0,"Matched (3)"
"400265","methamphetamine",10836,"537-46-2","44RAL3456C","","GCMS",27jan2023,791,1,0,,1,1,0,0,0,0,0,0,1,1,0,0,0,0,0,0,0,0,0,0,0,0,0,0,0,0,0,0,0,0,0,0,0,0,0,"Matched (3)"
"400269","4-ANPP",88890,"21409-26-7","Q88EHD0U8G","","GCMS",27jan2023,795,1,0,,5,4,0,0,0,0,0,0,0,0,0,0,0,0,0,0,0,0,0,0,0,0,0,0,0,0,0,0,0,0,0,0,1,0,0,"Matched (3)"
"400269","ibuprofen",3672,"15687-27-1","WK2XYI10QM","trace","GCMS",27jan2023,795,0,1,,5,4,0,0,0,0,0,0,0,0,0,0,0,0,0,0,0,0,0,0,0,0,0,0,0,0,0,0,0,1,0,0,0,0,0,"Matched (3)"
"400269","phenethyl 4-ANPP",165365057,"","","","GCMS",27jan2023,795,1,0,,5,4,0,0,0,0,0,0,0,0,0,0,0,0,0,0,0,0,0,0,0,0,0,0,0,0,0,0,0,0,0,0,1,0,0,"Matched (3)"
"400269","fentanyl",3345,"437-38-7","UF599785JZ","","GCMS",27jan2023,795,1,0,,5,4,0,1,1,0,0,0,0,0,0,0,0,0,0,0,0,0,0,0,0,0,0,0,1,0,0,0,0,0,0,0,0,0,0,"Matched (3)"
"400269","xylazine",5707,"7361-61-7","2KFG9TP5V8","","GCMS",27jan2023,795,1,0,,5,4,0,0,0,1,1,0,0,0,0,0,0,0,0,0,0,0,0,0,0,0,0,0,0,0,0,0,0,0,0,0,0,0,0,"Matched (3)"
"400270","amphetamine",3007,"300-62-9","CK833KGX7E","","GCMS",13jan2023,796,1,0,,1,1,0,0,0,0,0,0,0,0,0,0,0,0,0,0,0,0,0,0,0,0,0,0,0,0,0,0,0,0,0,0,0,0,0,"Matched (3)"
"400271","fentanyl",3345,"437-38-7","UF599785JZ","","GCMS",23mar2023,797,1,0,,3,2,0,1,1,0,0,0,0,0,0,0,0,0,0,0,0,0,0,0,0,0,0,0,1,0,0,0,0,0,0,0,0,0,0,"Matched (3)"
"400271","acetaminophen",1983,"103-90-2","362O9ITL9D","","GCMS",23mar2023,797,1,0,,3,2,0,0,0,0,0,0,0,0,0,0,0,0,0,0,0,0,0,0,0,0,0,0,0,0,0,0,0,0,0,0,0,0,0,"Matched (3)"
"400271","4-ANPP",88890,"21409-26-7","Q88EHD0U8G","trace","GCMS",23mar2023,797,0,1,,3,2,0,0,0,0,0,0,0,0,0,0,0,0,0,0,0,0,0,0,0,0,0,0,0,0,0,0,0,0,0,0,1,0,0,"Matched (3)"
"400272","no compounds of interest detected",,"","","","GCMS",01feb2023,798,1,0,1,1,1,0,0,0,0,0,0,0,0,0,0,0,0,0,0,0,0,0,0,0,0,0,0,0,0,0,0,0,0,0,0,0,0,0,"Matched (3)"
"400274","methamphetamine",10836,"537-46-2","44RAL3456C","","GCMS",27jan2023,799,1,0,,1,1,0,0,0,0,0,0,1,1,0,0,0,0,0,0,0,0,0,0,0,0,0,0,0,0,0,0,0,0,0,0,0,0,0,"Matched (3)"
"400280","cocaine",446220,"50-36-2","I5Y540LHVR","","GCMS",31jan2023,804,1,0,,2,1,0,0,0,0,0,0,0,0,1,1,0,0,0,0,0,0,0,0,0,0,0,0,0,0,0,0,0,0,0,0,0,0,0,"Matched (3)"
"400280","fentanyl",3345,"437-38-7","UF599785JZ","trace","GCMS",31jan2023,804,0,1,,2,1,0,0,1,0,0,0,0,0,0,0,0,0,0,0,0,0,0,0,0,0,0,0,1,0,0,0,0,0,0,0,0,0,0,"Matched (3)"
"400281","cocaine",446220,"50-36-2","I5Y540LHVR","trace","GCMS",27jan2023,805,0,1,,5,3,0,0,0,0,0,0,0,0,0,1,0,0,0,0,0,0,0,0,0,0,0,0,0,0,0,0,0,0,0,0,0,0,0,"Matched (3)"
"400281","4-ANPP",88890,"21409-26-7","Q88EHD0U8G","","GCMS",27jan2023,805,1,0,,5,3,0,0,0,0,0,0,0,0,0,0,0,0,0,0,0,0,0,0,0,0,0,0,0,0,0,0,0,0,0,0,1,0,0,"Matched (3)"
"400281","fentanyl",3345,"437-38-7","UF599785JZ","","GCMS",27jan2023,805,1,0,,5,3,0,1,1,0,0,0,0,0,0,0,0,0,0,0,0,0,0,0,0,0,0,0,1,0,0,0,0,0,0,0,0,0,0,"Matched (3)"
"400281","ethyl-4-ANPP",156346345,"","","trace","GCMS",27jan2023,805,0,1,,5,3,0,0,0,0,0,0,0,0,0,0,0,0,0,0,0,0,0,0,0,0,0,0,0,0,0,0,0,0,0,0,1,0,0,"Matched (3)"
"400281","xylazine",5707,"7361-61-7","2KFG9TP5V8","","GCMS",27jan2023,805,1,0,,5,3,0,0,0,1,1,0,0,0,0,0,0,0,0,0,0,0,0,0,0,0,0,0,0,0,0,0,0,0,0,0,0,0,0,"Matched (3)"
"400282","despropionyl p-fluorofentanyl",21812144,"122861-41-0","R8ZH1EQ95Y","","GCMS",27jan2023,806,1,0,,5,4,0,0,0,0,0,0,0,0,0,0,0,0,0,0,0,0,0,0,0,0,0,0,1,0,0,0,0,0,0,0,0,1,0,"Matched (3)"
"400282","ethyl-4-ANPP",156346345,"","","trace","GCMS",27jan2023,806,0,1,,5,4,0,0,0,0,0,0,0,0,0,0,0,0,0,0,0,0,0,0,0,0,0,0,0,0,0,0,0,0,0,0,1,0,0,"Matched (3)"
"400282","fentanyl",3345,"437-38-7","UF599785JZ","","GCMS",27jan2023,806,1,0,,5,4,0,1,1,0,0,0,0,0,0,0,0,0,0,0,0,0,0,0,0,0,0,0,1,0,0,0,0,0,0,0,0,0,0,"Matched (3)"
"400282","4-ANPP",88890,"21409-26-7","Q88EHD0U8G","","GCMS",27jan2023,806,1,0,,5,4,0,0,0,0,0,0,0,0,0,0,0,0,0,0,0,0,0,0,0,0,0,0,0,0,0,0,0,0,0,0,1,0,0,"Matched (3)"
"400282","p-fluorofentanyl",62300,"90736-23-5","I45R05QM0Z","","GCMS",27jan2023,806,1,0,,5,4,0,0,0,0,0,0,0,0,0,0,0,0,0,0,0,0,0,0,0,0,0,0,1,0,0,0,0,0,0,0,0,0,0,"Matched (3)"
"400284","fentanyl",3345,"437-38-7","UF599785JZ","","GCMS",24mar2023,808,1,0,,4,3,0,1,1,0,0,0,0,0,0,0,0,0,0,0,0,0,0,0,0,0,0,0,1,0,0,0,0,0,0,0,0,0,0,"Matched (3)"
"400284","doxylamine",,"","","","GCMS",24mar2023,808,1,0,,4,3,0,0,0,0,0,0,0,0,0,0,0,0,0,0,0,0,0,0,0,0,0,0,0,0,0,0,0,0,0,0,0,0,0,"Matched (3)"
"400284","4-ANPP",88890,"21409-26-7","Q88EHD0U8G","","GCMS",24mar2023,808,1,0,,4,3,0,0,0,0,0,0,0,0,0,0,0,0,0,0,0,0,0,0,0,0,0,0,0,0,0,0,0,0,0,0,1,0,0,"Matched (3)"
"400284","phenethyl 4-ANPP",165365057,"","","trace","GCMS",24mar2023,808,0,1,,4,3,0,0,0,0,0,0,0,0,0,0,0,0,0,0,0,0,0,0,0,0,0,0,0,0,0,0,0,0,0,0,1,0,0,"Matched (3)"
"400288","despropionyl p-fluorofentanyl",21812144,"122861-41-0","R8ZH1EQ95Y","trace","GCMS",27jan2023,812,0,1,,5,2,0,0,0,0,0,0,0,0,0,0,0,0,0,0,0,0,0,0,0,0,0,0,1,0,0,0,0,0,0,0,0,1,0,"Matched (3)"
"400288","ethyl-4-ANPP",156346345,"","","trace","GCMS",27jan2023,812,0,1,,5,2,0,0,0,0,0,0,0,0,0,0,0,0,0,0,0,0,0,0,0,0,0,0,0,0,0,0,0,0,0,0,1,0,0,"Matched (3)"
"400288","4-ANPP",88890,"21409-26-7","Q88EHD0U8G","trace","GCMS",27jan2023,812,0,1,,5,2,0,0,0,0,0,0,0,0,0,0,0,0,0,0,0,0,0,0,0,0,0,0,0,0,0,0,0,0,0,0,1,0,0,"Matched (3)"
"400288","p-fluorofentanyl",62300,"90736-23-5","I45R05QM0Z","","GCMS",27jan2023,812,1,0,,5,2,0,0,0,0,0,0,0,0,0,0,0,0,0,0,0,0,0,0,0,0,0,0,1,0,0,0,0,0,0,0,0,0,0,"Matched (3)"
"400288","fentanyl",3345,"437-38-7","UF599785JZ","","GCMS",27jan2023,812,1,0,,5,2,0,1,1,0,0,0,0,0,0,0,0,0,0,0,0,0,0,0,0,0,0,0,1,0,0,0,0,0,0,0,0,0,0,"Matched (3)"
"400292","4-ANPP",88890,"21409-26-7","Q88EHD0U8G","","GCMS",24mar2023,816,1,0,,2,2,0,0,0,0,0,0,0,0,0,0,0,0,0,0,0,0,0,0,0,0,0,0,0,0,0,0,0,0,0,0,1,0,0,"Matched (3)"
"400292","fentanyl",3345,"437-38-7","UF599785JZ","","GCMS",24mar2023,816,1,0,,2,2,0,1,1,0,0,0,0,0,0,0,0,0,0,0,0,0,0,0,0,0,0,0,1,0,0,0,0,0,0,0,0,0,0,"Matched (3)"
"400295","quinine",3034034,"72402-53-0","A7V27PHC7A","trace","GCMS",16mar2023,819,0,1,,5,4,0,0,0,0,0,0,0,0,0,0,0,0,0,0,0,0,0,0,0,0,0,0,0,0,0,0,0,1,0,0,0,0,0,"Matched (3)"
"400295","diphenhydramine",3100,"58-73-1","8GTS82S83M","","GCMS",16mar2023,819,1,0,,5,4,0,0,0,0,0,0,0,0,0,0,0,0,0,0,0,0,0,0,0,0,0,0,0,0,0,0,0,1,0,0,0,0,0,"Matched (3)"
"400295","fentanyl",3345,"437-38-7","UF599785JZ","","GCMS",16mar2023,819,1,0,,5,4,0,1,1,0,0,0,0,0,0,0,0,0,0,0,0,0,0,0,0,0,0,0,1,0,0,0,0,0,0,0,0,0,0,"Matched (3)"
"400295","caffeine",2519,"58-08-2","3G6A5W338E","","GCMS",16mar2023,819,1,0,,5,4,0,0,0,0,0,0,0,0,0,0,1,0,0,0,0,0,0,0,0,0,0,0,0,0,0,0,0,1,0,0,0,0,0,"Matched (3)"
"400295","4-ANPP",88890,"21409-26-7","Q88EHD0U8G","","GCMS",16mar2023,819,1,0,,5,4,0,0,0,0,0,0,0,0,0,0,0,0,0,0,0,0,0,0,0,0,0,0,0,0,0,0,0,0,0,0,1,0,0,"Matched (3)"
"400297","4-ANPP",88890,"21409-26-7","Q88EHD0U8G","","GCMS",21mar2023,821,1,0,,5,4,0,0,0,0,0,0,0,0,0,0,0,0,0,0,0,0,0,0,0,0,0,0,0,0,0,0,0,0,0,0,1,0,0,"Matched (3)"
"400297","despropionyl p-fluorofentanyl",21812144,"122861-41-0","R8ZH1EQ95Y","","GCMS",21mar2023,821,1,0,,5,4,0,0,0,0,0,0,0,0,0,0,0,0,0,0,0,0,0,0,0,0,0,0,1,0,0,0,0,0,0,0,0,1,0,"Matched (3)"
"400297","ethyl-4-ANPP",156346345,"","","trace","GCMS",21mar2023,821,0,1,,5,4,0,0,0,0,0,0,0,0,0,0,0,0,0,0,0,0,0,0,0,0,0,0,0,0,0,0,0,0,0,0,1,0,0,"Matched (3)"
"400297","fentanyl",3345,"437-38-7","UF599785JZ","","GCMS",21mar2023,821,1,0,,5,4,0,1,1,0,0,0,0,0,0,0,0,0,0,0,0,0,0,0,0,0,0,0,1,0,0,0,0,0,0,0,0,0,0,"Matched (3)"
"400297","p-fluorofentanyl",62300,"90736-23-5","I45R05QM0Z","","GCMS",21mar2023,821,1,0,,5,4,0,0,0,0,0,0,0,0,0,0,0,0,0,0,0,0,0,0,0,0,0,0,1,0,0,0,0,0,0,0,0,0,0,"Matched (3)"
"400298","methamphetamine",10836,"537-46-2","44RAL3456C","","GCMS",23mar2023,822,1,0,,1,1,0,0,0,0,0,0,1,1,0,0,0,0,0,0,0,0,0,0,0,0,0,0,0,0,0,0,0,0,0,0,0,0,0,"Matched (3)"
"400303","methamphetamine",10836,"537-46-2","44RAL3456C","","GCMS",23mar2023,824,1,0,,1,1,0,0,0,0,0,0,1,1,0,0,0,0,0,0,0,0,0,0,0,0,0,0,0,0,0,0,0,0,0,0,0,0,0,"Matched (3)"
"400306","fentanyl",3345,"437-38-7","UF599785JZ","","GCMS",16mar2023,826,1,0,,4,4,0,1,1,0,0,0,0,0,0,0,0,0,0,0,0,0,0,0,0,0,0,0,1,0,0,0,0,0,0,0,0,0,0,"Matched (3)"
"400306","4-ANPP",88890,"21409-26-7","Q88EHD0U8G","","GCMS",16mar2023,826,1,0,,4,4,0,0,0,0,0,0,0,0,0,0,0,0,0,0,0,0,0,0,0,0,0,0,0,0,0,0,0,0,0,0,1,0,0,"Matched (3)"
"400306","xylazine",5707,"7361-61-7","2KFG9TP5V8","","GCMS",16mar2023,826,1,0,,4,4,0,0,0,1,1,0,0,0,0,0,0,0,0,0,0,0,0,0,0,0,0,0,0,0,0,0,0,0,0,0,0,0,0,"Matched (3)"
"400306","cocaine",446220,"50-36-2","I5Y540LHVR","","GCMS",16mar2023,826,1,0,,4,4,0,0,0,0,0,0,0,0,1,1,0,0,0,0,0,0,0,0,0,0,0,0,0,0,0,0,0,0,0,0,0,0,0,"Matched (3)"
"400337","papaverine",4680,"58-74-2","DAA13NKG2Q","trace","GCMS",13jan2023,845,0,1,,4,1,0,0,0,0,0,0,0,0,0,0,0,0,0,0,0,0,0,0,0,0,0,0,1,0,0,0,0,0,1,0,0,0,0,"Matched (3)"
"400337","6-monoacetylmorphine (6-MAM)",5462507,"2784-73-8","M5E47P1ZCH","trace","GCMS",13jan2023,845,0,1,,4,1,0,0,0,0,0,0,0,0,0,0,0,0,0,0,0,0,0,0,0,0,0,0,1,0,0,0,0,0,0,0,0,0,0,"Matched (3)"
"400337","heroin",5462328,"561-27-3","70D95007SX","","GCMS",13jan2023,845,1,0,,4,1,0,0,0,0,0,0,0,0,0,0,0,0,0,0,0,0,0,0,0,0,0,0,1,0,0,0,0,0,0,0,0,0,0,"Matched (3)"
"400337","acetylcodeine",5486550,"6703-27-1","U59401ETXH","trace","GCMS",13jan2023,845,0,1,,4,1,0,0,0,0,0,0,0,0,0,0,0,0,0,0,0,0,0,0,0,0,0,0,1,0,0,0,0,0,1,0,0,0,0,"Matched (3)"
"400341","methamphetamine",10836,"537-46-2","44RAL3456C","","GCMS",19jun2023,848,1,0,,1,1,0,0,0,0,0,0,1,1,0,0,0,0,0,0,0,0,0,0,0,0,0,0,0,0,0,0,0,0,0,0,0,0,0,"Matched (3)"
"400372","phenethyl 4-ANPP",165365057,"","","trace","GCMS",13jan2023,864,0,1,,5,2,0,0,0,0,0,0,0,0,0,0,0,0,0,0,0,0,0,0,0,0,0,0,0,0,0,0,0,0,0,0,1,0,0,"Matched (3)"
"400372","4-ANPP",88890,"21409-26-7","Q88EHD0U8G","","GCMS",13jan2023,864,1,0,,5,2,0,0,0,0,0,0,0,0,0,0,0,0,0,0,0,0,0,0,0,0,0,0,0,0,0,0,0,0,0,0,1,0,0,"Matched (3)"
"400372","ethyl-4-ANPP",156346345,"","","trace","GCMS",13jan2023,864,0,1,,5,2,0,0,0,0,0,0,0,0,0,0,0,0,0,0,0,0,0,0,0,0,0,0,0,0,0,0,0,0,0,0,1,0,0,"Matched (3)"
"400372","N-phenylpropanamide",12107,"620-71-3","UYP5ZQI00T","trace","GCMS",13jan2023,864,0,1,,5,2,0,0,0,0,0,0,0,0,0,0,0,0,0,0,0,0,0,0,0,0,0,0,0,0,0,0,0,0,0,0,1,0,0,"Matched (3)"
"400372","fentanyl",3345,"437-38-7","UF599785JZ","","GCMS",13jan2023,864,1,0,,5,2,0,1,1,0,0,0,0,0,0,0,0,0,0,0,0,0,0,0,0,0,0,0,1,0,0,0,0,0,0,0,0,0,0,"Matched (3)"
"400376","fentanyl",3345,"437-38-7","UF599785JZ","","GCMS",21mar2023,868,1,0,,9,6,0,1,1,0,0,0,0,0,0,0,0,0,0,0,0,0,0,0,0,0,0,0,1,0,0,0,0,0,0,0,0,0,0,"Matched (3)"
"400376","acetaminophen",1983,"103-90-2","362O9ITL9D","trace","GCMS",21mar2023,868,0,1,,9,6,0,0,0,0,0,0,0,0,0,0,0,0,0,0,0,0,0,0,0,0,0,0,0,0,0,0,0,0,0,0,0,0,0,"Matched (3)"
"400376","caffeine",2519,"58-08-2","3G6A5W338E","","GCMS",21mar2023,868,1,0,,9,6,0,0,0,0,0,0,0,0,0,0,1,0,0,0,0,0,0,0,0,0,0,0,0,0,0,0,0,1,0,0,0,0,0,"Matched (3)"
"400376","diphenhydramine",3100,"58-73-1","8GTS82S83M","","GCMS",21mar2023,868,1,0,,9,6,0,0,0,0,0,0,0,0,0,0,0,0,0,0,0,0,0,0,0,0,0,0,0,0,0,0,0,1,0,0,0,0,0,"Matched (3)"
"400376","phenethyl 4-ANPP",165365057,"","","trace","GCMS",21mar2023,868,0,1,,9,6,0,0,0,0,0,0,0,0,0,0,0,0,0,0,0,0,0,0,0,0,0,0,0,0,0,0,0,0,0,0,1,0,0,"Matched (3)"
"400376","ethyl-4-ANPP",156346345,"","","trace","GCMS",21mar2023,868,0,1,,9,6,0,0,0,0,0,0,0,0,0,0,0,0,0,0,0,0,0,0,0,0,0,0,0,0,0,0,0,0,0,0,1,0,0,"Matched (3)"
"400376","4-ANPP",88890,"21409-26-7","Q88EHD0U8G","","GCMS",21mar2023,868,1,0,,9,6,0,0,0,0,0,0,0,0,0,0,0,0,0,0,0,0,0,0,0,0,0,0,0,0,0,0,0,0,0,0,1,0,0,"Matched (3)"
"400376","heroin",5462328,"561-27-3","70D95007SX","","GCMS",21mar2023,868,1,0,,9,6,0,0,0,0,0,0,0,0,0,0,0,0,0,0,0,0,0,0,0,0,0,0,1,0,0,0,0,0,0,0,0,0,0,"Matched (3)"
"400376","quinine",3034034,"72402-53-0","A7V27PHC7A","","GCMS",21mar2023,868,1,0,,9,6,0,0,0,0,0,0,0,0,0,0,0,0,0,0,0,0,0,0,0,0,0,0,0,0,0,0,0,1,0,0,0,0,0,"Matched (3)"
"400380","heroin",5462328,"561-27-3","70D95007SX","","GCMS",17mar2023,871,1,0,,5,5,0,0,0,0,0,0,0,0,0,0,0,0,0,0,0,0,0,0,0,0,0,0,1,0,0,0,0,0,0,0,0,0,0,"Matched (3)"
"400380","cocaine",446220,"50-36-2","I5Y540LHVR","","GCMS",17mar2023,871,1,0,,5,5,0,0,0,0,0,0,0,0,1,1,0,0,0,0,0,0,0,0,0,0,0,0,0,0,0,0,0,0,0,0,0,0,0,"Matched (3)"
"400380","quinine",3034034,"72402-53-0","A7V27PHC7A","","GCMS",17mar2023,871,1,0,,5,5,0,0,0,0,0,0,0,0,0,0,0,0,0,0,0,0,0,0,0,0,0,0,0,0,0,0,0,1,0,0,0,0,0,"Matched (3)"
"400380","fentanyl",3345,"437-38-7","UF599785JZ","","GCMS",17mar2023,871,1,0,,5,5,0,1,1,0,0,0,0,0,0,0,0,0,0,0,0,0,0,0,0,0,0,0,1,0,0,0,0,0,0,0,0,0,0,"Matched (3)"
"400380","4-ANPP",88890,"21409-26-7","Q88EHD0U8G","","GCMS",17mar2023,871,1,0,,5,5,0,0,0,0,0,0,0,0,0,0,0,0,0,0,0,0,0,0,0,0,0,0,0,0,0,0,0,0,0,0,1,0,0,"Matched (3)"
"400409","acetaminophen",1983,"103-90-2","362O9ITL9D","","GCMS",26jul2023,885,1,0,,7,3,0,0,0,0,0,0,0,0,0,0,0,0,0,0,0,0,0,0,0,0,0,0,0,0,0,0,0,0,0,0,0,0,0,"Matched (3)"
"400409","caffeine",2519,"58-08-2","3G6A5W338E","trace","GCMS",26jul2023,885,0,1,,7,3,0,0,0,0,0,0,0,0,0,0,0,0,0,0,0,0,0,0,0,0,0,0,0,0,0,0,0,1,0,0,0,0,0,"Matched (3)"
"400409","tramadol",33741,"123154-38-1","39J1LGJ30J","trace","GCMS",26jul2023,885,0,1,,7,3,0,0,0,0,0,0,0,0,0,0,0,0,0,0,1,0,0,0,0,0,0,0,1,0,0,0,0,0,0,0,0,0,0,"Matched (3)"
"400409","xylazine",5707,"7361-61-7","2KFG9TP5V8","trace","GCMS",26jul2023,885,0,1,,7,3,0,0,0,0,1,1,0,0,0,0,0,0,0,0,0,0,0,0,0,0,0,0,0,0,0,0,0,0,0,0,0,0,0,"Matched (3)"
"400409","cocaine",446220,"50-36-2","I5Y540LHVR","trace","GCMS",26jul2023,885,0,1,,7,3,0,0,0,0,0,0,0,0,0,1,0,0,0,0,0,0,0,0,0,0,0,0,0,0,0,0,0,0,0,0,0,0,0,"Matched (3)"
"400409","4-ANPP",88890,"21409-26-7","Q88EHD0U8G","","GCMS",26jul2023,885,1,0,,7,3,0,0,0,0,0,0,0,0,0,0,0,0,0,0,0,0,0,0,0,0,0,0,0,0,0,0,0,0,0,0,1,0,0,"Matched (3)"
"400409","fentanyl",3345,"437-38-7","UF599785JZ","","GCMS",26jul2023,885,1,0,,7,3,0,1,1,0,0,0,0,0,0,0,0,0,0,0,0,0,0,0,0,0,0,0,1,0,0,0,0,0,0,0,0,0,0,"Matched (3)"
"400483","caffeine",2519,"58-08-2","3G6A5W338E","trace","GCMS",26jul2023,928,0,1,,5,3,0,0,0,0,0,0,0,0,0,0,0,0,0,0,0,0,0,0,0,0,0,0,0,0,0,0,0,1,0,0,0,0,0,"Matched (3)"
"400483","acetaminophen",1983,"103-90-2","362O9ITL9D","","GCMS",26jul2023,928,1,0,,5,3,0,0,0,0,0,0,0,0,0,0,0,0,0,0,0,0,0,0,0,0,0,0,0,0,0,0,0,0,0,0,0,0,0,"Matched (3)"
"400483","tramadol",33741,"123154-38-1","39J1LGJ30J","trace","GCMS",26jul2023,928,0,1,,5,3,0,0,0,0,0,0,0,0,0,0,0,0,0,0,1,0,0,0,0,0,0,0,1,0,0,0,0,0,0,0,0,0,0,"Matched (3)"
"400483","fentanyl",3345,"437-38-7","UF599785JZ","","GCMS",26jul2023,928,1,0,,5,3,0,1,1,0,0,0,0,0,0,0,0,0,0,0,0,0,0,0,0,0,0,0,1,0,0,0,0,0,0,0,0,0,0,"Matched (3)"
"400483","4-ANPP",88890,"21409-26-7","Q88EHD0U8G","","GCMS",26jul2023,928,1,0,,5,3,0,0,0,0,0,0,0,0,0,0,0,0,0,0,0,0,0,0,0,0,0,0,0,0,0,0,0,0,0,0,1,0,0,"Matched (3)"
"400497","fentanyl",3345,"437-38-7","UF599785JZ","","GCMS",26jul2023,935,1,0,,4,3,0,1,1,0,0,0,0,0,0,0,0,0,0,0,0,0,0,0,0,0,0,0,1,0,0,0,0,0,0,0,0,0,0,"Matched (3)"
"400497","diphenhydramine",3100,"58-73-1","8GTS82S83M","","GCMS",26jul2023,935,1,0,,4,3,0,0,0,0,0,0,0,0,0,0,0,0,0,0,0,0,0,0,0,0,0,0,0,0,0,0,0,1,0,0,0,0,0,"Matched (3)"
"400497","4-ANPP",88890,"21409-26-7","Q88EHD0U8G","","GCMS",26jul2023,935,1,0,,4,3,0,0,0,0,0,0,0,0,0,0,0,0,0,0,0,0,0,0,0,0,0,0,0,0,0,0,0,0,0,0,1,0,0,"Matched (3)"
"400497","methamphetamine",10836,"537-46-2","44RAL3456C","trace","GCMS",26jul2023,935,0,1,,4,3,0,0,0,0,0,0,0,1,0,0,0,0,0,0,0,0,0,0,0,0,0,0,0,0,0,0,0,0,0,0,0,0,0,"Matched (3)"
"400600","Psilocybin / Psilocin",,"","","","GCMS",15may2023,999,1,0,,3,3,0,0,0,0,0,0,0,0,0,0,0,0,0,0,0,0,0,0,0,0,0,0,0,0,0,0,0,0,0,0,0,0,0,"Matched (3)"
"400600","ergosterol",,"","","","GCMS",15may2023,999,1,0,,3,3,0,0,0,0,0,0,0,0,0,0,0,0,0,0,0,0,0,0,0,0,0,0,0,0,0,0,0,0,0,0,0,0,0,"Matched (3)"
"400600","delta-9-THC",16078,"8/3/1972","7J8897W37S","","GCMS",15may2023,999,1,0,,3,3,0,0,0,0,0,0,0,0,0,0,0,0,0,0,0,0,0,0,0,0,0,0,0,0,0,0,0,0,0,1,0,0,0,"Matched (3)"
"400659","methamphetamine",10836,"537-46-2","44RAL3456C","","GCMS",12may2023,1037,1,0,,1,1,0,0,0,0,0,0,1,1,0,0,0,0,0,0,0,0,0,0,0,0,0,0,0,0,0,0,0,0,0,0,0,0,0,"Matched (3)"
"400682","methamphetamine",10836,"537-46-2","44RAL3456C","","GCMS",10may2023,1049,1,0,,1,1,0,0,0,0,0,0,1,1,0,0,0,0,0,0,0,0,0,0,0,0,0,0,0,0,0,0,0,0,0,0,0,0,0,"Matched (3)"
"400737","cocaine",446220,"50-36-2","I5Y540LHVR","","GCMS",16jun2023,1076,1,0,,1,1,0,0,0,0,0,0,0,0,1,1,0,0,0,0,0,0,0,0,0,0,0,0,0,0,0,0,0,0,0,0,0,0,0,"Matched (3)"
"400823","4-ANPP",88890,"21409-26-7","Q88EHD0U8G","trace","GCMS",21jun2023,1113,0,1,,3,1,0,0,0,0,0,0,0,0,0,0,0,0,0,0,0,0,0,0,0,0,0,0,0,0,0,0,0,0,0,0,1,0,0,"Matched (3)"
"400823","phenethyl 4-ANPP",165365057,"","","trace","GCMS",21jun2023,1113,0,1,,3,1,0,0,0,0,0,0,0,0,0,0,0,0,0,0,0,0,0,0,0,0,0,0,0,0,0,0,0,0,0,0,1,0,0,"Matched (3)"
"400823","fentanyl",3345,"437-38-7","UF599785JZ","","GCMS",21jun2023,1113,1,0,,3,1,0,1,1,0,0,0,0,0,0,0,0,0,0,0,0,0,0,0,0,0,0,0,1,0,0,0,0,0,0,0,0,0,0,"Matched (3)"
"400885","methamphetamine",10836,"537-46-2","44RAL3456C","","GCMS",19jun2023,1138,1,0,,1,1,0,0,0,0,0,0,1,1,0,0,0,0,0,0,0,0,0,0,0,0,0,0,0,0,0,0,0,0,0,0,0,0,0,"Matched (3)"
"902001","1-phenethyl-4-propionyloxypiperidine",91725431,"1462260-87-2","3D9E9KK5K5","trace","GCMS",24mar2023,2404,0,1,,7,3,0,0,0,0,0,0,0,0,0,0,0,0,0,0,0,0,0,0,0,0,0,0,0,0,0,0,0,0,0,0,0,0,0,"Matched (3)"
"902001","diphenhydramine",3100,"58-73-1","8GTS82S83M","","GCMS",24mar2023,2404,1,0,,7,3,0,0,0,0,0,0,0,0,0,0,0,0,0,0,0,0,0,0,0,0,0,0,0,0,0,0,0,1,0,0,0,0,0,"Matched (3)"
"902001","ethyl-4-ANPP",156346345,"","","trace","GCMS",24mar2023,2404,0,1,,7,3,0,0,0,0,0,0,0,0,0,0,0,0,0,0,0,0,0,0,0,0,0,0,0,0,0,0,0,0,0,0,1,0,0,"Matched (3)"
"902001","fentanyl",3345,"437-38-7","UF599785JZ","","GCMS",24mar2023,2404,1,0,,7,3,0,1,1,0,0,0,0,0,0,0,0,0,0,0,0,0,0,0,0,0,0,0,1,0,0,0,0,0,0,0,0,0,0,"Matched (3)"
"902001","4-ANPP",88890,"21409-26-7","Q88EHD0U8G","","GCMS",24mar2023,2404,1,0,,7,3,0,0,0,0,0,0,0,0,0,0,0,0,0,0,0,0,0,0,0,0,0,0,0,0,0,0,0,0,0,0,1,0,0,"Matched (3)"
"902001","phenethyl 4-ANPP",165365057,"","","trace","GCMS",24mar2023,2404,0,1,,7,3,0,0,0,0,0,0,0,0,0,0,0,0,0,0,0,0,0,0,0,0,0,0,0,0,0,0,0,0,0,0,1,0,0,"Matched (3)"
"902001","caffeine",2519,"58-08-2","3G6A5W338E","trace","GCMS",24mar2023,2404,0,1,,7,3,0,0,0,0,0,0,0,0,0,0,0,0,0,0,0,0,0,0,0,0,0,0,0,0,0,0,0,1,0,0,0,0,0,"Matched (3)"
"902003","venlafaxine",,"","","","GCMS",23apr2023,2405,1,0,,1,1,0,0,0,0,0,0,0,0,0,0,0,0,0,0,0,0,0,0,0,0,0,0,0,0,0,0,0,0,0,0,0,0,0,"Matched (3)"
"902005","guaifenesin",,"","","","GCMS",11may2023,2407,1,0,,7,7,0,0,0,0,0,0,0,0,0,0,0,0,0,0,0,0,0,0,0,0,0,0,0,0,0,0,0,0,0,0,0,0,0,"Matched (3)"
"902005","promethazine",,"","","","GCMS",11may2023,2407,1,0,,7,7,0,0,0,0,0,0,0,0,0,0,0,0,0,0,0,0,0,0,0,0,0,0,0,0,0,0,0,0,0,0,0,0,0,"Matched (3)"
"902005","adrafinil",,"","","","GCMS",11may2023,2407,1,0,,7,7,0,0,0,0,0,0,0,0,0,0,0,0,0,0,0,0,0,0,0,0,0,0,0,0,0,0,0,0,0,0,0,0,0,"Matched (3)"
"902005","buprenorphine",644073,"52485-79-7","40D3SCR4GZ","","GCMS",11may2023,2407,1,0,,7,7,0,0,0,0,0,0,0,0,0,0,0,0,0,0,0,0,0,0,0,0,0,0,1,0,0,0,0,0,0,0,0,0,0,"Matched (3)"
"902005","ibuprofen",3672,"15687-27-1","WK2XYI10QM","","GCMS",11may2023,2407,1,0,,7,7,0,0,0,0,0,0,0,0,0,0,0,0,0,0,0,0,0,0,0,0,0,0,0,0,0,0,0,1,0,0,0,0,0,"Matched (3)"
"902005","acetaminophen",1983,"103-90-2","362O9ITL9D","","GCMS",11may2023,2407,1,0,,7,7,0,0,0,0,0,0,0,0,0,0,0,0,0,0,0,0,0,0,0,0,0,0,0,0,0,0,0,0,0,0,0,0,0,"Matched (3)"
"902005","tramadol",33741,"123154-38-1","39J1LGJ30J","","GCMS",11may2023,2407,1,0,,7,7,0,0,0,0,0,0,0,0,0,0,0,0,0,0,1,0,0,0,0,0,0,0,1,0,0,0,0,0,0,0,0,0,0,"Matched (3)"
"902007","phenethyl 4-ANPP",165365057,"","","trace","GCMS",23apr2023,2408,0,1,,8,4,0,0,0,0,0,0,0,0,0,0,0,0,0,0,0,0,0,0,0,0,0,0,0,0,0,0,0,0,0,0,1,0,0,"Matched (3)"
"902007","4-ANPP",88890,"21409-26-7","Q88EHD0U8G","","GCMS",23apr2023,2408,1,0,,8,4,0,0,0,0,0,0,0,0,0,0,0,0,0,0,0,0,0,0,0,0,0,0,0,0,0,0,0,0,0,0,1,0,0,"Matched (3)"
"902007","ethyl-4-ANPP",156346345,"","","trace","GCMS",23apr2023,2408,0,1,,8,4,0,0,0,0,0,0,0,0,0,0,0,0,0,0,0,0,0,0,0,0,0,0,0,0,0,0,0,0,0,0,1,0,0,"Matched (3)"
"902007","caffeine",2519,"58-08-2","3G6A5W338E","","GCMS",23apr2023,2408,1,0,,8,4,0,0,0,0,0,0,0,0,0,0,1,0,0,0,0,0,0,0,0,0,0,0,0,0,0,0,0,1,0,0,0,0,0,"Matched (3)"
"902007","diphenhydramine",3100,"58-73-1","8GTS82S83M","","GCMS",23apr2023,2408,1,0,,8,4,0,0,0,0,0,0,0,0,0,0,0,0,0,0,0,0,0,0,0,0,0,0,0,0,0,0,0,1,0,0,0,0,0,"Matched (3)"
"902007","1-phenethyl-4-propionyloxypiperidine",91725431,"1462260-87-2","3D9E9KK5K5","trace","GCMS",23apr2023,2408,0,1,,8,4,0,0,0,0,0,0,0,0,0,0,0,0,0,0,0,0,0,0,0,0,0,0,0,0,0,0,0,0,0,0,0,0,0,"Matched (3)"
"902007","quinine",3034034,"72402-53-0","A7V27PHC7A","trace","GCMS",23apr2023,2408,0,1,,8,4,0,0,0,0,0,0,0,0,0,0,0,0,0,0,0,0,0,0,0,0,0,0,0,0,0,0,0,1,0,0,0,0,0,"Matched (3)"
"902007","fentanyl",3345,"437-38-7","UF599785JZ","","GCMS",23apr2023,2408,1,0,,8,4,0,1,1,0,0,0,0,0,0,0,0,0,0,0,0,0,0,0,0,0,0,0,1,0,0,0,0,0,0,0,0,0,0,"Matched (3)"
"902008","fentanyl",3345,"437-38-7","UF599785JZ","","GCMS",24mar2023,2409,1,0,,2,2,0,1,1,0,0,0,0,0,0,0,0,0,0,0,0,0,0,0,0,0,0,0,1,0,0,0,0,0,0,0,0,0,0,"Matched (3)"
"902008","4-ANPP",88890,"21409-26-7","Q88EHD0U8G","","GCMS",24mar2023,2409,1,0,,2,2,0,0,0,0,0,0,0,0,0,0,0,0,0,0,0,0,0,0,0,0,0,0,0,0,0,0,0,0,0,0,1,0,0,"Matched (3)"
"902010","amphetamine",3007,"300-62-9","CK833KGX7E","trace","GCMS",04may2023,2410,0,1,,3,1,0,0,0,0,0,0,0,0,0,0,0,0,0,0,0,0,0,0,0,0,0,0,0,0,0,0,0,0,0,0,0,0,0,"Matched (3)"
"902010","ephedrine/pseudoephedrine",,"","","trace","GCMS",04may2023,2410,0,1,,3,1,0,0,0,0,0,0,0,0,0,0,0,0,0,0,0,0,0,0,0,0,0,0,0,0,1,0,0,0,0,0,0,0,0,"Matched (3)"
"902010","venlafaxine",,"","","","GCMS",04may2023,2410,1,0,,3,1,0,0,0,0,0,0,0,0,0,0,0,0,0,0,0,0,0,0,0,0,0,0,0,0,0,0,0,0,0,0,0,0,0,"Matched (3)"
"902011","fentanyl",3345,"437-38-7","UF599785JZ","","GCMS",23apr2023,2411,1,0,,3,2,0,1,1,0,0,0,0,0,0,0,0,0,0,0,0,0,0,0,0,0,0,0,1,0,0,0,0,0,0,0,0,0,0,"Matched (3)"
"902011","4-ANPP",88890,"21409-26-7","Q88EHD0U8G","","GCMS",23apr2023,2411,1,0,,3,2,0,0,0,0,0,0,0,0,0,0,0,0,0,0,0,0,0,0,0,0,0,0,0,0,0,0,0,0,0,0,1,0,0,"Matched (3)"
"902011","ethyl-4-ANPP",156346345,"","","trace","GCMS",23apr2023,2411,0,1,,3,2,0,0,0,0,0,0,0,0,0,0,0,0,0,0,0,0,0,0,0,0,0,0,0,0,0,0,0,0,0,0,1,0,0,"Matched (3)"
"902012","fentanyl",3345,"437-38-7","UF599785JZ","","GCMS",23apr2023,2412,1,0,,5,3,0,1,1,0,0,0,0,0,0,0,0,0,0,0,0,0,0,0,0,0,0,0,1,0,0,0,0,0,0,0,0,0,0,"Matched (3)"
"902012","4-ANPP",88890,"21409-26-7","Q88EHD0U8G","","GCMS",23apr2023,2412,1,0,,5,3,0,0,0,0,0,0,0,0,0,0,0,0,0,0,0,0,0,0,0,0,0,0,0,0,0,0,0,0,0,0,1,0,0,"Matched (3)"
"902012","phenethyl 4-ANPP",165365057,"","","trace","GCMS",23apr2023,2412,0,1,,5,3,0,0,0,0,0,0,0,0,0,0,0,0,0,0,0,0,0,0,0,0,0,0,0,0,0,0,0,0,0,0,1,0,0,"Matched (3)"
"902012","1-phenethyl-4-propionyloxypiperidine",91725431,"1462260-87-2","3D9E9KK5K5","trace","GCMS",23apr2023,2412,0,1,,5,3,0,0,0,0,0,0,0,0,0,0,0,0,0,0,0,0,0,0,0,0,0,0,0,0,0,0,0,0,0,0,0,0,0,"Matched (3)"
"902012","ethyl-4-ANPP",156346345,"","","","GCMS",23apr2023,2412,1,0,,5,3,0,0,0,0,0,0,0,0,0,0,0,0,0,0,0,0,0,0,0,0,0,0,0,0,0,0,0,0,0,0,1,0,0,"Matched (3)"
"902013","despropionyl p-fluorofentanyl",21812144,"122861-41-0","R8ZH1EQ95Y","","GCMS",24mar2023,2413,1,0,,9,4,0,0,0,0,0,0,0,0,0,0,0,0,0,0,0,0,0,0,0,0,0,0,1,0,0,0,0,0,0,0,0,1,0,"Matched (3)"
"902013","caffeine",2519,"58-08-2","3G6A5W338E","trace","GCMS",24mar2023,2413,0,1,,9,4,0,0,0,0,0,0,0,0,0,0,0,0,0,0,0,0,0,0,0,0,0,0,0,0,0,0,0,1,0,0,0,0,0,"Matched (3)"
"902013","4-ANPP",88890,"21409-26-7","Q88EHD0U8G","","GCMS",24mar2023,2413,1,0,,9,4,0,0,0,0,0,0,0,0,0,0,0,0,0,0,0,0,0,0,0,0,0,0,0,0,0,0,0,0,0,0,1,0,0,"Matched (3)"
"902013","ethyl-4-ANPP",156346345,"","","trace","GCMS",24mar2023,2413,0,1,,9,4,0,0,0,0,0,0,0,0,0,0,0,0,0,0,0,0,0,0,0,0,0,0,0,0,0,0,0,0,0,0,1,0,0,"Matched (3)"
"902013","diphenhydramine",3100,"58-73-1","8GTS82S83M","trace","GCMS",24mar2023,2413,0,1,,9,4,0,0,0,0,0,0,0,0,0,0,0,0,0,0,0,0,0,0,0,0,0,0,0,0,0,0,0,1,0,0,0,0,0,"Matched (3)"
"902013","p-fluorofentanyl",62300,"90736-23-5","I45R05QM0Z","","GCMS",24mar2023,2413,1,0,,9,4,0,0,0,0,0,0,0,0,0,0,0,0,0,0,0,0,0,0,0,0,0,0,1,0,0,0,0,0,0,0,0,0,0,"Matched (3)"
"902013","fentanyl",3345,"437-38-7","UF599785JZ","","GCMS",24mar2023,2413,1,0,,9,4,0,1,1,0,0,0,0,0,0,0,0,0,0,0,0,0,0,0,0,0,0,0,1,0,0,0,0,0,0,0,0,0,0,"Matched (3)"
"902013","dimethyl sulfone (methylsulfonylmethane MSM)",6213,"67-71-0","9H4PO4Z4FT","trace","GCMS",24mar2023,2413,0,1,,9,4,0,0,0,0,0,0,0,0,0,0,0,0,0,0,0,0,0,0,0,0,0,0,0,0,0,0,0,0,0,0,0,0,0,"Matched (3)"
"902013","heroin",5462328,"561-27-3","70D95007SX","trace","GCMS",24mar2023,2413,0,1,,9,4,0,0,0,0,0,0,0,0,0,0,0,0,0,0,0,0,0,0,0,0,0,0,1,0,0,0,0,0,0,0,0,0,0,"Matched (3)"
"902014","1-phenethyl-4-propionyloxypiperidine",91725431,"1462260-87-2","3D9E9KK5K5","trace","GCMS",24mar2023,2414,0,1,,6,3,0,0,0,0,0,0,0,0,0,0,0,0,0,0,0,0,0,0,0,0,0,0,0,0,0,0,0,0,0,0,0,0,0,"Matched (3)"
"902014","fentanyl",3345,"437-38-7","UF599785JZ","","",24mar2023,2414,1,0,,6,3,0,1,1,0,0,0,0,0,0,0,0,0,0,0,0,0,0,0,0,0,0,0,1,0,0,0,0,0,0,0,0,0,0,"Matched (3)"
"902014","4-ANPP",88890,"21409-26-7","Q88EHD0U8G","","",24mar2023,2414,1,0,,6,3,0,0,0,0,0,0,0,0,0,0,0,0,0,0,0,0,0,0,0,0,0,0,0,0,0,0,0,0,0,0,1,0,0,"Matched (3)"
"902014","phenethyl chloride",231496,"622-24-2","C7T86VN1QZ","trace","GCMS",24mar2023,2414,0,1,,6,3,0,0,0,0,0,0,0,0,0,0,0,0,0,0,0,0,0,0,0,0,0,0,0,0,0,0,0,0,0,0,1,0,0,"Matched (3)"
"902014","ethyl-4-ANPP",156346345,"","","","",24mar2023,2414,1,0,,6,3,0,0,0,0,0,0,0,0,0,0,0,0,0,0,0,0,0,0,0,0,0,0,0,0,0,0,0,0,0,0,1,0,0,"Matched (3)"
"902014","phenethyl 4-ANPP",165365057,"","","trace","GCMS",24mar2023,2414,0,1,,6,3,0,0,0,0,0,0,0,0,0,0,0,0,0,0,0,0,0,0,0,0,0,0,0,0,0,0,0,0,0,0,1,0,0,"Matched (3)"
"902015","methamphetamine",10836,"537-46-2","44RAL3456C","trace","GCMS",23apr2023,2415,0,1,,2,1,0,0,0,0,0,0,0,1,0,0,0,0,0,0,0,0,0,0,0,0,0,0,0,0,0,0,0,0,0,0,0,0,0,"Matched (3)"
"902015","caffeine",2519,"58-08-2","3G6A5W338E","","GCMS",23apr2023,2415,1,0,,2,1,0,0,0,0,0,0,0,0,0,0,1,0,0,0,0,0,0,0,0,0,0,0,0,0,0,0,0,1,0,0,0,0,0,"Matched (3)"
"902020","cocaine",446220,"50-36-2","I5Y540LHVR","","GCMS",24mar2023,2416,1,0,,2,1,0,0,0,0,0,0,0,0,1,1,0,0,0,0,0,0,0,0,0,0,0,0,0,0,0,0,0,0,0,0,0,0,0,"Matched (3)"
"902020","methyl ecgonidine (MED)",119478,"43021-26-7","58C337KP3E","trace","GCMS",24mar2023,2416,0,1,,2,1,0,0,0,0,0,0,0,0,0,0,0,0,0,0,0,0,0,0,0,0,0,0,0,0,0,0,0,0,0,0,0,0,0,"Matched (3)"
"902021","methamphetamine",10836,"537-46-2","44RAL3456C","","GCMS",24mar2023,2417,1,0,,1,1,0,0,0,0,0,0,1,1,0,0,0,0,0,0,0,0,0,0,0,0,0,0,0,0,0,0,0,0,0,0,0,0,0,"Matched (3)"
"902024","cocaine",446220,"50-36-2","I5Y540LHVR","","GCMS",23apr2023,2418,1,0,,3,1,0,0,0,0,0,0,0,0,1,1,0,0,0,0,0,0,0,0,0,0,0,0,0,0,0,0,0,0,0,0,0,0,0,"Matched (3)"
"902024","tropacocaine",637578,"537-26-8","1I92X32F6H","trace","GCMS",23apr2023,2418,0,1,,3,1,0,0,0,0,0,0,0,0,0,0,0,0,0,0,0,0,0,0,0,0,0,0,0,0,0,0,1,0,0,0,0,0,0,"Matched (3)"
"902024","methyl ecgonidine (MED)",119478,"43021-26-7","58C337KP3E","trace","GCMS",23apr2023,2418,0,1,,3,1,0,0,0,0,0,0,0,0,0,0,0,0,0,0,0,0,0,0,0,0,0,0,0,0,0,0,0,0,0,0,0,0,0,"Matched (3)"
"902025","diphenhydramine",3100,"58-73-1","8GTS82S83M","trace","GCMS",23apr2023,2419,0,1,,6,3,0,0,0,0,0,0,0,0,0,0,0,0,0,0,0,0,0,0,0,0,0,0,0,0,0,0,0,1,0,0,0,0,0,"Matched (3)"
"902025","fentanyl",3345,"437-38-7","UF599785JZ","","GCMS",23apr2023,2419,1,0,,6,3,0,1,1,0,0,0,0,0,0,0,0,0,0,0,0,0,0,0,0,0,0,0,1,0,0,0,0,0,0,0,0,0,0,"Matched (3)"
"902025","xylazine",5707,"7361-61-7","2KFG9TP5V8","","GCMS",23apr2023,2419,1,0,,6,3,0,0,0,1,1,0,0,0,0,0,0,0,0,0,0,0,0,0,0,0,0,0,0,0,0,0,0,0,0,0,0,0,0,"Matched (3)"
"902025","methamphetamine",10836,"537-46-2","44RAL3456C","trace","GCMS",23apr2023,2419,0,1,,6,3,0,0,0,0,0,0,0,1,0,0,0,0,0,0,0,0,0,0,0,0,0,0,0,0,0,0,0,0,0,0,0,0,0,"Matched (3)"
"902025","1,3-Diacetin",66924,"105-70-4","G45CU3Z186","trace","GCMS",23apr2023,2419,0,1,,6,3,0,0,0,0,0,0,0,0,0,0,0,0,0,0,0,0,0,0,0,0,0,0,0,0,0,0,0,0,0,0,0,0,0,"Matched (3)"
"902025","4-ANPP",88890,"21409-26-7","Q88EHD0U8G","","GCMS",23apr2023,2419,1,0,,6,3,0,0,0,0,0,0,0,0,0,0,0,0,0,0,0,0,0,0,0,0,0,0,0,0,0,0,0,0,0,0,1,0,0,"Matched (3)"
"902026","methyl ecgonidine (MED)",119478,"43021-26-7","58C337KP3E","trace","GCMS",23apr2023,2420,0,1,,4,1,0,0,0,0,0,0,0,0,0,0,0,0,0,0,0,0,0,0,0,0,0,0,0,0,0,0,0,0,0,0,0,0,0,"Matched (3)"
"902026","ecgonine methylester (EME)",104904,"9/1/7143","Y35FJB3QBJ","trace","GCMS",23apr2023,2420,0,1,,4,1,0,0,0,0,0,0,0,0,0,0,0,0,0,0,0,0,0,0,0,0,0,0,0,0,0,0,0,0,0,0,0,0,0,"Matched (3)"
"902026","tropacocaine",637578,"537-26-8","1I92X32F6H","trace","GCMS",23apr2023,2420,0,1,,4,1,0,0,0,0,0,0,0,0,0,0,0,0,0,0,0,0,0,0,0,0,0,0,0,0,0,0,1,0,0,0,0,0,0,"Matched (3)"
"902026","cocaine",446220,"50-36-2","I5Y540LHVR","","GCMS",23apr2023,2420,1,0,,4,1,0,0,0,0,0,0,0,0,1,1,0,0,0,0,0,0,0,0,0,0,0,0,0,0,0,0,0,0,0,0,0,0,0,"Matched (3)"
"902027","fentanyl",3345,"437-38-7","UF599785JZ","","GCMS",24mar2023,2421,1,0,,3,2,0,1,1,0,0,0,0,0,0,0,0,0,0,0,0,0,0,0,0,0,0,0,1,0,0,0,0,0,0,0,0,0,0,"Matched (3)"
"902027","4-ANPP",88890,"21409-26-7","Q88EHD0U8G","","GCMS",24mar2023,2421,1,0,,3,2,0,0,0,0,0,0,0,0,0,0,0,0,0,0,0,0,0,0,0,0,0,0,0,0,0,0,0,0,0,0,1,0,0,"Matched (3)"
"902027","ethyl-4-ANPP",156346345,"","","trace","GCMS",24mar2023,2421,0,1,,3,2,0,0,0,0,0,0,0,0,0,0,0,0,0,0,0,0,0,0,0,0,0,0,0,0,0,0,0,0,0,0,1,0,0,"Matched (3)"
"902029","xylazine",5707,"7361-61-7","2KFG9TP5V8","","GCMS",24mar2023,2422,1,0,,4,3,0,0,0,1,1,0,0,0,0,0,0,0,0,0,0,0,0,0,0,0,0,0,0,0,0,0,0,0,0,0,0,0,0,"Matched (3)"
"902029","4-ANPP",88890,"21409-26-7","Q88EHD0U8G","","GCMS",24mar2023,2422,1,0,,4,3,0,0,0,0,0,0,0,0,0,0,0,0,0,0,0,0,0,0,0,0,0,0,0,0,0,0,0,0,0,0,1,0,0,"Matched (3)"
"902029","phenethyl 4-ANPP",165365057,"","","trace","GCMS",24mar2023,2422,0,1,,4,3,0,0,0,0,0,0,0,0,0,0,0,0,0,0,0,0,0,0,0,0,0,0,0,0,0,0,0,0,0,0,1,0,0,"Matched (3)"
"902029","fentanyl",3345,"437-38-7","UF599785JZ","","GCMS",24mar2023,2422,1,0,,4,3,0,1,1,0,0,0,0,0,0,0,0,0,0,0,0,0,0,0,0,0,0,0,1,0,0,0,0,0,0,0,0,0,0,"Matched (3)"
"902030","methamphetamine",10836,"537-46-2","44RAL3456C","","GCMS",24mar2023,2423,1,0,,1,1,0,0,0,0,0,0,1,1,0,0,0,0,0,0,0,0,0,0,0,0,0,0,0,0,0,0,0,0,0,0,0,0,0,"Matched (3)"
"902031","tramadol",33741,"123154-38-1","39J1LGJ30J","","GCMS",23apr2023,2424,1,0,,4,4,0,0,0,0,0,0,0,0,0,0,0,0,0,0,1,0,0,0,0,0,0,0,1,0,0,0,0,0,0,0,0,0,0,"Matched (3)"
"902031","caffeine",2519,"58-08-2","3G6A5W338E","","GCMS",23apr2023,2424,1,0,,4,4,0,0,0,0,0,0,0,0,0,0,1,0,0,0,0,0,0,0,0,0,0,0,0,0,0,0,0,1,0,0,0,0,0,"Matched (3)"
"902031","fentanyl",3345,"437-38-7","UF599785JZ","","GCMS",23apr2023,2424,1,0,,4,4,0,1,1,0,0,0,0,0,0,0,0,0,0,0,0,0,0,0,0,0,0,0,1,0,0,0,0,0,0,0,0,0,0,"Matched (3)"
"902031","xylazine",5707,"7361-61-7","2KFG9TP5V8","","GCMS",23apr2023,2424,1,0,,4,4,0,0,0,1,1,0,0,0,0,0,0,0,0,0,0,0,0,0,0,0,0,0,0,0,0,0,0,0,0,0,0,0,0,"Matched (3)"
"902033","fentanyl",3345,"437-38-7","UF599785JZ","","GCMS",21jun2023,2425,1,0,,5,3,0,1,1,0,0,0,0,0,0,0,0,0,0,0,0,0,0,0,0,0,0,0,1,0,0,0,0,0,0,0,0,0,0,"Matched (3)"
"902033","ethyl-4-ANPP",156346345,"","","trace","GCMS",21jun2023,2425,0,1,,5,3,0,0,0,0,0,0,0,0,0,0,0,0,0,0,0,0,0,0,0,0,0,0,0,0,0,0,0,0,0,0,1,0,0,"Matched (3)"
"902033","acetaminophen",1983,"103-90-2","362O9ITL9D","","GCMS",21jun2023,2425,1,0,,5,3,0,0,0,0,0,0,0,0,0,0,0,0,0,0,0,0,0,0,0,0,0,0,0,0,0,0,0,0,0,0,0,0,0,"Matched (3)"
"902033","4-ANPP",88890,"21409-26-7","Q88EHD0U8G","trace","GCMS",21jun2023,2425,0,1,,5,3,0,0,0,0,0,0,0,0,0,0,0,0,0,0,0,0,0,0,0,0,0,0,0,0,0,0,0,0,0,0,1,0,0,"Matched (3)"
"902033","noramidopyrine",10618,"519-98-2","NER31DE951","","GCMS",21jun2023,2425,1,0,,5,3,0,0,0,0,0,0,0,0,0,0,0,0,0,0,0,0,0,0,0,0,0,0,0,0,0,0,0,0,0,0,0,0,0,"Matched (3)"
"902037","methamphetamine",10836,"537-46-2","44RAL3456C","","GCMS",19jun2023,2427,1,0,,2,2,0,0,0,0,0,0,1,1,0,0,0,0,0,0,0,0,0,0,0,0,0,0,0,0,0,0,0,0,0,0,0,0,0,"Matched (3)"
"902037","dimethyl sulfone (methylsulfonylmethane MSM)",6213,"67-71-0","9H4PO4Z4FT","","GCMS",19jun2023,2427,1,0,,2,2,0,0,0,0,0,0,0,0,0,0,0,0,0,0,0,0,0,0,0,0,0,0,0,0,0,0,0,0,0,0,0,0,0,"Matched (3)"
"902038","caffeine",2519,"58-08-2","3G6A5W338E","trace","GCMS",26apr2023,2428,0,1,,2,1,0,0,0,0,0,0,0,0,0,0,0,0,0,0,0,0,0,0,0,0,0,0,0,0,0,0,0,1,0,0,0,0,0,"Matched (3)"
"902038","alprazolam",2118,"28981-97-7","YU55MQ3IZY","","GCMS",26apr2023,2428,1,0,,2,1,0,0,0,0,0,0,0,0,0,0,0,0,0,0,0,0,0,0,0,0,1,0,0,0,0,0,0,0,0,0,0,0,0,"Matched (3)"
"902040","xylazine",5707,"7361-61-7","2KFG9TP5V8","","GCMS",04may2023,2429,1,0,,5,4,0,0,0,1,1,0,0,0,0,0,0,0,0,0,0,0,0,0,0,0,0,0,0,0,0,0,0,0,0,0,0,0,0,"Matched (3)"
"902040","pentobarbital",,"","","","GCMS",04may2023,2429,1,0,,5,4,0,0,0,0,0,0,0,0,0,0,0,0,0,0,0,0,0,0,0,0,0,0,0,0,0,0,0,0,0,0,0,0,0,"Matched (3)"
"902040","hydrocodone",5284569,"125-29-1","6YKS4Y3WQ7","trace","GCMS",04may2023,2429,0,1,,5,4,0,0,0,0,0,0,0,0,0,0,0,0,0,0,0,0,0,0,0,0,0,0,1,0,0,0,0,0,0,0,0,0,0,"Matched (3)"
"902040","fentanyl",3345,"437-38-7","UF599785JZ","","GCMS",04may2023,2429,1,0,,5,4,0,1,1,0,0,0,0,0,0,0,0,0,0,0,0,0,0,0,0,0,0,0,1,0,0,0,0,0,0,0,0,0,0,"Matched (3)"
"902040","acetaminophen",1983,"103-90-2","362O9ITL9D","","GCMS",04may2023,2429,1,0,,5,4,0,0,0,0,0,0,0,0,0,0,0,0,0,0,0,0,0,0,0,0,0,0,0,0,0,0,0,0,0,0,0,0,0,"Matched (3)"
"902041","4-ANPP",88890,"21409-26-7","Q88EHD0U8G","","GCMS",21jun2023,2430,1,0,,4,3,0,0,0,0,0,0,0,0,0,0,0,0,0,0,0,0,0,0,0,0,0,0,0,0,0,0,0,0,0,0,1,0,0,"Matched (3)"
"902041","ethyl-4-ANPP",156346345,"","","trace","GCMS",21jun2023,2430,0,1,,4,3,0,0,0,0,0,0,0,0,0,0,0,0,0,0,0,0,0,0,0,0,0,0,0,0,0,0,0,0,0,0,1,0,0,"Matched (3)"
"902041","fentanyl",3345,"437-38-7","UF599785JZ","","GCMS",21jun2023,2430,1,0,,4,3,0,1,1,0,0,0,0,0,0,0,0,0,0,0,0,0,0,0,0,0,0,0,1,0,0,0,0,0,0,0,0,0,0,"Matched (3)"
"902041","phenethyl 4-ANPP",165365057,"","","","GCMS",21jun2023,2430,1,0,,4,3,0,0,0,0,0,0,0,0,0,0,0,0,0,0,0,0,0,0,0,0,0,0,0,0,0,0,0,0,0,0,1,0,0,"Matched (3)"
"902042","caffeine",2519,"58-08-2","3G6A5W338E","","GCMS",04may2023,2431,1,0,,3,3,0,0,0,0,0,0,0,0,0,0,1,0,0,0,0,0,0,0,0,0,0,0,0,0,0,0,0,1,0,0,0,0,0,"Matched (3)"
"902042","cocaine",446220,"50-36-2","I5Y540LHVR","","GCMS",04may2023,2431,1,0,,3,3,0,0,0,0,0,0,0,0,1,1,0,0,0,0,0,0,0,0,0,0,0,0,0,0,0,0,0,0,0,0,0,0,0,"Matched (3)"
"902042","acetaminophen",1983,"103-90-2","362O9ITL9D","","GCMS",04may2023,2431,1,0,,3,3,0,0,0,0,0,0,0,0,0,0,0,0,0,0,0,0,0,0,0,0,0,0,0,0,0,0,0,0,0,0,0,0,0,"Matched (3)"
"902043","3,4-MDMA",1615,"42542-10-9","KE1SEN21RM","indication of","GCMS",26may2023,2432,0,1,,3,1,0,0,0,0,0,0,0,0,0,0,0,0,0,1,0,0,0,0,0,0,0,0,0,0,0,0,0,0,0,0,0,0,0,"Matched (3)"
"902043","lysergic acid amide (LSA)",,"","","trace","GCMS",26may2023,2432,0,1,,3,1,0,0,0,0,0,0,0,0,0,0,0,0,0,0,0,0,0,0,0,0,0,0,0,0,0,0,0,0,0,0,0,0,0,"Matched (3)"
"902043","acetaminophen",1983,"103-90-2","362O9ITL9D","","GCMS",26may2023,2432,1,0,,3,1,0,0,0,0,0,0,0,0,0,0,0,0,0,0,0,0,0,0,0,0,0,0,0,0,0,0,0,0,0,0,0,0,0,"Matched (3)"
"902044","adrafinil",,"","","","GCMS",11may2023,2433,1,0,,1,1,0,0,0,0,0,0,0,0,0,0,0,0,0,0,0,0,0,0,0,0,0,0,0,0,0,0,0,0,0,0,0,0,0,"Matched (3)"
"902045","fentanyl",3345,"437-38-7","UF599785JZ","","GCMS",05jul2023,2434,1,0,,1,1,0,1,1,0,0,0,0,0,0,0,0,0,0,0,0,0,0,0,0,0,0,0,1,0,0,0,0,0,0,0,0,0,0,"Matched (3)"
"902046","caffeine",2519,"58-08-2","3G6A5W338E","trace","GCMS",04may2023,2435,0,1,,5,1,0,0,0,0,0,0,0,0,0,0,0,0,0,0,0,0,0,0,0,0,0,0,0,0,0,0,0,1,0,0,0,0,0,"Matched (3)"
"902046","xylazine",5707,"7361-61-7","2KFG9TP5V8","","GCMS",04may2023,2435,1,0,,5,1,0,0,0,1,1,0,0,0,0,0,0,0,0,0,0,0,0,0,0,0,0,0,0,0,0,0,0,0,0,0,0,0,0,"Matched (3)"
"902046","4-ANPP",88890,"21409-26-7","Q88EHD0U8G","trace","GCMS",04may2023,2435,0,1,,5,1,0,0,0,0,0,0,0,0,0,0,0,0,0,0,0,0,0,0,0,0,0,0,0,0,0,0,0,0,0,0,1,0,0,"Matched (3)"
"902046","fentanyl",3345,"437-38-7","UF599785JZ","trace","GCMS",04may2023,2435,0,1,,5,1,0,0,1,0,0,0,0,0,0,0,0,0,0,0,0,0,0,0,0,0,0,0,1,0,0,0,0,0,0,0,0,0,0,"Matched (3)"
"902046","diphenhydramine",3100,"58-73-1","8GTS82S83M","trace","GCMS",04may2023,2435,0,1,,5,1,0,0,0,0,0,0,0,0,0,0,0,0,0,0,0,0,0,0,0,0,0,0,0,0,0,0,0,1,0,0,0,0,0,"Matched (3)"
"902048","xylazine",5707,"7361-61-7","2KFG9TP5V8","","GCMS",04may2023,2436,1,0,,2,2,0,0,0,1,1,0,0,0,0,0,0,0,0,0,0,0,0,0,0,0,0,0,0,0,0,0,0,0,0,0,0,0,0,"Matched (3)"
"902048","fentanyl",3345,"437-38-7","UF599785JZ","","GCMS",04may2023,2436,1,0,,2,2,0,1,1,0,0,0,0,0,0,0,0,0,0,0,0,0,0,0,0,0,0,0,1,0,0,0,0,0,0,0,0,0,0,"Matched (3)"
"902051","ethyl-4-ANPP",156346345,"","","trace","GCMS",23apr2023,2437,0,1,,6,3,0,0,0,0,0,0,0,0,0,0,0,0,0,0,0,0,0,0,0,0,0,0,0,0,0,0,0,0,0,0,1,0,0,"Matched (3)"
"902051","heroin",5462328,"561-27-3","70D95007SX","trace","GCMS",23apr2023,2437,0,1,,6,3,0,0,0,0,0,0,0,0,0,0,0,0,0,0,0,0,0,0,0,0,0,0,1,0,0,0,0,0,0,0,0,0,0,"Matched (3)"
"902051","4-ANPP",88890,"21409-26-7","Q88EHD0U8G","","GCMS",23apr2023,2437,1,0,,6,3,0,0,0,0,0,0,0,0,0,0,0,0,0,0,0,0,0,0,0,0,0,0,0,0,0,0,0,0,0,0,1,0,0,"Matched (3)"
"902051","quinine",3034034,"72402-53-0","A7V27PHC7A","","GCMS",23apr2023,2437,1,0,,6,3,0,0,0,0,0,0,0,0,0,0,0,0,0,0,0,0,0,0,0,0,0,0,0,0,0,0,0,1,0,0,0,0,0,"Matched (3)"
"902051","phenethyl 4-ANPP",165365057,"","","trace","GCMS",23apr2023,2437,0,1,,6,3,0,0,0,0,0,0,0,0,0,0,0,0,0,0,0,0,0,0,0,0,0,0,0,0,0,0,0,0,0,0,1,0,0,"Matched (3)"
"902051","fentanyl",3345,"437-38-7","UF599785JZ","","GCMS",23apr2023,2437,1,0,,6,3,0,1,1,0,0,0,0,0,0,0,0,0,0,0,0,0,0,0,0,0,0,0,1,0,0,0,0,0,0,0,0,0,0,"Matched (3)"
"902052","cocaine",446220,"50-36-2","I5Y540LHVR","","GCMS",16jun2023,2438,1,0,,1,1,0,0,0,0,0,0,0,0,1,1,0,0,0,0,0,0,0,0,0,0,0,0,0,0,0,0,0,0,0,0,0,0,0,"Matched (3)"
"902053","benzyl alcohol",,"","","","GCMS",04aug2023,2439,1,0,,1,1,0,0,0,0,0,0,0,0,0,0,0,0,0,0,0,0,0,0,0,0,0,0,0,0,0,0,0,0,0,0,0,0,0,"Matched (3)"
"902056","4-ANPP",88890,"21409-26-7","Q88EHD0U8G","","GCMS",21jun2023,2440,1,0,,2,2,0,0,0,0,0,0,0,0,0,0,0,0,0,0,0,0,0,0,0,0,0,0,0,0,0,0,0,0,0,0,1,0,0,"Matched (3)"
"902056","fentanyl",3345,"437-38-7","UF599785JZ","","GCMS",21jun2023,2440,1,0,,2,2,0,1,1,0,0,0,0,0,0,0,0,0,0,0,0,0,0,0,0,0,0,0,1,0,0,0,0,0,0,0,0,0,0,"Matched (3)"
"902057","cocaine",446220,"50-36-2","I5Y540LHVR","","GCMS",16jun2023,2441,1,0,,1,1,0,0,0,0,0,0,0,0,1,1,0,0,0,0,0,0,0,0,0,0,0,0,0,0,0,0,0,0,0,0,0,0,0,"Matched (3)"
"902058","phenethyl 4-ANPP",165365057,"","","trace","GCMS",21jun2023,2442,0,1,,3,1,0,0,0,0,0,0,0,0,0,0,0,0,0,0,0,0,0,0,0,0,0,0,0,0,0,0,0,0,0,0,1,0,0,"Matched (3)"
"902058","fentanyl",3345,"437-38-7","UF599785JZ","","GCMS",21jun2023,2442,1,0,,3,1,0,1,1,0,0,0,0,0,0,0,0,0,0,0,0,0,0,0,0,0,0,0,1,0,0,0,0,0,0,0,0,0,0,"Matched (3)"
"902058","4-ANPP",88890,"21409-26-7","Q88EHD0U8G","trace","GCMS",21jun2023,2442,0,1,,3,1,0,0,0,0,0,0,0,0,0,0,0,0,0,0,0,0,0,0,0,0,0,0,0,0,0,0,0,0,0,0,1,0,0,"Matched (3)"
"902059","tropacocaine",637578,"537-26-8","1I92X32F6H","trace","GCMS",23apr2023,2443,0,1,,5,1,0,0,0,0,0,0,0,0,0,0,0,0,0,0,0,0,0,0,0,0,0,0,0,0,0,0,1,0,0,0,0,0,0,"Matched (3)"
"902059","norcocaine",644007,"18717-72-1","3SL7BR2M1E","trace","GCMS",23apr2023,2443,0,1,,5,1,0,0,0,0,0,0,0,0,0,0,0,0,0,0,0,0,0,0,0,0,0,0,0,0,0,0,1,0,0,0,0,0,0,"Matched (3)"
"902059","cocaine",446220,"50-36-2","I5Y540LHVR","","GCMS",23apr2023,2443,1,0,,5,1,0,0,0,0,0,0,0,0,1,1,0,0,0,0,0,0,0,0,0,0,0,0,0,0,0,0,0,0,0,0,0,0,0,"Matched (3)"
"902059","methyl ecgonidine (MED)",119478,"43021-26-7","58C337KP3E","trace","GCMS",23apr2023,2443,0,1,,5,1,0,0,0,0,0,0,0,0,0,0,0,0,0,0,0,0,0,0,0,0,0,0,0,0,0,0,0,0,0,0,0,0,0,"Matched (3)"
"902059","benzoylecgonine (BZ)",448223,"519-09-5","5353I8I6YS","trace","GCMS",23apr2023,2443,0,1,,5,1,0,0,0,0,0,0,0,0,0,0,0,0,0,0,0,0,0,0,0,0,0,0,0,0,0,0,0,0,0,0,0,0,0,"Matched (3)"
"902064","bromazolam",12562546,"71368-80-4","YMC9OT97Z1","","GCMS",19jul2023,2444,1,0,,1,1,0,0,0,0,0,0,0,0,0,0,0,0,0,0,0,0,0,0,0,1,0,0,0,0,0,0,0,0,0,0,0,0,0,"Matched (3)"
"902067","fentanyl",3345,"437-38-7","UF599785JZ","","GCMS",21jul2023,2445,1,0,,3,3,0,1,1,0,0,0,0,0,0,0,0,0,0,0,0,0,0,0,0,0,0,0,1,0,0,0,0,0,0,0,0,0,0,"Matched (3)"
"902067","4-ANPP",88890,"21409-26-7","Q88EHD0U8G","","GCMS",21jul2023,2445,1,0,,3,3,0,0,0,0,0,0,0,0,0,0,0,0,0,0,0,0,0,0,0,0,0,0,0,0,0,0,0,0,0,0,1,0,0,"Matched (3)"
"902067","dimethyl sulfone (methylsulfonylmethane MSM)",6213,"67-71-0","9H4PO4Z4FT","","GCMS",21jul2023,2445,1,0,,3,3,0,0,0,0,0,0,0,0,0,0,0,0,0,0,0,0,0,0,0,0,0,0,0,0,0,0,0,0,0,0,0,0,0,"Matched (3)"
"902069","dimethyl sulfone (methylsulfonylmethane MSM)",6213,"67-71-0","9H4PO4Z4FT","","GCMS",21jul2023,2446,1,0,,4,3,0,0,0,0,0,0,0,0,0,0,0,0,0,0,0,0,0,0,0,0,0,0,0,0,0,0,0,0,0,0,0,0,0,"Matched (3)"
"902069","fentanyl",3345,"437-38-7","UF599785JZ","","GCMS",21jul2023,2446,1,0,,4,3,0,1,1,0,0,0,0,0,0,0,0,0,0,0,0,0,0,0,0,0,0,0,1,0,0,0,0,0,0,0,0,0,0,"Matched (3)"
"902069","4-ANPP",88890,"21409-26-7","Q88EHD0U8G","","GCMS",21jul2023,2446,1,0,,4,3,0,0,0,0,0,0,0,0,0,0,0,0,0,0,0,0,0,0,0,0,0,0,0,0,0,0,0,0,0,0,1,0,0,"Matched (3)"
"902069","phenethyl 4-ANPP",165365057,"","","trace","GCMS",21jul2023,2446,0,1,,4,3,0,0,0,0,0,0,0,0,0,0,0,0,0,0,0,0,0,0,0,0,0,0,0,0,0,0,0,0,0,0,1,0,0,"Matched (3)"
