sampleid,program_id,substance,pubchemcid,cas,abundance,method,date_complete,gcms_peak,primary,trace,confirmatory,lab_null,lab_num_substances_any,lab_num_substances,lab_fentanyl,lab_fentanyl_any,lab_xylazine,lab_xylazine_any,lab_xylazine_trace,lab_meth,lab_meth_any,lab_cocaine,lab_cocaine_any,lab_caffeine,lab_gabapentin,lab_levamisole_any,lab_mdma,lab_tramadol,lab_carfentanil,lab_carfentanil_any,lab_ketamine_any,lab_ketamine,lab_btmps_any,lab_btmps,lab_opioid,lab_opioid_any,lab_synthetic_cannabinoid,lab_synthetic_cannabinoid_any,lab_potent_benzodiazepine,lab_potent_benzodiazepine_any,lab_benzodiazepine,lab_benzodiazepine_any,lab_nitazene,lab_nitazene_any,lab_meth_impurities_any,lab_mdma_impurities_any,lab_cocaine_impurities_any,lab_common_cuts_any,lab_heroin_impurities_any,lab_cannabinoids_any,lab_fentanyl_impurities_any,lab_pf_fent_impurities_any,lab_substituted_cathinones_any
"300540",179,"cocaine",446220,"50-36-2","","GCMS","05mar2025",8.3500004,1,0,0,,1,1,0,0,0,0,0,0,0,1,1,0,0,0,0,0,0,0,0,0,0,0,0,0,0,0,0,0,0,0,0,0,0,0,0,0,0,0,0,0,0
"900101",179,"1,3-Diacetin",66924,"105-70-4","","GCMS","15apr2025",4.75,1,0,0,,6,4,0,0,0,0,0,0,0,0,0,0,0,0,0,0,0,0,0,0,0,0,0,0,0,0,0,0,0,0,0,0,0,0,0,0,0,0,1,0,0
"900101",179,"4-ANPP",88890,"21409-26-7","","GCMS","15apr2025",9.2600002,1,0,0,,6,4,0,0,0,0,0,0,0,0,0,0,0,0,0,0,0,0,0,0,0,0,1,1,0,0,0,0,0,0,0,0,0,0,0,0,0,0,1,0,0
"900101",179,"bis(2,2,6,6-tetramethyl-4-piperidyl) sebacate",164282,"52829-07-9","trace","GCMS","15apr2025",,0,1,0,,6,4,0,0,0,0,0,0,0,0,0,0,0,0,0,0,0,0,0,0,1,0,0,0,0,0,0,0,0,0,0,0,0,0,0,0,0,0,0,0,0
"900101",179,"fentanyl",3345,"437-38-7","","GCMS","15apr2025",10.45,1,0,0,,6,4,1,1,0,0,0,0,0,0,0,0,0,0,0,0,0,0,0,0,0,0,1,1,0,0,0,0,0,0,0,0,0,0,0,0,0,0,0,0,0
"900101",179,"lidocaine",3676,"137-58-6","trace","GCMS","15apr2025",,0,1,0,,6,4,0,0,0,0,0,0,0,0,0,0,0,0,0,0,0,0,0,0,0,0,0,0,0,0,0,0,0,0,0,0,0,0,0,1,0,0,0,0,0
"900101",179,"methamphetamine",10836,"537-46-2","","GCMS","15apr2025",4.3899999,1,0,0,,6,4,0,0,0,0,0,1,1,0,0,0,0,0,0,0,0,0,0,0,0,0,0,0,0,0,0,0,0,0,0,0,0,0,0,0,0,0,0,0,0
"900108",179,"methamphetamine",10836,"537-46-2","","GCMS","14apr2025",4.5100002,1,0,0,,1,1,0,0,0,0,0,1,1,0,0,0,0,0,0,0,0,0,0,0,0,0,0,0,0,0,0,0,0,0,0,0,0,0,0,0,0,0,0,0,0
"900109",179,"4-ANPP",88890,"21409-26-7","","GCMS","16jun2025",9.1599998,1,0,0,,3,3,0,0,0,0,0,0,0,0,0,0,0,0,0,0,0,0,0,0,0,0,1,1,0,0,0,0,0,0,0,0,0,0,0,0,0,0,1,0,0
"900109",179,"ethyl 4-ANPP",156346345,"","","GCMS","16jun2025",9.3100004,1,0,0,,3,3,0,0,0,0,0,0,0,0,0,0,0,0,0,0,0,0,0,0,0,0,0,0,0,0,0,0,0,0,0,0,0,0,0,0,0,0,0,0,0
"900109",179,"fentanyl",3345,"437-38-7","","GCMS","16jun2025",10.36,1,0,0,,3,3,1,1,0,0,0,0,0,0,0,0,0,0,0,0,0,0,0,0,0,0,1,1,0,0,0,0,0,0,0,0,0,0,0,0,0,0,0,0,0
"900121",179,"methamphetamine",10836,"537-46-2","","GCMS","14apr2025",4.52,1,0,0,,1,1,0,0,0,0,0,1,1,0,0,0,0,0,0,0,0,0,0,0,0,0,0,0,0,0,0,0,0,0,0,0,0,0,0,0,0,0,0,0,0
"900135",179,"acetaminophen",1983,"103-90-2","","GCMS","20may2025",6.4099998,1,0,0,,10,5,0,0,0,0,0,0,0,0,0,0,0,0,0,0,0,0,0,0,0,0,0,0,0,0,0,0,0,0,0,0,0,0,0,0,0,0,0,0,0
"900135",179,"bis(2,2,6,6-tetramethyl-4-piperidyl) sebacate",164282,"52829-07-9","trace","GCMS","20may2025",,0,1,0,,10,5,0,0,0,0,0,0,0,0,0,0,0,0,0,0,0,0,0,0,1,0,0,0,0,0,0,0,0,0,0,0,0,0,0,0,0,0,0,0,0
"900135",179,"cocaine",446220,"50-36-2","trace","GCMS","20may2025",,0,1,0,,10,5,0,0,0,0,0,0,0,0,1,0,0,0,0,0,0,0,0,0,0,0,0,0,0,0,0,0,0,0,0,0,0,0,0,0,0,0,0,0,0
"900135",179,"dimethyl sulfone (methylsulfonylmethane MSM)",6213,"67-71-0","","GCMS","20may2025",2.4200001,1,0,0,,10,5,0,0,0,0,0,0,0,0,0,0,0,0,0,0,0,0,0,0,0,0,0,0,0,0,0,0,0,0,0,0,0,0,0,0,0,0,0,0,0
"900135",179,"fentanyl",3345,"437-38-7","","GCMS","20may2025",10.43,1,0,0,,10,5,1,1,0,0,0,0,0,0,0,0,0,0,0,0,0,0,0,0,0,0,1,1,0,0,0,0,0,0,0,0,0,0,0,0,0,0,0,0,0
"900135",179,"lidocaine",3676,"137-58-6","","GCMS","20may2025",7.1799998,1,0,0,,10,5,0,0,0,0,0,0,0,0,0,0,0,0,0,0,0,0,0,0,0,0,0,0,0,0,0,0,0,0,0,0,0,0,0,1,0,0,0,0,0
"900135",179,"medetomidine",68602,"86347-14-0","trace","GCMS","20may2025",,0,1,0,,10,5,0,0,0,0,0,0,0,0,0,0,0,0,0,0,0,0,0,0,0,0,0,0,0,0,0,0,0,0,0,0,0,0,0,0,0,0,0,0,0
"900135",179,"methamphetamine",10836,"537-46-2","","GCMS","20may2025",4.4400001,1,0,0,,10,5,0,0,0,0,0,1,1,0,0,0,0,0,0,0,0,0,0,0,0,0,0,0,0,0,0,0,0,0,0,0,0,0,0,0,0,0,0,0,0
"900135",179,"phenethyl 4-ANPP",165365057,"2712312-12-2","trace","GCMS","20may2025",,0,1,0,,10,5,0,0,0,0,0,0,0,0,0,0,0,0,0,0,0,0,0,0,0,0,0,1,0,0,0,0,0,0,0,0,0,0,0,0,0,0,1,0,0
"900135",179,"xylazine",5707,"7361-61-7","trace","GCMS","20may2025",,0,1,0,,10,5,0,0,0,1,1,0,0,0,0,0,0,0,0,0,0,0,0,0,0,0,0,1,0,0,0,0,0,0,0,0,0,0,0,0,0,0,0,0,0
"900138",179,"methamphetamine",10836,"537-46-2","","GCMS","14apr2025",4.5100002,1,0,0,,1,1,0,0,0,0,0,1,1,0,0,0,0,0,0,0,0,0,0,0,0,0,0,0,0,0,0,0,0,0,0,0,0,0,0,0,0,0,0,0,0
"900143",179,"4-ANPP",88890,"21409-26-7","","GCMS","20may2025",9.2399998,1,0,0,,3,3,0,0,0,0,0,0,0,0,0,0,0,0,0,0,0,0,0,0,0,0,1,1,0,0,0,0,0,0,0,0,0,0,0,0,0,0,1,0,0
"900143",179,"erythritol",222285,"149-32-6","","GCMS","20may2025",4.4699998,1,0,0,,3,3,0,0,0,0,0,0,0,0,0,0,0,0,0,0,0,0,0,0,0,0,0,0,0,0,0,0,0,0,0,0,0,0,0,0,0,0,0,0,0
"900143",179,"fentanyl",3345,"437-38-7","","GCMS","20may2025",10.43,1,0,0,,3,3,1,1,0,0,0,0,0,0,0,0,0,0,0,0,0,0,0,0,0,0,1,1,0,0,0,0,0,0,0,0,0,0,0,0,0,0,0,0,0
"900146",179,"methamphetamine",10836,"537-46-2","","GCMS","14apr2025",4.3099999,1,0,0,,1,1,0,0,0,0,0,1,1,0,0,0,0,0,0,0,0,0,0,0,0,0,0,0,0,0,0,0,0,0,0,0,0,0,0,0,0,0,0,0,0
"900150",179,"4-ANPP",88890,"21409-26-7","","GCMS","07mar2025",9.2700005,1,0,0,,4,3,0,0,0,0,0,0,0,0,0,0,0,0,0,0,0,0,0,0,0,0,1,1,0,0,0,0,0,0,0,0,0,0,0,0,0,0,1,0,0
"900150",179,"N-phenylpropanamide",12107,"620-71-3","","GCMS","07mar2025",5.02,1,0,0,,4,3,0,0,0,0,0,0,0,0,0,0,0,0,0,0,0,0,0,0,0,0,0,0,0,0,0,0,0,0,0,0,0,0,0,0,0,0,1,0,0
"900150",179,"ethyl 4-ANPP",156346345,"","trace","GCMS","07mar2025",,0,1,0,,4,3,0,0,0,0,0,0,0,0,0,0,0,0,0,0,0,0,0,0,0,0,0,0,0,0,0,0,0,0,0,0,0,0,0,0,0,0,0,0,0
"900150",179,"fentanyl",3345,"437-38-7","","GCMS","07mar2025",10.48,1,0,0,,4,3,1,1,0,0,0,0,0,0,0,0,0,0,0,0,0,0,0,0,0,0,1,1,0,0,0,0,0,0,0,0,0,0,0,0,0,0,0,0,0
"900151",179,"methamphetamine",10836,"537-46-2","","GCMS","14apr2025",4.5,1,0,0,,1,1,0,0,0,0,0,1,1,0,0,0,0,0,0,0,0,0,0,0,0,0,0,0,0,0,0,0,0,0,0,0,0,0,0,0,0,0,0,0,0
"900154",179,"4-ANPP",88890,"21409-26-7","","GCMS","20may2025",9.2399998,1,0,0,,3,3,0,0,0,0,0,0,0,0,0,0,0,0,0,0,0,0,0,0,0,0,1,1,0,0,0,0,0,0,0,0,0,0,0,0,0,0,1,0,0
"900154",179,"erythritol",222285,"149-32-6","","GCMS","20may2025",4.3600001,1,0,0,,3,3,0,0,0,0,0,0,0,0,0,0,0,0,0,0,0,0,0,0,0,0,0,0,0,0,0,0,0,0,0,0,0,0,0,0,0,0,0,0,0
"900154",179,"fentanyl",3345,"437-38-7","","GCMS","20may2025",10.43,1,0,0,,3,3,1,1,0,0,0,0,0,0,0,0,0,0,0,0,0,0,0,0,0,0,1,1,0,0,0,0,0,0,0,0,0,0,0,0,0,0,0,0,0
"900165",179,"methamphetamine",10836,"537-46-2","","GCMS","14apr2025",4.5100002,1,0,0,,1,1,0,0,0,0,0,1,1,0,0,0,0,0,0,0,0,0,0,0,0,0,0,0,0,0,0,0,0,0,0,0,0,0,0,0,0,0,0,0,0
"900173",179,"1-phenethyl-4-propionyloxypiperidine",91725431,"1462260-87-2","","GCMS","17jun2025",7.4400001,1,0,0,,5,5,0,0,0,0,0,0,0,0,0,0,0,0,0,0,0,0,0,0,0,0,0,0,0,0,0,0,0,0,0,0,0,0,0,0,0,0,1,0,0
"900173",179,"4-ANPP",88890,"21409-26-7","","GCMS","17jun2025",9.1700001,1,0,0,,5,5,0,0,0,0,0,0,0,0,0,0,0,0,0,0,0,0,0,0,0,0,1,1,0,0,0,0,0,0,0,0,0,0,0,0,0,0,1,0,0
"900173",179,"fentanyl",3345,"437-38-7","","GCMS","17jun2025",10.32,1,0,0,,5,5,1,1,0,0,0,0,0,0,0,0,0,0,0,0,0,0,0,0,0,0,1,1,0,0,0,0,0,0,0,0,0,0,0,0,0,0,0,0,0
"900173",179,"lidocaine",3676,"137-58-6","","GCMS","17jun2025",7.1100001,1,0,0,,5,5,0,0,0,0,0,0,0,0,0,0,0,0,0,0,0,0,0,0,0,0,0,0,0,0,0,0,0,0,0,0,0,0,0,1,0,0,0,0,0
"900173",179,"methamphetamine",10836,"537-46-2","","GCMS","17jun2025",4.0799999,1,0,0,,5,5,0,0,0,0,0,1,1,0,0,0,0,0,0,0,0,0,0,0,0,0,0,0,0,0,0,0,0,0,0,0,0,0,0,0,0,0,0,0,0
"900174",179,"methamphetamine",10836,"537-46-2","","GCMS","20may2025",4.3299999,1,0,0,,1,1,0,0,0,0,0,1,1,0,0,0,0,0,0,0,0,0,0,0,0,0,0,0,0,0,0,0,0,0,0,0,0,0,0,0,0,0,0,0,0
"900177",179,"1-phenethyl-4-propionyloxypiperidine",91725431,"1462260-87-2","trace","GCMS","17jun2025",,0,1,0,,7,5,0,0,0,0,0,0,0,0,0,0,0,0,0,0,0,0,0,0,0,0,0,0,0,0,0,0,0,0,0,0,0,0,0,0,0,0,1,0,0
"900177",179,"4-ANPP",88890,"21409-26-7","","GCMS","17jun2025",9.1599998,1,0,0,,7,5,0,0,0,0,0,0,0,0,0,0,0,0,0,0,0,0,0,0,0,0,1,1,0,0,0,0,0,0,0,0,0,0,0,0,0,0,1,0,0
"900177",179,"dimethyl sulfone (methylsulfonylmethane MSM)",6213,"67-71-0","","GCMS","17jun2025",2.3,1,0,0,,7,5,0,0,0,0,0,0,0,0,0,0,0,0,0,0,0,0,0,0,0,0,0,0,0,0,0,0,0,0,0,0,0,0,0,0,0,0,0,0,0
"900177",179,"erythritol",222285,"149-32-6","","GCMS","17jun2025",4.3200002,1,0,0,,7,5,0,0,0,0,0,0,0,0,0,0,0,0,0,0,0,0,0,0,0,0,0,0,0,0,0,0,0,0,0,0,0,0,0,0,0,0,0,0,0
"900177",179,"fentanyl",3345,"437-38-7","","GCMS","17jun2025",10.32,1,0,0,,7,5,1,1,0,0,0,0,0,0,0,0,0,0,0,0,0,0,0,0,0,0,1,1,0,0,0,0,0,0,0,0,0,0,0,0,0,0,0,0,0
"900177",179,"lidocaine",3676,"137-58-6","","GCMS","17jun2025",7.1100001,1,0,0,,7,5,0,0,0,0,0,0,0,0,0,0,0,0,0,0,0,0,0,0,0,0,0,0,0,0,0,0,0,0,0,0,0,0,0,1,0,0,0,0,0
"900177",179,"phenethyl 4-ANPP",165365057,"2712312-12-2","trace","GCMS","17jun2025",,0,1,0,,7,5,0,0,0,0,0,0,0,0,0,0,0,0,0,0,0,0,0,0,0,0,0,1,0,0,0,0,0,0,0,0,0,0,0,0,0,0,1,0,0
"900179",179,"cocaine",446220,"50-36-2","","GCMS","05mar2025",8.3500004,1,0,0,,4,1,0,0,0,0,0,0,0,1,1,0,0,0,0,0,0,0,0,0,0,0,0,0,0,0,0,0,0,0,0,0,0,0,0,0,0,0,0,0,0
"900179",179,"ecgonine methylester (EME)",104904,"9/1/43","trace","GCMS","05mar2025",,0,1,0,,4,1,0,0,0,0,0,0,0,0,0,0,0,0,0,0,0,0,0,0,0,0,0,0,0,0,0,0,0,0,0,0,0,0,1,0,0,0,0,0,0
"900179",179,"ketamine",3821,"6740-88-1","trace","GCMS","05mar2025",,0,1,0,,4,1,0,0,0,0,0,0,0,0,0,0,0,0,0,0,0,0,1,0,0,0,0,0,0,0,0,0,0,0,0,0,0,0,0,0,0,0,0,0,0
"900179",179,"methyl ecgonidine (MED)",119478,"43021-26-7","trace","GCMS","05mar2025",,0,1,0,,4,1,0,0,0,0,0,0,0,0,0,0,0,0,0,0,0,0,0,0,0,0,0,0,0,0,0,0,0,0,0,0,0,0,1,0,0,0,0,0,0
"900185",179,"4-ANPP",88890,"21409-26-7","","GCMS","14apr2025",9.2600002,1,0,0,,2,2,0,0,0,0,0,0,0,0,0,0,0,0,0,0,0,0,0,0,0,0,1,1,0,0,0,0,0,0,0,0,0,0,0,0,0,0,1,0,0
"900185",179,"fentanyl",3345,"437-38-7","","GCMS","14apr2025",10.46,1,0,0,,2,2,1,1,0,0,0,0,0,0,0,0,0,0,0,0,0,0,0,0,0,0,1,1,0,0,0,0,0,0,0,0,0,0,0,0,0,0,0,0,0
"900188",179,"4-ANPP",88890,"21409-26-7","","GCMS","16jun2025",9.1599998,1,0,0,,6,4,0,0,0,0,0,0,0,0,0,0,0,0,0,0,0,0,0,0,0,0,1,1,0,0,0,0,0,0,0,0,0,0,0,0,0,0,1,0,0
"900188",179,"N-phenethyl-N-phenylpropionamide",54037118,"","","GCMS","16jun2025",7.6599998,1,0,0,,6,4,0,0,0,0,0,0,0,0,0,0,0,0,0,0,0,0,0,0,0,0,0,0,0,0,0,0,0,0,0,0,0,0,0,0,0,0,0,0,0
"900188",179,"erythritol",222285,"149-32-6","trace","GCMS","16jun2025",,0,1,0,,6,4,0,0,0,0,0,0,0,0,0,0,0,0,0,0,0,0,0,0,0,0,0,0,0,0,0,0,0,0,0,0,0,0,0,0,0,0,0,0,0
"900188",179,"fentanyl",3345,"437-38-7","","GCMS","16jun2025",10.33,1,0,0,,6,4,1,1,0,0,0,0,0,0,0,0,0,0,0,0,0,0,0,0,0,0,1,1,0,0,0,0,0,0,0,0,0,0,0,0,0,0,0,0,0
"900188",179,"lidocaine",3676,"137-58-6","trace","GCMS","16jun2025",,0,1,0,,6,4,0,0,0,0,0,0,0,0,0,0,0,0,0,0,0,0,0,0,0,0,0,0,0,0,0,0,0,0,0,0,0,0,0,1,0,0,0,0,0
"900188",179,"phenethyl 4-ANPP",165365057,"2712312-12-2","","GCMS","16jun2025",13.79,1,0,0,,6,4,0,0,0,0,0,0,0,0,0,0,0,0,0,0,0,0,0,0,0,0,1,1,0,0,0,0,0,0,0,0,0,0,0,0,0,0,1,0,0
"900192",179,"2,2,6,6-tetramethyl-4-piperidinol",75471,"","trace","","23jun2025",,0,1,0,,8,2,0,0,0,0,0,0,0,0,0,0,0,0,0,0,0,0,0,0,0,0,0,0,0,0,0,0,0,0,0,0,0,0,0,0,0,0,0,0,0
"900192",179,"N-phenethyl-N-phenylpropionamide",54037118,"","trace","","23jun2025",,0,1,0,,8,2,0,0,0,0,0,0,0,0,0,0,0,0,0,0,0,0,0,0,0,0,0,0,0,0,0,0,0,0,0,0,0,0,0,0,0,0,0,0,0
"900192",179,"acetaminophen",1983,"103-90-2","","","23jun2025",6.3299999,1,0,0,,8,2,0,0,0,0,0,0,0,0,0,0,0,0,0,0,0,0,0,0,0,0,0,0,0,0,0,0,0,0,0,0,0,0,0,0,0,0,0,0,0
"900192",179,"caffeine",2519,"58-08-2","trace","","23jun2025",,0,1,0,,8,2,0,0,0,0,0,0,0,0,0,0,0,0,0,0,0,0,0,0,0,0,0,0,0,0,0,0,0,0,0,0,0,0,0,1,0,0,0,0,0
"900192",179,"fentanyl",3345,"437-38-7","trace","","23jun2025",,0,1,0,,8,2,0,1,0,0,0,0,0,0,0,0,0,0,0,0,0,0,0,0,0,0,0,1,0,0,0,0,0,0,0,0,0,0,0,0,0,0,0,0,0
"900192",179,"lidocaine",3676,"137-58-6","trace","","23jun2025",,0,1,0,,8,2,0,0,0,0,0,0,0,0,0,0,0,0,0,0,0,0,0,0,0,0,0,0,0,0,0,0,0,0,0,0,0,0,0,1,0,0,0,0,0
"900192",179,"methamphetamine",10836,"537-46-2","trace","","23jun2025",,0,1,0,,8,2,0,0,0,0,0,0,1,0,0,0,0,0,0,0,0,0,0,0,0,0,0,0,0,0,0,0,0,0,0,0,0,0,0,0,0,0,0,0,0
"900192",179,"xylazine",5707,"7361-61-7","","","23jun2025",7.52,1,0,0,,8,2,0,0,1,1,0,0,0,0,0,0,0,0,0,0,0,0,0,0,0,0,1,1,0,0,0,0,0,0,0,0,0,0,0,0,0,0,0,0,0
"900198",179,"4-ANPP",88890,"21409-26-7","trace","GCMS","20may2025",,0,1,0,,6,5,0,0,0,0,0,0,0,0,0,0,0,0,0,0,0,0,0,0,0,0,0,1,0,0,0,0,0,0,0,0,0,0,0,0,0,0,1,0,0
"900198",179,"dimethyl sulfone (methylsulfonylmethane MSM)",6213,"67-71-0","","GCMS","20may2025",2.4100001,1,0,0,,6,5,0,0,0,0,0,0,0,0,0,0,0,0,0,0,0,0,0,0,0,0,0,0,0,0,0,0,0,0,0,0,0,0,0,0,0,0,0,0,0
"900198",179,"fentanyl",3345,"437-38-7","","GCMS","20may2025",10.44,1,0,0,,6,5,1,1,0,0,0,0,0,0,0,0,0,0,0,0,0,0,0,0,0,0,1,1,0,0,0,0,0,0,0,0,0,0,0,0,0,0,0,0,0
"900198",179,"lidocaine",3676,"137-58-6","","GCMS","20may2025",7.1799998,1,0,0,,6,5,0,0,0,0,0,0,0,0,0,0,0,0,0,0,0,0,0,0,0,0,0,0,0,0,0,0,0,0,0,0,0,0,0,1,0,0,0,0,0
"900198",179,"methamphetamine",10836,"537-46-2","","GCMS","20may2025",4.3800001,1,0,0,,6,5,0,0,0,0,0,1,1,0,0,0,0,0,0,0,0,0,0,0,0,0,0,0,0,0,0,0,0,0,0,0,0,0,0,0,0,0,0,0,0
"900198",179,"tetracaine",5411,"94-24-6","","GCMS","20may2025",8.3900003,1,0,0,,6,5,0,0,0,0,0,0,0,0,0,0,0,0,0,0,0,0,0,0,0,0,0,0,0,0,0,0,0,0,0,0,0,0,0,0,0,0,0,0,0
"900200",179,"fentanyl",3345,"437-38-7","","GCMS","14apr2025",10.45,1,0,0,,1,1,1,1,0,0,0,0,0,0,0,0,0,0,0,0,0,0,0,0,0,0,1,1,0,0,0,0,0,0,0,0,0,0,0,0,0,0,0,0,0
"900217",179,"dimethyl sulfone (methylsulfonylmethane MSM)",6213,"67-71-0","","GCMS","16jun2025",2.3,1,0,0,,2,2,0,0,0,0,0,0,0,0,0,0,0,0,0,0,0,0,0,0,0,0,0,0,0,0,0,0,0,0,0,0,0,0,0,0,0,0,0,0,0
"900217",179,"methamphetamine",10836,"537-46-2","","GCMS","16jun2025",4.52,1,0,0,,2,2,0,0,0,0,0,1,1,0,0,0,0,0,0,0,0,0,0,0,0,0,0,0,0,0,0,0,0,0,0,0,0,0,0,0,0,0,0,0,0
"900221",179,"MDA",1614,"","","GCMS","14apr2025",5.6199999,1,0,0,,1,1,0,0,0,0,0,0,0,0,0,0,0,0,0,0,0,0,0,0,0,0,0,0,0,0,0,0,0,0,0,0,0,0,0,0,0,0,0,0,0
"900223",179,"N,N-dimethyltryptamine (DMT)",6089,"61-50-7","","GCMS","05mar2025",6.8800001,1,0,0,,1,1,0,0,0,0,0,0,0,0,0,0,0,0,0,0,0,0,0,0,0,0,0,0,0,0,0,0,0,0,0,0,0,0,0,0,0,0,0,0,0
"900227",179,"4-ANPP",88890,"21409-26-7","","GCMS","20may2025",9.2399998,1,0,0,,3,3,0,0,0,0,0,0,0,0,0,0,0,0,0,0,0,0,0,0,0,0,1,1,0,0,0,0,0,0,0,0,0,0,0,0,0,0,1,0,0
"900227",179,"erythritol",222285,"149-32-6","","GCMS","20may2025",4.4699998,1,0,0,,3,3,0,0,0,0,0,0,0,0,0,0,0,0,0,0,0,0,0,0,0,0,0,0,0,0,0,0,0,0,0,0,0,0,0,0,0,0,0,0,0
"900227",179,"fentanyl",3345,"437-38-7","","GCMS","20may2025",10.43,1,0,0,,3,3,1,1,0,0,0,0,0,0,0,0,0,0,0,0,0,0,0,0,0,0,1,1,0,0,0,0,0,0,0,0,0,0,0,0,0,0,0,0,0
"900231",179,"MDA",1614,"","","GCMS","05mar2025",5.6100001,1,0,0,,1,1,0,0,0,0,0,0,0,0,0,0,0,0,0,0,0,0,0,0,0,0,0,0,0,0,0,0,0,0,0,0,0,0,0,0,0,0,0,0,0
"900235",179,"4-ANPP",88890,"21409-26-7","","GCMS","07mar2025",,1,0,0,,3,2,0,0,0,0,0,0,0,0,0,0,0,0,0,0,0,0,0,0,0,0,1,1,0,0,0,0,0,0,0,0,0,0,0,0,0,0,1,0,0
"900235",179,"fentanyl",3345,"437-38-7","","GCMS","07mar2025",,1,0,0,,3,2,1,1,0,0,0,0,0,0,0,0,0,0,0,0,0,0,0,0,0,0,1,1,0,0,0,0,0,0,0,0,0,0,0,0,0,0,0,0,0
"900235",179,"xylazine",5707,"7361-61-7","trace","GCMS","07mar2025",,0,1,0,,3,2,0,0,0,1,1,0,0,0,0,0,0,0,0,0,0,0,0,0,0,0,0,1,0,0,0,0,0,0,0,0,0,0,0,0,0,0,0,0,0
"900236",179,"cannabinol",2543,"521-35-7","","","23jun2025",9.4300003,1,0,0,,4,2,0,0,0,0,0,0,0,0,0,0,0,0,0,0,0,0,0,0,0,0,0,0,0,0,0,0,0,0,0,0,0,0,0,0,0,1,0,0,0
"900236",179,"delta-9-THC",16078,"8/3/72","","","23jun2025",9.1800003,1,0,0,,4,2,0,0,0,0,0,0,0,0,0,0,0,0,0,0,0,0,0,0,0,0,0,0,0,0,0,0,0,0,0,0,0,0,0,0,0,1,0,0,0
"900236",179,"fentanyl",3345,"437-38-7","trace","","23jun2025",,0,1,0,,4,2,0,1,0,0,0,0,0,0,0,0,0,0,0,0,0,0,0,0,0,0,0,1,0,0,0,0,0,0,0,0,0,0,0,0,0,0,0,0,0
"900236",179,"methamphetamine",10836,"537-46-2","trace","","23jun2025",,0,1,0,,4,2,0,0,0,0,0,0,1,0,0,0,0,0,0,0,0,0,0,0,0,0,0,0,0,0,0,0,0,0,0,0,0,0,0,0,0,0,0,0,0
"900245",179,"N,N-dimethyltryptamine (DMT)",6089,"61-50-7","trace","GCMS","05mar2025",,0,1,0,,3,2,0,0,0,0,0,0,0,0,0,0,0,0,0,0,0,0,0,0,0,0,0,0,0,0,0,0,0,0,0,0,0,0,0,0,0,0,0,0,0
"900245",179,"dimethyl sulfone (methylsulfonylmethane MSM)",6213,"67-71-0","","GCMS","05mar2025",2.3800001,1,0,0,,3,2,0,0,0,0,0,0,0,0,0,0,0,0,0,0,0,0,0,0,0,0,0,0,0,0,0,0,0,0,0,0,0,0,0,0,0,0,0,0,0
"900245",179,"ketamine",3821,"6740-88-1","","GCMS","05mar2025",7.21,1,0,0,,3,2,0,0,0,0,0,0,0,0,0,0,0,0,0,0,0,0,1,1,0,0,0,0,0,0,0,0,0,0,0,0,0,0,0,0,0,0,0,0,0
"900246",179,"4-ANPP",88890,"21409-26-7","","GCMS","20may2025",9.2399998,1,0,0,,3,3,0,0,0,0,0,0,0,0,0,0,0,0,0,0,0,0,0,0,0,0,1,1,0,0,0,0,0,0,0,0,0,0,0,0,0,0,1,0,0
"900246",179,"erythritol",222285,"149-32-6","","GCMS","20may2025",4.52,1,0,0,,3,3,0,0,0,0,0,0,0,0,0,0,0,0,0,0,0,0,0,0,0,0,0,0,0,0,0,0,0,0,0,0,0,0,0,0,0,0,0,0,0
"900246",179,"fentanyl",3345,"437-38-7","","GCMS","20may2025",10.42,1,0,0,,3,3,1,1,0,0,0,0,0,0,0,0,0,0,0,0,0,0,0,0,0,0,1,1,0,0,0,0,0,0,0,0,0,0,0,0,0,0,0,0,0
"900256",179,"methamphetamine",10836,"537-46-2","","GCMS","15jun2025",5,1,0,0,,1,1,0,0,0,0,0,1,1,0,0,0,0,0,0,0,0,0,0,0,0,0,0,0,0,0,0,0,0,0,0,0,0,0,0,0,0,0,0,0,0
"900263",179,"1,3-Diacetin",66924,"105-70-4","trace","GCMS","20may2025",,0,1,0,,5,2,0,0,0,0,0,0,0,0,0,0,0,0,0,0,0,0,0,0,0,0,0,0,0,0,0,0,0,0,0,0,0,0,0,0,0,0,1,0,0
"900263",179,"1-phenethyl-4-propionyloxypiperidine",91725431,"1462260-87-2","","GCMS","20may2025",7.5,1,0,0,,5,2,0,0,0,0,0,0,0,0,0,0,0,0,0,0,0,0,0,0,0,0,0,0,0,0,0,0,0,0,0,0,0,0,0,0,0,0,1,0,0
"900263",179,"N-phenylpropanamide",12107,"620-71-3","trace","GCMS","20may2025",,0,1,0,,5,2,0,0,0,0,0,0,0,0,0,0,0,0,0,0,0,0,0,0,0,0,0,0,0,0,0,0,0,0,0,0,0,0,0,0,0,0,1,0,0
"900263",179,"NPP",7096,"","trace","GCMS","20may2025",,0,1,0,,5,2,0,0,0,0,0,0,0,0,0,0,0,0,0,0,0,0,0,0,0,0,0,0,0,0,0,0,0,0,0,0,0,0,0,0,0,0,0,0,0
"900263",179,"fentanyl",3345,"437-38-7","","GCMS","20may2025",10.47,1,0,0,,5,2,1,1,0,0,0,0,0,0,0,0,0,0,0,0,0,0,0,0,0,0,1,1,0,0,0,0,0,0,0,0,0,0,0,0,0,0,0,0,0
"900264",179,"4-ANPP",88890,"21409-26-7","","GCMS","14apr2025",9.2600002,1,0,0,,2,2,0,0,0,0,0,0,0,0,0,0,0,0,0,0,0,0,0,0,0,0,1,1,0,0,0,0,0,0,0,0,0,0,0,0,0,0,1,0,0
"900264",179,"fentanyl",3345,"437-38-7","","GCMS","14apr2025",10.47,1,0,0,,2,2,1,1,0,0,0,0,0,0,0,0,0,0,0,0,0,0,0,0,0,0,1,1,0,0,0,0,0,0,0,0,0,0,0,0,0,0,0,0,0
"900271",179,"4-ANPP",88890,"21409-26-7","","GCMS","14apr2025",9.2600002,1,0,0,,3,2,0,0,0,0,0,0,0,0,0,0,0,0,0,0,0,0,0,0,0,0,1,1,0,0,0,0,0,0,0,0,0,0,0,0,0,0,1,0,0
"900271",179,"erythritol",222285,"149-32-6","trace","GCMS","14apr2025",,0,1,0,,3,2,0,0,0,0,0,0,0,0,0,0,0,0,0,0,0,0,0,0,0,0,0,0,0,0,0,0,0,0,0,0,0,0,0,0,0,0,0,0,0
"900271",179,"fentanyl",3345,"437-38-7","","GCMS","14apr2025",10.46,1,0,0,,3,2,1,1,0,0,0,0,0,0,0,0,0,0,0,0,0,0,0,0,0,0,1,1,0,0,0,0,0,0,0,0,0,0,0,0,0,0,0,0,0
"900279",179,"4-ANPP",88890,"21409-26-7","","GCMS","14apr2025",9.2600002,1,0,0,,2,2,0,0,0,0,0,0,0,0,0,0,0,0,0,0,0,0,0,0,0,0,1,1,0,0,0,0,0,0,0,0,0,0,0,0,0,0,1,0,0
"900279",179,"fentanyl",3345,"437-38-7","","GCMS","14apr2025",10.46,1,0,0,,2,2,1,1,0,0,0,0,0,0,0,0,0,0,0,0,0,0,0,0,0,0,1,1,0,0,0,0,0,0,0,0,0,0,0,0,0,0,0,0,0
"900286",179,"1-phenethyl-4-propionyloxypiperidine",91725431,"1462260-87-2","","GCMS","15apr2025",7.5100002,1,0,0,,10,5,0,0,0,0,0,0,0,0,0,0,0,0,0,0,0,0,0,0,0,0,0,0,0,0,0,0,0,0,0,0,0,0,0,0,0,0,1,0,0
"900286",179,"4-ANPP",88890,"21409-26-7","","GCMS","15apr2025",9.2600002,1,0,0,,10,5,0,0,0,0,0,0,0,0,0,0,0,0,0,0,0,0,0,0,0,0,1,1,0,0,0,0,0,0,0,0,0,0,0,0,0,0,1,0,0
"900286",179,"NPP",7096,"","trace","GCMS","15apr2025",,0,1,0,,10,5,0,0,0,0,0,0,0,0,0,0,0,0,0,0,0,0,0,0,0,0,0,0,0,0,0,0,0,0,0,0,0,0,0,0,0,0,0,0,0
"900286",179,"bis(2,2,6,6-tetramethyl-4-piperidyl) sebacate",164282,"52829-07-9","","GCMS","15apr2025",12.54,1,0,0,,10,5,0,0,0,0,0,0,0,0,0,0,0,0,0,0,0,0,0,0,1,1,0,0,0,0,0,0,0,0,0,0,0,0,0,0,0,0,0,0,0
"900286",179,"clonazepam",2802,"1622-61-3","trace","GCMS","15apr2025",,0,1,0,,10,5,0,0,0,0,0,0,0,0,0,0,0,0,0,0,0,0,0,0,0,0,0,0,0,0,0,0,0,1,0,0,0,0,0,0,0,0,0,0,0
"900286",179,"fentanyl",3345,"437-38-7","","GCMS","15apr2025",10.45,1,0,0,,10,5,1,1,0,0,0,0,0,0,0,0,0,0,0,0,0,0,0,0,0,0,1,1,0,0,0,0,0,0,0,0,0,0,0,0,0,0,0,0,0
"900286",179,"lidocaine",3676,"137-58-6","trace","GCMS","15apr2025",,0,1,0,,10,5,0,0,0,0,0,0,0,0,0,0,0,0,0,0,0,0,0,0,0,0,0,0,0,0,0,0,0,0,0,0,0,0,0,1,0,0,0,0,0
"900286",179,"medetomidine",68602,"86347-14-0","trace","GCMS","15apr2025",,0,1,0,,10,5,0,0,0,0,0,0,0,0,0,0,0,0,0,0,0,0,0,0,0,0,0,0,0,0,0,0,0,0,0,0,0,0,0,0,0,0,0,0,0
"900286",179,"tetracaine",5411,"94-24-6","trace","GCMS","15apr2025",,0,1,0,,10,5,0,0,0,0,0,0,0,0,0,0,0,0,0,0,0,0,0,0,0,0,0,0,0,0,0,0,0,0,0,0,0,0,0,0,0,0,0,0,0
"900286",179,"xylazine",5707,"7361-61-7","","GCMS","15apr2025",7.5900002,1,0,0,,10,5,0,0,1,1,0,0,0,0,0,0,0,0,0,0,0,0,0,0,0,0,1,1,0,0,0,0,0,0,0,0,0,0,0,0,0,0,0,0,0
"900299",179,"4-ANPP",88890,"21409-26-7","","GCMS","17jun2025",9.1599998,1,0,0,,5,4,0,0,0,0,0,0,0,0,0,0,0,0,0,0,0,0,0,0,0,0,1,1,0,0,0,0,0,0,0,0,0,0,0,0,0,0,1,0,0
"900299",179,"N-phenylpropanamide",12107,"620-71-3","","GCMS","17jun2025",5.3299999,1,0,0,,5,4,0,0,0,0,0,0,0,0,0,0,0,0,0,0,0,0,0,0,0,0,0,0,0,0,0,0,0,0,0,0,0,0,0,0,0,0,1,0,0
"900299",179,"fentanyl",3345,"437-38-7","","GCMS","17jun2025",10.32,1,0,0,,5,4,1,1,0,0,0,0,0,0,0,0,0,0,0,0,0,0,0,0,0,0,1,1,0,0,0,0,0,0,0,0,0,0,0,0,0,0,0,0,0
"900299",179,"methamphetamine",10836,"537-46-2","","GCMS","17jun2025",4.1300001,1,0,0,,5,4,0,0,0,0,0,1,1,0,0,0,0,0,0,0,0,0,0,0,0,0,0,0,0,0,0,0,0,0,0,0,0,0,0,0,0,0,0,0,0
"900299",179,"nicotine",89594,"54-11-5","trace","GCMS","17jun2025",,0,1,0,,5,4,0,0,0,0,0,0,0,0,0,0,0,0,0,0,0,0,0,0,0,0,0,0,0,0,0,0,0,0,0,0,0,0,0,0,0,0,0,0,0
