sampleid,substance,abundance,method,date_complete,confirmatory,gcms_peak
"300555","methamphetamine","","GCMS",30aug2022,1,"3.3"
"300561","acetylcodeine","","GCMS",30aug2022,1,"8.53"
"300561","heroin","","GCMS",30aug2022,1,"8.92"
"300561","6-monoacetylmorphine (6-MAM)","trace","GCMS",30aug2022,1,"."
"300561","inositol","trace","GCMS",30aug2022,1,"."
"300572","alprazolam","","GCMS",30aug2022,1,"10.36"
"300577","acetaminophen","","GCMS",30aug2022,1,"5.81"
"300577","fentanyl","","GCMS",30aug2022,1,"9.23"
"300577","4-ANPP","","GCMS",30aug2022,1,"8.37"
"300593","non-specific organic acids","","GCMS",20oct2022,1,"7.3"
"300593","ketamine","","GCMS",20oct2022,1,"6.48"
"300593","fentanyl","","GCMS",20oct2022,1,"9.24"
"300593","non-specific organic acids","","GCMS",20oct2022,1,"6.66"
"300593","clonazolam","","GCMS",20oct2022,1,"12.33"
"300593","meclonazepam","","GCMS",20oct2022,1,"9.74"
"300593","sucrose","","GCMS",20oct2022,1,"9.94"
"300613","menthol","trace","GCMS",06oct2022,1,"."
"300613","N-phenylpropanamide","trace","GCMS",06oct2022,1,"."
"300613","nicotine","trace","GCMS",06oct2022,1,"."
"300613","fentanyl","","GCMS",06oct2022,1,"9.26"
"300613","cocaine","trace","GCMS",06oct2022,1,"."
"300613","1,3-Diacetin","","GCMS",06oct2022,1,"4.09"
"300613","1-phenyl-1-propanamine","trace","GCMS",06oct2022,1,"."
"300613","4-ANPP","","GCMS",06oct2022,1,"8.37"
"300613","phenethyl 4-ANPP","","GCMS",06oct2022,1,"11.55"
"300644","4-ANPP","","GCMS",06oct2022,1,"8.39"
"300644","xylazine","","GCMS",06oct2022,1,"6.9"
"300644","procaine","","GCMS",06oct2022,1,"7.07"
"300644","cocaine","","GCMS",06oct2022,1,"7.6"
"300644","fentanyl","","GCMS",06oct2022,1,"9.22"
"300644","heroin","","GCMS",06oct2022,1,"8.91"
"300672","p-fluorofentanyl","trace","GCMS",11oct2022,1,"."
"300672","ethyl 4-ANPP","","GCMS",11oct2022,1,"8.51"
"300672","4-ANPP","","GCMS",11oct2022,1,"8.4"
"300672","fentanyl","","GCMS",11oct2022,1,"9.24"
"300672","phenethyl 4-ANPP","","GCMS",11oct2022,1,"11.59"
"300672","procaine","","GCMS",11oct2022,1,"7.08"
"300672","methamphetamine","","GCMS",11oct2022,1,"3.3"
"300674","methyl ecgonidine (MED)","trace","GCMS",06oct2022,1,"."
"300674","cocaine","","GCMS",06oct2022,1,"7.6"
"300674","levamisole","trace","GCMS",06oct2022,1,"."
"300674","fentanyl","trace","GCMS",06oct2022,1,"."
"300674","heroin","trace","GCMS",06oct2022,1,"."
"300674","quinine","trace","GCMS",06oct2022,1,"."
"300715","fentanyl","","GCMS",06jan2023,1,"10.25"
"300715","4-ANPP","","GCMS",06jan2023,1,"9.1"
"300715","phenethylbromide","trace","GCMS",06jan2023,1,"."
"300717","acetaminophen","","GCMS",11oct2022,1,"6.11"
"300717","4-ANPP","","GCMS",11oct2022,1,"8.37"
"300717","ethyl 4-ANPP","","GCMS",11oct2022,1,"8.49"
"300717","fentanyl","","GCMS",11oct2022,1,"9.27"
"300736","cocaine","","GCMS",11oct2022,1,"7.61"
"300736","phenacetin","","GCMS",11oct2022,1,"5.8"
"300748","methamphetamine","","GCMS",06oct2022,1,"3.28"
"300755","fentanyl","trace","GCMS",06jan2023,1,"."
"300755","lidocaine","trace","GCMS",06jan2023,1,"."
"300755","phenethylbromide","trace","GCMS",06jan2023,1,"."
"300755","phenethyl 4-ANPP","trace","GCMS",06jan2023,1,"."
"300755","xylazine","","GCMS",06jan2023,1,"7.31"
"300755","4-ANPP","","GCMS",06jan2023,1,"9.21"
"300760","methamphetamine","trace","GCMS",06oct2022,1,"."
"300760","3,4-MDMA","","GCMS",06oct2022,1,"5.12"
"300764","3,4-MDMA","","GCMS",05jan2023,1,"5.47"
"300788","papaverine","trace","GCMS",05oct2022,1,"."
"300788","hydrocotarnine","trace","GCMS",05oct2022,1,"."
"300788","inositol","trace","GCMS",05oct2022,1,"."
"300788","acetylcodeine","","GCMS",05oct2022,1,"8.54"
"300788","noscapine","trace","GCMS",05oct2022,1,"."
"300788","heroin","","GCMS",05oct2022,1,"8.95"
"300788","meconin","trace","GCMS",05oct2022,1,"."
"300788","6-monoacetylmorphine (6-MAM)","","GCMS",05oct2022,1,"8.61"
"300790","bromazolam","","GCMS",06oct2022,1,"11.03"
"300796","alprazolam","","GCMS",06jan2023,1,"11.6"
"300810","cocaine","","GCMS",21nov2022,1,"7.94"
"300810","fentanyl","","GCMS",21nov2022,1,"9.71"
"300810","phenethyl 4-ANPP","","GCMS",21nov2022,1,"12.48"
"300810","methyl ecgonidine (MED)","","GCMS",21nov2022,1,"4.8"
"300810","phenacetin","trace","GCMS",21nov2022,1,"."
"300810","benzoic acid","trace","GCMS",21nov2022,1,"."
"300810","1,3-Diacetin","trace","GCMS",21nov2022,1,"."
"300810","benzoylecgonine (BZ)","","GCMS",21nov2022,1,"9.18"
"300810","4-ANPP","trace","GCMS",21nov2022,1,"."
"300810","cocaine","trace","GCMS",21nov2022,1,"."
"300810","xylazine","trace","GCMS",21nov2022,1,"."
"300810","heroin","trace","GCMS",21nov2022,1,"."
"300821","phenacetin","trace","GCMS",02dec2022,1,"."
"300821","lysergic acid diethylamide (LSD)","","GCMS",02dec2022,1,"12.54"
"300821","ketamine","","GCMS",02dec2022,1,"6.8"
"300831","methamphetamine","","GCMS",29nov2022,1,"3.83"
"300851","4-ANPP","trace","GCMS",01dec2022,1,"."
"300851","phenacetin","","GCMS",01dec2022,1,"6.07"
"300851","fentanyl","trace","GCMS",01dec2022,1,"."
"300851","methamphetamine","","GCMS",01dec2022,1,"3.63"
"300851","caffeine","","GCMS",01dec2022,1,"6.66"
"300873","6-monoacetylmorphine (6-MAM)","","GCMS",21nov2022,1,"."
"300873","heroin","","GCMS",21nov2022,1,"9.36"
"300873","fentanyl","","GCMS",21nov2022,1,"9.73"
"300873","cocaine","trace","GCMS",21nov2022,1,"."
"300873","acetylcodeine","","GCMS",21nov2022,1,"."
"300873","N-phenylpropanamide","","GCMS",21nov2022,1,"5.04"
"300873","4-ANPP","","GCMS",21nov2022,1,"8.75"
"300878","fentanyl","","GCMS",21nov2022,1,"9.72"
"300878","4-ANPP","","GCMS",21nov2022,1,"8.74"
"300878","caffeine","","GCMS",21nov2022,1,"6.66"
"300885","acetylcodeine","trace","GCMS",21nov2022,1,"."
"300885","6-monoacetylmorphine (6-MAM)","trace","GCMS",21nov2022,1,"."
"300885","p-fluorofentanyl","trace","GCMS",21nov2022,1,"."
"300885","heroin","","GCMS",21nov2022,1,"."
"300885","cocaine","trace","GCMS",21nov2022,1,"."
"300885","procaine","trace","GCMS",21nov2022,1,"."
"300885","fentanyl","","GCMS",21nov2022,1,"."
"300885","despropionyl p-fluorofentanyl","","GCMS",21nov2022,1,"."
"300885","N-phenylpropanamide","trace","GCMS",21nov2022,1,"."
"300885","xylazine","","GCMS",21nov2022,1,"."
"300885","4-ANPP","","GCMS",21nov2022,1,"."
"300887","ethyl 4-ANPP","trace","GCMS",21nov2022,1,"."
"300887","fentanyl","","GCMS",21nov2022,1,"9.71"
"300887","phenethyl 4-ANPP","","GCMS",21nov2022,1,"12.48"
"300887","cocaine","trace","GCMS",21nov2022,1,"."
"300887","4-ANPP","","GCMS",21nov2022,1,"8.74"
"800101","lidocaine","trace","GCMS",25jan2023,1,"."
"800101","bromazolam","","GCMS",25jan2023,1,"13.46"
"800102","methamphetamine","","GCMS",10jan2023,1,"3.61"
"800103","heroin","","GCMS",31mar2023,1,"10.67"
"800103","acetylcodeine","trace","GCMS",31mar2023,1,"."
"800104","lactose","","Derivatized GCMS",15may2023,1,"9.78"
"800104","non-specific sugar","","Derivatized GCMS",15may2023,1,"."
"800104","urea","","Derivatized GCMS",15may2023,1,"3.96"
"800104","non-specific organic acid","","Derivatized GCMS",15may2023,1,"."
"800105","1-[(2-chlorophenyl)(methylimino)methyl]cyclopentanol","trace","GCMS",09jan2023,1,"."
"800105","ketamine","","GCMS",09jan2023,1,"6.86"
"800106","cocaine","","GCMS",05jan2023,1,"8.15"
"800106","tropacocaine","trace","GCMS",05jan2023,1,"."
"800106","ecgonine methylester (EME)","trace","GCMS",05jan2023,1,"."
"800106","phenacetin","","GCMS",05jan2023,1,"6.12"
"800106","methyl ecgonidine (MED)","trace","GCMS",05jan2023,1,"."
"800106","norcocaine","trace","GCMS",05jan2023,1,"."
"800106","levamisole","trace","GCMS",05jan2023,1,"."
"800107","methamphetamine","","GCMS",10apr2023,1,"3.63"
"800108","tropacocaine","trace","GCMS",30jan2023,1,"."
"800108","methyl ecgonidine (MED)","trace","GCMS",30jan2023,1,"."
"800108","cocaine","","GCMS",30jan2023,1,"8.17"
"800109","ketamine","","GCMS",25jan2023,1,"6.88"
"800110","methamphetamine","","GCMS",10apr2023,1,"4.1"
"800111","methamphetamine","","GCMS",09jan2023,1,"3.64"
"800112","N-methyltryptamine","trace","GCMS",04jan2023,1,"."
"800112","2-methyl-1,2,3,4-tetrahydro-b-carboline","trace","GCMS",04jan2023,1,"."
"800112","N,N-dimethyltryptamine (DMT)","","GCMS",04jan2023,1,"6.54"
"800113","ethyl 4-ANPP","trace","GCMS",25jan2023,1,"."
"800113","fentanyl","","GCMS",25jan2023,1,"10.17"
"800113","phenethyl 4-ANPP","trace","GCMS",25jan2023,1,"."
"800113","1-phenethyl-4-propionyloxypiperidine","","GCMS",25jan2023,1,"."
"800113","4-ANPP","","GCMS",25jan2023,1,"9.04"
"800114","1-[(2-chlorophenyl)(methylimino)methyl]cyclopentanol","trace","GCMS",09jan2023,1,"."
"800114","ketamine","","GCMS",09jan2023,1,"6.86"
"800115","methamphetamine","","GCMS",26jan2023,1,"3.61"
"800116","methyl ecgonidine (MED)","trace","GCMS",21mar2023,1,"."
"800116","ketamine","","GCMS",21mar2023,1,"6.88"
"800116","tropacocaine","trace","GCMS",21mar2023,1,"."
"800116","cocaine","","GCMS",21mar2023,1,"8.17"
"800116","caffeine","trace","GCMS",21mar2023,1,"."
"800117","MDA","trace","GCMS",16mar2023,1,"."
"800117","caffeine","","GCMS",16mar2023,1,"6.72"
"800118","fentanyl","","GCMS",26jan2023,1,"10.45"
"800118","4-ANPP","","GCMS",26jan2023,1,"9.23"
"800119","acetylcodeine","","GCMS",04jan2023,1,"9.32"
"800119","fentanyl","","GCMS",04jan2023,1,"9.83"
"800119","inositol","trace","GCMS",04jan2023,1,"."
"800120","methamphetamine","","GCMS",31jan2023,1,"3.61"
"800121","methamphetamine","","GCMS",04jan2023,1,"3.62"
"800123","methyl ecgonidine (MED)","trace","GCMS",09jan2023,1,"."
"800123","cocaine","","GCMS",09jan2023,1,"8.14"
"800123","norcocaine","trace","GCMS",09jan2023,1,"."
"800124","4-ANPP","","GCMS",25jan2023,1,"9.1"
"800124","fentanyl","","GCMS",25jan2023,1,"10.24"
"800124","ethyl 4-ANPP","","GCMS",25jan2023,1,"."
"800125","ketamine","","GCMS",30jan2023,1,"6.86"
"800125","MDA","","GCMS",30jan2023,1,"5.22"
"800126","fentanyl","","GCMS",30jan2023,1,"10.49"
"800126","4-ANPP","","GCMS",30jan2023,1,"9.26"
"800127","fentanyl","trace","GCMS",25jan2023,1,"."
"800127","despropionyl ortho-chlorofentanyl","","GCMS",25jan2023,1,"9.85"
"800127","ortho-chlorofentanyl","trace","GCMS",25jan2023,1,"."
"800127","4-ANPP","trace","GCMS",25jan2023,1,"."
"800127","6-monoacetylmorphine (6-MAM)","","GCMS",25jan2023,1,"9.57"
"800127","papaverine","trace","GCMS",25jan2023,1,"."
"800127","acetylcodeine","","GCMS",25jan2023,1,"9.49"
"800127","heroin","","GCMS",25jan2023,1,"10.03"
"800128","methamphetamine","","GCMS",26jan2023,1,"3.61"
"800129","methamphetamine","","GCMS",04jan2023,1,"3.62"
"800130","methamphetamine","","GCMS",31jan2023,1,"3.88"
"800131","4-ANPP","","GCMS",04jan2023,1,"9.11"
"800131","acetaminophen","","GCMS",04jan2023,1,"6.15"
"800131","noramidopyrine","trace","GCMS",04jan2023,1,"."
"800131","fentanyl","","GCMS",04jan2023,1,"10.25"
"800132","fentanyl","","GCMS",09jan2023,1,"10.25"
"800133","methamphetamine","","GCMS",22mar2023,1,"3.63"
"800134","buspirone","","GCMS",09jan2023,1,"15.12"
"800135","ketamine","","GCMS",09jan2023,1,"6.86"
"800135","1-[(2-chlorophenyl)(methylimino)methyl]cyclopentanol","trace","GCMS",09jan2023,1,"."
"800136","4-ANPP","","GCMS",09jan2023,1,"9.09"
"800136","fentanyl","","GCMS",09jan2023,1,"10.23"
"800136","N-phenylpropanamide","","GCMS",09jan2023,1,"5.05"
"800137","clonazolam","","GCMS",06jan2023,1,"14.13"
"800138","methyl ecgonidine (MED)","trace","GCMS",25jan2023,1,"."
"800138","cocaine","","GCMS",25jan2023,1,"8.18"
"800138","tropacocaine","trace","GCMS",25jan2023,1,"."
"800139","ecgonine methylester (EME)","trace","GCMS",25jan2023,1,"."
"800139","cocaine","","GCMS",25jan2023,1,"8.1"
"800139","tropacocaine","trace","GCMS",25jan2023,1,"."
"800139","methyl ecgonidine (MED)","trace","GCMS",25jan2023,1,"."
"800140","fentanyl","","GCMS",25jan2023,1,"10.41"
"800140","4-ANPP","trace","GCMS",25jan2023,1,"."
"800140","phenethyl 4-ANPP","trace","GCMS",25jan2023,1,"."
"800141","methamphetamine","trace","GCMS",05jan2023,1,"."
"800141","3,4-MDMA","trace","GCMS",05jan2023,1,"."
"800141","MDA","","GCMS",05jan2023,1,"5.22"
"800142","3,4-MDMA","","GCMS",05jan2023,1,"5.47"
"800143","papaverine","trace","GCMS",04jan2023,1,"."
"800143","6-monoacetylmorphine (6-MAM)","","GCMS",04jan2023,1,"9.36"
"800143","heroin","","GCMS",04jan2023,1,"9.8"
"800143","acetylcodeine","","GCMS",04jan2023,1,"9.28"
"800144","methamphetamine","","GCMS",31jan2023,1,"3.86"
"800145","fentanyl","","GCMS",09jan2023,1,"10.22"
"800146","bromazolam","","GCMS",04jan2023,1,"12.65"
"800147","3,4-MDMA","","GCMS",21mar2023,1,"5.54"
"800148","cocaine","","GCMS",09jan2023,1,"8.14"
"800148","methyl ecgonidine (MED)","trace","GCMS",09jan2023,1,"."
"800149","methamphetamine","","GCMS",09jan2023,1,"3.61"
"800150","tropacocaine","trace","GCMS",09jan2023,1,"."
"800150","methyl ecgonidine (MED)","trace","GCMS",09jan2023,1,"."
"800150","cocaine","","GCMS",09jan2023,1,"8.08"
"800151","3,4-MDMA","","GCMS",20mar2023,1,"5.61"
"800152","4-ANPP","trace","GCMS",10jan2023,1,"."
"800152","fentanyl","","GCMS",10jan2023,1,"10.47"
"800152","acetaminophen","","GCMS",10jan2023,1,"6.04"
"800153","ketamine","","GCMS",05jan2023,1,"6.86"
"800153","1-[(2-chlorophenyl)(methylimino)methyl]cyclopentanol","trace","GCMS",05jan2023,1,"."
"800154","ketamine","","GCMS",30mar2023,1,"7.45"
"800155","ketamine","","GCMS",10apr2023,1,"6.78"
"800156","acetylcodeine","","GCMS",30mar2023,1,"10.06"
"800156","heroin","","GCMS",30mar2023,1,"10.66"
"800157","fentanyl","","GCMS",09jan2023,1,"10.25"
"800158","6-monoacetylmorphine (6-MAM)","trace","GCMS",10jan2023,1,"."
"800158","acetylcodeine","","GCMS",10jan2023,1,"9.28"
"800158","heroin","","GCMS",10jan2023,1,"9.78"
"800158","cocaine","trace","GCMS",10jan2023,1,"."
"800159","ketamine","","GCMS",10apr2023,1,"6.78"
"800160","2C-B","","GCMS",25jan2023,1,"6.58"
"800160","3,4-MDMA","trace","GCMS",25jan2023,1,"."
"800161","cocaine","","GCMS",30mar2023,1,"8.7"
"800162","cocaine","","GCMS",24mar2023,1,"8.14"
"800162","promethazine","","GCMS",24mar2023,1,"8.46"
"800162","methamphetamine","trace","GCMS",24mar2023,1,"."
"800163","ketamine","","GCMS",25jan2023,1,"6.88"
"800164","ethyl 4-ANPP","trace","GCMS",26jan2023,1,"."
"800164","fentanyl","","GCMS",26jan2023,1,"10.56"
"800164","4-ANPP","","GCMS",26jan2023,1,"9.31"
"800164","acetaminophen","","GCMS",26jan2023,1,"3.18"
"800165","clonazepam","","GCMS",10jan2023,1,"11.03"
"800166","methamphetamine","","GCMS",24mar2023,1,"4.04"
"800167","delta-9-THC","","GCMS",16mar2023,1,"9.26"
"800168","ethyl 4-ANPP","trace","GCMS",13apr2023,1,"."
"800168","phenethyl 4-ANPP","","GCMS",13apr2023,1,"12.69"
"800168","acetaminophen","","GCMS",13apr2023,1,"5.98"
"800168","4-ANPP","","GCMS",13apr2023,1,"8.77"
"800168","fentanyl","","GCMS",13apr2023,1,"9.78"
"800169","fentanyl","","GCMS",09jan2023,1,"10.23"
"800170","methamphetamine","","GCMS",04jan2023,1,"3.62"
"800170","bromazolam","","GCMS",04jan2023,1,"12.81"
"800171","1-[(2-chlorophenyl)(methylimino)methyl]cyclopentanol","trace","GCMS",04jan2023,1,"."
"800171","ketamine","","GCMS",04jan2023,1,"6.87"
"800172","methamphetamine","","GCMS",06jan2023,1,"3.62"
"800172","caffeine","","GCMS",06jan2023,1,"6.75"
"800173","bromazolam","","GCMS",05jan2023,1,"12.6"
"800174","noramidopyrine","","GCMS",04jan2023,1,"7.37"
"800174","4-ANPP","","GCMS",04jan2023,1,"9.14"
"800174","ethyl 4-ANPP","trace","GCMS",04jan2023,1,"."
"800174","acetaminophen","","GCMS",04jan2023,1,"6.27"
"800174","fentanyl","","GCMS",04jan2023,1,"10.3"
"800174","methamphetamine","trace","GCMS",04jan2023,1,"."
"800175","ketamine","","GCMS",09jan2023,1,"6.86"
"800175","alprazolam","","GCMS",09jan2023,1,"11.73"
"800175","1-[(2-chlorophenyl)(methylimino)methyl]cyclopentanol","","GCMS",09jan2023,1,"6.36"
"800176","ketamine","","GCMS",09jan2023,1,"6.86"
"800176","3,4-MDMA","trace","GCMS",09jan2023,1,"."
"800176","1-[(2-chlorophenyl)(methylimino)methyl]cyclopentanol","trace","GCMS",09jan2023,1,"."
"800177","ketamine","","GCMS",10apr2023,1,"6.77"
"800178","1-[(2-chlorophenyl)(methylimino)methyl]cyclopentanol","trace","GCMS",16mar2023,1,"."
"800178","ketamine","","GCMS",16mar2023,1,"6.86"
"800179","1-[(2-chlorophenyl)(methylimino)methyl]cyclopentanol","trace","GCMS",09jan2023,1,"."
"800179","ketamine","","GCMS",09jan2023,1,"6.86"
"800180","ketamine","","GCMS",26jan2023,1,"6.89"
"800181","fentanyl","trace","GCMS",31jan2023,1,"."
"800181","benzoylecgonine (BZ)","trace","GCMS",31jan2023,1,"."
"800181","heroin","trace","GCMS",31jan2023,1,"."
"800181","methyl ecgonidine (MED)","","GCMS",31jan2023,1,"4.81"
"800181","ecgonidine (ED)","trace","GCMS",31jan2023,1,"."
"800181","cocaine","","GCMS",31jan2023,1,"8.25"
"800181","norcocaine","trace","GCMS",31jan2023,1,"."
"800181","acetylcodeine","trace","GCMS",31jan2023,1,"."
"800181","ecgonine methylester (EME)","trace","GCMS",31jan2023,1,"."
"800181","methamphetamine","trace","GCMS",31jan2023,1,"."
"800181","tropacocaine","trace","GCMS",31jan2023,1,"."
"800182","bromazolam","","GCMS",06jan2023,1,"12.65"
"800183","ketamine","","GCMS",25jan2023,1,"6.88"
"800184","flubromazolam","trace","GCMS",10jan2023,1,"."
"800184","methyl ecgonidine (MED)","trace","GCMS",10jan2023,1,"."
"800184","bromazolam","","GCMS",10jan2023,1,"12.62"
"800184","cocaine","","GCMS",10jan2023,1,"8.12"
"800185","methamphetamine","trace","GCMS",13jan2023,1,"3.62"
"800186","methamphetamine","","GCMS",04jan2023,1,"3.62"
"800187","3,4-MDMA","","GCMS",30jan2023,1,"5.49"
"800188","tropacocaine","trace","GCMS",17mar2023,1,"."
"800188","cocaine","","GCMS",17mar2023,1,"8.11"
"800188","methyl ecgonidine (MED)","trace","GCMS",17mar2023,1,"."
"800188","benzoylecgonine (BZ)","trace","GCMS",17mar2023,1,"."
"800188","ecgonine methylester (EME)","trace","GCMS",17mar2023,1,"."
"800189","tropacocaine","trace","GCMS",21mar2023,1,"."
"800189","methyl ecgonidine (MED)","trace","GCMS",21mar2023,1,"."
"800189","cocaine","","GCMS",21mar2023,1,"8.13"
"800190","4-ANPP","trace","GCMS",10jan2023,1,"."
"800190","acetaminophen","","GCMS",10jan2023,1,"6.05"
"800190","fentanyl","","GCMS",10jan2023,1,"10.52"
"800190","ethyl 4-ANPP","trace","GCMS",10jan2023,1,"."
"800191","N,N-dimethyltryptamine (DMT)","trace","GCMS",04jan2023,1,"."
"800191","2C-B","","GCMS",04jan2023,1,"6.58"
"800191","2C-H","","GCMS",04jan2023,1,"5.49"
"800192","4-ANPP","","GCMS",14apr2023,1,"8.77"
"800192","fentanyl","","GCMS",14apr2023,1,"9.78"
"800192","heroin","","GCMS",14apr2023,1,"9.4"
"800192","methamphetamine","","GCMS",14apr2023,1,"3.53"
"800193","4-ANPP","trace","GCMS",10jan2023,1,"."
"800193","fentanyl","","GCMS",10jan2023,1,"10.51"
"800193","acetaminophen","","GCMS",10jan2023,1,"6.05"
"800194","methyl ecgonidine (MED)","trace","GCMS",25jan2023,1,"."
"800194","tropacocaine","trace","GCMS",25jan2023,1,"."
"800194","cocaine","","GCMS",25jan2023,1,"8.25"
"800195","3,4-MDMA","","GCMS",06jan2023,1,"5.53"
"800196","methamphetamine","trace","GCMS",10jan2023,1,"."
"800196","3,4-MDMA","","GCMS",10jan2023,1,"5.5"
"800197","methamphetamine","","GCMS",14apr2023,1,"3.9"
"800198","methamphetamine","","GCMS",09jan2023,1,"3.61"
"800199","1-[(2-chlorophenyl)(methylimino)methyl]cyclopentanol","trace","GCMS",09jan2023,1,"."
"800199","ketamine","","GCMS",09jan2023,1,"6.86"
"800214","3,4-MDMA","","GCMS",31jan2023,1,"5.5"
"800216","4-ANPP","","GCMS",14apr2023,1,"8.76"
"800216","heroin","","GCMS",14apr2023,1,"9.4"
"800216","fentanyl","","GCMS",14apr2023,1,"9.78"
"800218","N,N-Dimethylamphetamine (DMA)","","GCMS",14apr2023,1,"3.93"
"800218","methamphetamine","","GCMS",14apr2023,1,"3.78"
"800218","amphetamine","trace","",14apr2023,1,"."
"800222","methamphetamine","","GCMS",14apr2023,1,"3.68"
"800229","ketamine","trace","GCMS",20mar2023,1,"."
"800229","3,4-MDMA","","GCMS",20mar2023,1,"5.57"
"800236","3,4-MDMA","","GCMS",09may2023,1,"5.63"
"800238","methamphetamine","","GCMS",22mar2023,1,"3.65"
"800241","methamphetamine","","GCMS",14apr2023,1,"3.62"
"800243","phenethyl 4-ANPP","trace","GCMS",07apr2023,1,"."
"800243","ethyl 4-ANPP","trace","GCMS",07apr2023,1,"."
"800243","cocaine","","GCMS",07apr2023,1,"8.65"
"800243","4-ANPP","","GCMS",07apr2023,1,"9.68"
"800243","fentanyl","","GCMS",07apr2023,1,"11.01"
"800246","methamphetamine","","GCMS",14apr2023,1,"3.53"
"800252","alprazolam","trace","GCMS",07apr2023,1,"."
"800252","lysergic acid diethylamide (LSD)","indication of","GCMS",07apr2023,1,"."
"800252","buprenorphine","trace","GCMS",07apr2023,1,"."
"800253","3,4-MDMA","","GCMS",20mar2023,1,"5.5"
"800253","methamphetamine","trace","GCMS",20mar2023,1,"."
"800253","ketamine","","GCMS",20mar2023,1,"6.87"
"800253","cocaine","trace","GCMS",20mar2023,1,"."
"800255","methamphetamine","","GCMS",09may2023,1,"3.95"
"800262","heroin","","GCMS",07apr2023,1,"10.5"
"800262","acetylcodeine","","GCMS",07apr2023,1,"9.92"
"800264","methamphetamine","","GCMS",09may2023,1,"3.87"
"800267","tianeptine","","GCMS",31jan2023,1,"9.29"
"800271","norcocaine","trace","GCMS",17mar2023,1,"."
"800271","methyl ecgonidine (MED)","trace","GCMS",17mar2023,1,"."
"800271","tropacocaine","trace","GCMS",17mar2023,1,"."
"800271","cocaine","","GCMS",17mar2023,1,"8.09"
"800277","methyl ecgonidine (MED)","trace","GCMS",31jan2023,1,"."
"800277","cocaine","","GCMS",31jan2023,1,"8.19"
"800277","ketamine","trace","GCMS",31jan2023,1,"."
"800278","no compounds of interest detected","","GCMS",07apr2023,1,"."
"800287","acetaminophen","","GCMS",23mar2023,1,"6.03"
"800287","methamphetamine","","GCMS",23mar2023,1,"3.57"
"800287","ethyl 4-ANPP","trace","GCMS",23mar2023,1,"."
"800287","4-ANPP","trace","GCMS",23mar2023,1,"."
"800287","fentanyl","","GCMS",23mar2023,1,"10.04"
"800301","cocaine","trace","GCMS",21mar2023,1,"."
"800301","alprazolam","","GCMS",21mar2023,1,"11.76"
"800302","cocaine","trace","GCMS",24mar2023,1,"."
"800302","methamphetamine","","GCMS",24mar2023,1,"3.97"
"800303","methyl ecgonidine (MED)","trace","GCMS",17mar2023,1,"."
"800303","norcocaine","trace","GCMS",17mar2023,1,"."
"800303","cocaine","","GCMS",17mar2023,1,"8.06"
"800304","methamphetamine","","GCMS",21mar2023,1,"4.01"
"800305","methamphetamine","","GCMS",16apr2023,1,"3.95"
"800310","methamphetamine","","GCMS",20mar2023,1,"3.94"
"800312","3,4-MDMA","","GCMS",16mar2023,1,"5.43"
"800314","methamphetamine","","GCMS",09may2023,1,"4"
"800315","4-ANPP","trace","GCMS",17mar2023,1,"."
"800315","fentanyl","","GCMS",17mar2023,1,"10.45"
"800316","3,4-MDMA","","GCMS",20mar2023,1,"5.5"
"800318","menthol","","GCMS",17mar2023,1,"3.54"
"800319","methamphetamine","","GCMS",10apr2023,1,"4.1"
"800322","methamphetamine","","GCMS",30mar2023,1,"4.43"
"800324","methamphetamine","","GCMS",21mar2023,1,"3.98"
"800325","bromazolam","","GCMS",23mar2023,1,"12.34"
"800325","cocaine","trace","GCMS",23mar2023,1,"."
"800325","diphenhydramine","","GCMS",23mar2023,1,"6.84"
"800326","heroin","","GCMS",16apr2023,1,"9.41"
"800326","acetylcodeine","","GCMS",16apr2023,1,"8.97"
"800326","papaverine","trace","GCMS",16apr2023,1,"."
"800326","6-monoacetylmorphine (6-MAM)","trace","GCMS",16apr2023,1,"."
"800328","testosterone cypionate","","GCMS",13apr2023,1,"17.49"
"800328","benzyl benzoate","","GCMS",13apr2023,1,"6.36"
"800333","methamphetamine","","GCMS",20mar2023,1,"3.96"
"800335","methamphetamine","","GCMS",22mar2023,1,"4.01"
"800337","fentanyl","trace","GCMS",22mar2023,1,"."
"800337","p-fluorofentanyl","","GCMS",22mar2023,1,"9.86"
"800337","p-fluoro phenethyl 4-ANPP","trace","GCMS",22mar2023,1,"."
"800337","phenethylbromide","trace","GCMS",22mar2023,1,"."
"800337","despropionyl p-fluorofentanyl","","GCMS",22mar2023,1,"8.95"
"800337","methamphetamine","trace","GCMS",22mar2023,1,"."
"800337","phenethyl chloride","trace","GCMS",22mar2023,1,"."
"800341","4-ANPP","trace","GCMS",22mar2023,1,"."
"800341","fentanyl","","GCMS",22mar2023,1,"10.09"
"800342","cocaine","","GCMS",30jan2023,1,"8.18"
"800342","methyl ecgonidine (MED)","trace","GCMS",30jan2023,1,"."
"800342","tropacocaine","trace","GCMS",30jan2023,1,"."
"800342","ketamine","trace","GCMS",30jan2023,1,"."
"800342","benzoylecgonine (BZ)","trace","GCMS",30jan2023,1,"."
"800346","ketamine","","GCMS",21mar2023,1,"6.89"
"800347","cocaine","","GCMS",24mar2023,1,"8.1"
"800349","methamphetamine","","GCMS",22mar2023,1,"3.92"
"800350","methyl ecgonidine (MED)","trace","GCMS",17mar2023,1,"."
"800350","cocaine","","GCMS",17mar2023,1,"8.15"
"800352","phenethyl 4-ANPP","trace","GCMS",31jan2023,1,"."
"800352","4-ANPP","trace","GCMS",31jan2023,1,"."
"800352","fentanyl","","GCMS",31jan2023,1,"10.64"
"800353","methamphetamine","","GCMS",16apr2023,1,"3.92"
"800355","fentanyl","","GCMS",16mar2023,1,"10.26"
"800355","6-monoacetylmorphine (6-MAM)","","GCMS",16mar2023,1,"9.4"
"800355","heroin","","GCMS",16mar2023,1,"9.83"
"800355","papaverine","trace","GCMS",16mar2023,1,"."
"800355","4-ANPP","trace","GCMS",16mar2023,1,"."
"800355","hydrocotarnine","","GCMS",16mar2023,1,"6.6"
"800355","noscapine","","GCMS",16mar2023,1,"13.46"
"800355","acetylcodeine","","GCMS",16mar2023,1,"9.33"
"800355","meconin","","GCMS",16mar2023,1,"6.29"
"800358","heroin","","GCMS",16mar2023,1,"9.81"
"800358","6-monoacetylmorphine (6-MAM)","","GCMS",16mar2023,1,"9.38"
"800358","papaverine","trace","GCMS",16mar2023,1,"."
"800358","meconin","trace","GCMS",16mar2023,1,"."
"800358","acetylcodeine","","GCMS",16mar2023,1,"9.31"
"800361","N-phenylpropanamide","trace","GCMS",07feb2023,1,"."
"800361","fentanyl","","GCMS",07feb2023,1,"10.45"
"800361","4-ANPP","trace","GCMS",07feb2023,1,"."
"800361","methamphetamine","","GCMS",07feb2023,1,"4.1"
"800361","phenethyl 4-ANPP","trace","GCMS",07feb2023,1,"."
"800362","methamphetamine","","GCMS",22mar2023,1,"4.01"
"800364","methamphetamine","","GCMS",24mar2023,1,"3.72"
"800365","methamphetamine","","GCMS",16apr2023,1,"3.86"
"800366","ketamine","","GCMS",30jan2023,1,"6.86"
"800368","delta-9-THC","","GCMS",17apr2023,1,"8.8"
"800368","heroin","","GCMS",17apr2023,1,"9.43"
"800368","acetylcodeine","","GCMS",17apr2023,1,"8.97"
"800368","6-monoacetylmorphine (6-MAM)","","GCMS",17apr2023,1,"9.04"
"800368","meconin","trace","GCMS",17apr2023,1,"."
"800368","inositol","trace","GCMS",17apr2023,1,"."
"800368","papaverine","trace","GCMS",17apr2023,1,"."
"800368","N-(acetyl)-thebaol","","GCMS",17apr2023,1,"9.04"
"800370","cocaine","","GCMS",17mar2023,1,"8.06"
"800370","methyl ecgonidine (MED)","trace","GCMS",17mar2023,1,"."
"800371","phenethyl 4-ANPP","trace","GCMS",22mar2023,1,"."
"800371","phenethyl chloride","trace","GCMS",22mar2023,1,"."
"800371","4-ANPP","trace","GCMS",22mar2023,1,"."
"800371","ethyl 4-ANPP","trace","GCMS",22mar2023,1,"."
"800371","fentanyl","","GCMS",22mar2023,1,"10.13"
"800371","norfentanyl","trace","GCMS",22mar2023,1,"."
"800372","heroin","","GCMS",16mar2023,1,"9.8"
"800372","papaverine","trace","GCMS",16mar2023,1,"."
"800372","inositol","trace","GCMS",16mar2023,1,"."
"800372","acetylcodeine","","GCMS",16mar2023,1,"9.29"
"800372","cocaine","trace","GCMS",16mar2023,1,"."
"800373","non-specific sugar","","GCMS",22mar2023,1,"."
"800373","fentanyl","","GCMS",22mar2023,1,"."
"800373","4-ANPP","","GCMS",22mar2023,1,"."
"800379","4-ANPP","","GCMS",07feb2023,1,"9.25"
"800379","fentanyl","","GCMS",07feb2023,1,"10.47"
"800379","xylazine","trace","GCMS",07feb2023,1,"."
"800380","methamphetamine","","GCMS",24mar2023,1,"4"
"800381","3,4-MDMA","","GCMS",10apr2023,1,"5.45"
"800383","phenethyl 4-ANPP","trace","GCMS",22mar2023,1,"."
"800383","cocaine","trace","GCMS",22mar2023,1,"."
"800383","quetiapine","trace","GCMS",22mar2023,1,"."
"800383","xylazine","trace","GCMS",22mar2023,1,"."
"800383","fentanyl","","GCMS",22mar2023,1,"10.13"
"800383","4-ANPP","","GCMS",22mar2023,1,"9.03"
"800383","methamphetamine","","GCMS",22mar2023,1,"3.64"
"800390","methamphetamine","","GCMS",22mar2023,1,"4.05"
"800391","methamphetamine","","GCMS",24mar2023,1,"4.02"
"800393","phenethyl 4-ANPP","trace","GCMS",22mar2023,1,"."
"800393","fentanyl","","GCMS",22mar2023,1,"10.1"
"800393","4-ANPP","trace","GCMS",22mar2023,1,"."
"800395","caffeine","","GCMS",07apr2023,1,"7.29"
"800397","methamphetamine","","GCMS",10apr2023,1,"3.98"
"800399","fentanyl","","GCMS",22mar2023,1,"10.19"
"800399","4-ANPP","","GCMS",22mar2023,1,"9.06"
"800399","ethyl 4-ANPP","trace","GCMS",22mar2023,1,"."
"800401","diphenhydramine","","GCMS",16may2023,1,"6.97"
"800401","quinine","trace","GCMS",16may2023,1,"."
"800401","caffeine","","GCMS",16may2023,1,"6.85"
"800402","methamphetamine","","GCMS",19apr2023,1,"3.69"
"800404","4-ANPP","trace","GCMS",19apr2023,1,"."
"800404","ethyl 4-ANPP","trace","GCMS",19apr2023,1,"."
"800404","noramidopyrine","","GCMS",19apr2023,1,"7.25"
"800404","fentanyl","","GCMS",19apr2023,1,"9.79"
"800404","phenethyl 4-ANPP","trace","GCMS",19apr2023,1,"."
"800404","acetaminophen","","GCMS",19apr2023,1,"6.07"
"800409","methamphetamine","","GCMS",11may2023,1,"3.98"
"800410","fentanyl","","GCMS",14apr2023,1,"9.81"
"800410","cocaine","trace","GCMS",14apr2023,1,"."
"800410","4-ANPP","","GCMS",14apr2023,1,"8.77"
"800412","fentanyl","","GCMS",08may2023,1,"10.22"
"800412","acetylcodeine","trace","GCMS",08may2023,1,"."
"800412","lidocaine","trace","GCMS",08may2023,1,"."
"800412","6-monoacetylmorphine (6-MAM)","trace","GCMS",08may2023,1,"."
"800412","4-ANPP","","GCMS",08may2023,1,"9.07"
"800412","heroin","","GCMS",08may2023,1,"9.78"
"800412","quinine","trace","GCMS",08may2023,1,"."
"800412","caffeine","","GCMS",08may2023,1,"6.86"
"800412","diphenhydramine","","GCMS",08may2023,1,"6.98"
"800413","methamphetamine","","GCMS",12may2023,1,"3.94"
"800414","bromazolam","trace","GCMS",19apr2023,1,"."
"800415","methamphetamine","","GCMS",11may2023,1,"3.92"
"800416","tadalafil","","GCMS",17apr2023,1,"24.85"
"800416","4-ANPP","","GCMS",17apr2023,1,"8.77"
"800416","cocaine","trace","GCMS",17apr2023,1,"."
"800416","tadalafil","","GCMS",17apr2023,1,"23.31"
"800416","fentanyl","","GCMS",17apr2023,1,"9.78"
"800417","N-phenylpropanamide","trace","GCMS",10may2023,1,"."
"800417","1-phenethyl-4-hydroxypiperidine","trace","GCMS",10may2023,1,"."
"800417","ethyl 4-ANPP","trace","GCMS",10may2023,1,"."
"800417","4-ANPP","","GCMS",10may2023,1,"9.06"
"800417","quinine","trace","GCMS",10may2023,1,"."
"800417","fentanyl","","GCMS",10may2023,1,"10.2"
"800417","acetyl fentanyl","trace","GCMS",10may2023,1,"."
"800417","1-phenethyl-4-propionyloxypiperidine","trace","GCMS",10may2023,1,"."
"800417","phenethyl 4-ANPP","trace","GCMS",10may2023,1,"."
"800417","acetaminophen","","GCMS",10may2023,1,"6.22"
"800417","diphenhydramine","","GCMS",10may2023,1,"6.98"
"800422","fentanyl","","GCMS",10may2023,1,"10.22"
"800422","phenethyl 4-ANPP","trace","GCMS",10may2023,1,"."
"800422","1-phenethyl-4-propionyloxypiperidine","trace","GCMS",10may2023,1,"."
"800422","N-phenylpropanamide","trace","GCMS",10may2023,1,"."
"800422","4-ANPP","","GCMS",10may2023,1,"9.05"
"800422","1-phenethyl-4-hydroxypiperidine","trace","GCMS",10may2023,1,"."
"800423","4-ANPP","","GCMS",16may2023,1,"."
"800423","acetaminophen","","GCMS",16may2023,1,"."
"800423","fentanyl","","GCMS",16may2023,1,"."
"800423","phenethyl 4-ANPP","trace","GCMS",16may2023,1,"."
"800424","ketamine","","GCMS",12may2023,1,"7"
"800427","3,4-MDMA","","GCMS",30mar2023,1,"6.06"
"800428","methamphetamine","","GCMS",24mar2023,1,"4"
"800429","4-ANPP","trace","GCMS",16may2023,1,"."
"800429","ethyl 4-ANPP","trace","GCMS",16may2023,1,"."
"800429","fentanyl","trace","GCMS",16may2023,1,"."
"800429","acetaminophen","","GCMS",16may2023,1,"6.28"
"800430","caffeine","trace","GCMS",08may2023,1,"."
"800430","xylazine","","GCMS",08may2023,1,"7.42"
"800430","diphenhydramine","trace","GCMS",08may2023,1,"."
"800430","p-fluoro phenethyl 4-ANPP","trace","GCMS",08may2023,1,"."
"800430","ethyl 4-ANPP","trace","GCMS",08may2023,1,"."
"800430","acetylcodeine","trace","GCMS",08may2023,1,"."
"800430","6-monoacetylmorphine (6-MAM)","trace","GCMS",08may2023,1,"."
"800430","lidocaine","trace","GCMS",08may2023,1,"."
"800430","fentanyl","","GCMS",08may2023,1,"10.22"
"800430","p-fluorofentanyl","trace","GCMS",08may2023,1,"."
"800430","acetaminophen","trace","GCMS",08may2023,1,"."
"800430","4-ANPP","","GCMS",08may2023,1,"9.07"
"800430","N-propionyl norfentanyl","trace","GCMS",08may2023,1,"."
"800430","heroin","","GCMS",08may2023,1,"9.78"
"800430","phenethyl 4-ANPP","","GCMS",08may2023,1,"13.66"
"800437","methamphetamine","","GCMS",21mar2023,1,"3.95"
"800440","fentanyl","","GCMS",17apr2023,1,"9.79"
"800440","acetaminophen","","GCMS",17apr2023,1,"5.98"
"800441","methamphetamine","","GCMS",10may2023,1,"3.88"
"800443","methamphetamine","","GCMS",19apr2023,1,"3.86"
"800444","4-ANPP","trace","GCMS",19apr2023,1,"."
"800444","noramidopyrine","","GCMS",19apr2023,1,"7.25"
"800444","acetaminophen","","GCMS",19apr2023,1,"6.11"
"800444","ethyl 4-ANPP","trace","GCMS",19apr2023,1,"."
"800444","phenethyl 4-ANPP","trace","GCMS",19apr2023,1,"."
"800444","fentanyl","","GCMS",19apr2023,1,"9.78"
"800445","cocaine","","GCMS",10apr2023,1,"7.95"
"800447","phenacetin","trace","GCMS",08may2023,1,"."
"800447","diphenhydramine","","GCMS",08may2023,1,"6.98"
"800447","quinine","trace","GCMS",08may2023,1,"."
"800447","caffeine","","GCMS",08may2023,1,"6.86"
"800447","xylazine","","GCMS",08may2023,1,"7.42"
"800447","cocaine","trace","GCMS",08may2023,1,"."
"800447","p-fluorofentanyl","","GCMS",08may2023,1,"9.98"
"800447","despropionyl p-fluorofentanyl","","GCMS",08may2023,1,"9.05"
"800447","4-ANPP","","GCMS",08may2023,1,"9.05"
"800447","lidocaine","trace","GCMS",08may2023,1,"."
"800447","heroin","","GCMS",08may2023,1,"9.75"
"800447","fentanyl","","GCMS",08may2023,1,"10.19"
"800454","methamphetamine","","GCMS",21mar2023,1,"3.99"
"800455","acetylcodeine","","GCMS",17apr2023,1,"8.97"
"800455","hydrocotarnine","trace","GCMS",17apr2023,1,"."
"800455","6-monoacetylmorphine (6-MAM)","trace","GCMS",17apr2023,1,"."
"800455","meconin","trace","GCMS",17apr2023,1,"."
"800455","heroin","","GCMS",17apr2023,1,"9.41"
"800456","acetylcodeine","","GCMS",19apr2023,1,"8.96"
"800456","heroin","","GCMS",19apr2023,1,"9.41"
"800461","methamphetamine","","GCMS",16apr2023,1,"4.03"
"800462","methamphetamine","","GCMS",19apr2023,1,"3.96"
"800465","hydrocodone","","GCMS",13apr2023,1,"9.84"
"800465","acetaminophen","","GCMS",13apr2023,1,"7.04"
"800466","acetaminophen","","GCMS",23mar2023,1,"6.1"
"800466","4-ANPP","","GCMS",23mar2023,1,"9.01"
"800466","fentanyl","","GCMS",23mar2023,1,"10.11"
"800467","heroin","","GCMS",19apr2023,1,"9.41"
"800467","papaverine","trace","GCMS",19apr2023,1,"."
"800467","6-monoacetylmorphine (6-MAM)","trace","GCMS",19apr2023,1,"."
"800467","acetylcodeine","trace","GCMS",19apr2023,1,"."
"800468","fentanyl","","GCMS",23mar2023,1,"10.33"
"800468","4-ANPP","trace","GCMS",23mar2023,1,"."
"800468","acetaminophen","","GCMS",23mar2023,1,"6.19"
"800468","ethyl 4-ANPP","trace","GCMS",23mar2023,1,"."
"800469","methamphetamine","trace","GCMS",18apr2023,1,"."
"800472","methamphetamine","","GCMS",09may2023,1,"3.8"
"800473","methamphetamine","","GCMS",30mar2023,1,"4.37"
"800474","4-ANPP","","GCMS",24mar2023,1,"9.19"
"800474","ethyl 4-ANPP","trace","GCMS",24mar2023,1,"."
"800474","fentanyl","","GCMS",24mar2023,1,"10.37"
"800474","acetaminophen","trace","GCMS",24mar2023,1,"."
"800477","acetylcodeine","","GCMS",16may2023,1,"9.25"
"800477","heroin","","GCMS",16may2023,1,"9.76"
"800479","6-monoacetylmorphine (6-MAM)","trace","GCMS",17apr2023,1,"."
"800479","acetylcodeine","trace","GCMS",17apr2023,1,"."
"800479","heroin","","GCMS",17apr2023,1,"9.42"
"800479","methamphetamine","trace","GCMS",17apr2023,1,"."
"800479","inositol","trace","GCMS",17apr2023,1,"."
"800480","cocaine","","GCMS",30mar2023,1,"8.68"
"800481","methamphetamine","","GCMS",09may2023,1,"3.83"
"800483","N-formylmethamphetamine","trace","GCMS",14apr2023,1,"."
"800483","amphetamine","trace","GCMS",14apr2023,1,"."
"800483","methamphetamine","","GCMS",14apr2023,1,"3.93"
"800484","methamphetamine","","GCMS",14apr2023,1,"3.72"
"800492","1-phenethyl-4-propionyloxypiperidine","trace","GCMS",09may2023,1,"."
"800492","4-ANPP","","GCMS",09may2023,1,"9.06"
"800492","fentanyl","","GCMS",09may2023,1,"10.21"
"800493","fentanyl","","GCMS",13apr2023,1,"9.79"
"800493","methamphetamine","","GCMS",13apr2023,1,"3.52"
"800493","4-ANPP","","GCMS",13apr2023,1,"8.77"
"800493","ethyl 4-ANPP","trace","GCMS",13apr2023,1,"."
"800493","acetaminophen","","GCMS",13apr2023,1,"6.99"
"800497","phenacetin","trace","GCMS",08may2023,1,"."
"800497","xylazine","","GCMS",08may2023,1,"7.42"
"800497","4-ANPP","","GCMS",08may2023,1,"9.06"
"800497","diphenhydramine","","GCMS",08may2023,1,"6.98"
"800497","heroin","trace","GCMS",08may2023,1,"."
"800497","phenethyl 4-ANPP","","GCMS",08may2023,1,"13.64"
"800497","fentanyl","","GCMS",08may2023,1,"10.21"
"800504","etizolam","","GCMS",16may2023,1,"12.53"
"800511","methamphetamine","","GCMS",21mar2023,1,"3.94"
"800512","methamphetamine","","GCMS",16apr2023,1,"3.98"
"800513","3,4-MDMA","","GCMS",12may2023,1,"5.61"
"800514","phenethyl 4-ANPP","trace","GCMS",14apr2023,1,"."
"800514","acetaminophen","","GCMS",14apr2023,1,"6.08"
"800514","noramidopyrine","","GCMS",14apr2023,1,"7.25"
"800514","4-ANPP","","GCMS",14apr2023,1,"8.76"
"800514","fentanyl","","GCMS",14apr2023,1,"9.78"
"800516","heroin","","GCMS",08may2023,1,"9.78"
"800516","p-fluorofentanyl","","GCMS",08may2023,1,"10.02"
"800516","6-monoacetylmorphine (6-MAM)","trace","GCMS",08may2023,1,"."
"800516","despropionyl p-fluorofentanyl","","GCMS",08may2023,1,"9.06"
"800516","p-fluoro phenethyl 4-ANPP","trace","GCMS",08may2023,1,"."
"800516","diphenhydramine","","GCMS",08may2023,1,"6.99"
"800516","acetylcodeine","trace","GCMS",08may2023,1,"."
"800516","caffeine","","GCMS",08may2023,1,"6.87"
"800516","quinine","","GCMS",08may2023,1,"10.79"
"800516","phenethylbromide","trace","GCMS",08may2023,1,"."
"800518","lidocaine","","GCMS",08may2023,1,"7"
"800518","p-fluorofentanyl","trace","GCMS",08may2023,1,"."
"800518","xylazine","","GCMS",08may2023,1,"7.43"
"800518","diphenhydramine","","GCMS",08may2023,1,"6.98"
"800518","quinine","trace","GCMS",08may2023,1,"."
"800518","caffeine","","GCMS",08may2023,1,"6.86"
"800518","4-ANPP","trace","GCMS",08may2023,1,"."
"800518","ethyl 4-ANPP","trace","GCMS",08may2023,1,"."
"800518","fentanyl","trace","GCMS",08may2023,1,"."
"800518","niacinamide","trace","GCMS",08may2023,1,"."
"800518","tramadol","trace","GCMS",08may2023,1,"."
"800518","despropionyl p-fluorofentanyl","trace","GCMS",08may2023,1,"."
"800520","methamphetamine","","GCMS",11may2023,1,"3.89"
"800522","ketamine","","GCMS",30mar2023,1,"7.46"
"800523","methamphetamine","","GCMS",10apr2023,1,"3.67"
"800526","acetaminophen","","GCMS",16may2023,1,"6.33"
"800526","4-ANPP","trace","GCMS",16may2023,1,"."
"800526","fentanyl","","GCMS",16may2023,1,"10.19"
"800527","despropionyl p-fluorofentanyl","","GCMS",10may2023,1,"9.06"
"800527","phenethyl 4-ANPP","","GCMS",10may2023,1,"13.63"
"800527","xylazine","","GCMS",10may2023,1,"7.42"
"800527","fentanyl","","GCMS",10may2023,1,"10.21"
"800527","4-ANPP","","GCMS",10may2023,1,"9.06"
"800527","ethyl 4-ANPP","trace","GCMS",10may2023,1,"."
"800527","p-fluorofentanyl","","GCMS",10may2023,1,"10"
"800531","denatonium","","GCMS",17apr2023,1,"8.79"
"800531","clonazolam","indication of","GCMS",17apr2023,1,"."
"800531","bromazolam","indication of","GCMS",17apr2023,1,"."
"800531","8-aminoclonazolam","trace","GCMS",17apr2023,1,"."
"800531","lidocaine","","GCMS",17apr2023,1,"6.77"
"800531","fentanyl","","GCMS",17apr2023,1,"9.79"
"800534","3,4-MDMA","","GCMS",21mar2023,1,"5.61"
"800536","methamphetamine","","GCMS",10apr2023,1,"3.61"
"800537","methamphetamine","","GCMS",10apr2023,1,"3.61"
"800541","clonazepam","","GCMS",12may2023,1,"11.03"
"800543","methamphetamine","","GCMS",10apr2023,1,"3.81"
"800544","heroin","","GCMS",10may2023,1,"9.76"
"800544","acetylcodeine","","GCMS",10may2023,1,"9.27"
"800544","6-monoacetylmorphine (6-MAM)","trace","GCMS",10may2023,1,"."
"800545","temazepam","","GCMS",30mar2023,1,"10.48"
"800547","methamphetamine","","GCMS",09may2023,1,"3.96"
"800549","methamphetamine","","GCMS",19apr2023,1,"3.88"
"800552","cocaine","","GCMS",09may2023,1,"8.17"
"800553","phenethylbromide","trace","GCMS",09may2023,1,"."
"800553","N-butyl-aniline","","GCMS",09may2023,1,"7.56"
"800553","fentanyl","","GCMS",09may2023,1,"10.24"
"800553","4-ANPP","","GCMS",09may2023,1,"9.07"
"800553","phenethyl 4-ANPP","trace","GCMS",09may2023,1,"."
"800553","1-phenethyl-4-propionyloxypiperidine","trace","GCMS",09may2023,1,"."
"800553","phenethyl chloride","trace","GCMS",09may2023,1,"."
"800553","1-phenethyl-4-hydroxypiperidine","trace","GCMS",09may2023,1,"."
"800555","delta-9-THC","trace","GCMS",14apr2023,1,"."
"800555","methamphetamine","","GCMS",14apr2023,1,"4.04"
"800557","cocaine","","GCMS",09may2023,1,"8.18"
"800557","tropacocaine","trace","GCMS",09may2023,1,"."
"800557","methyl ecgonidine (MED)","trace","GCMS",09may2023,1,"."
"800557","norcocaine","trace","GCMS",09may2023,1,"."
"800561","cocaine","","GCMS",16apr2023,1,"7.93"
"800561","tropacocaine","trace","GCMS",16apr2023,1,"."
"800561","methyl ecgonidine (MED)","trace","GCMS",16apr2023,1,"."
"800565","N-butyl-aniline","","GCMS",14apr2023,1,"."
"800565","1-phenethyl-4-propionyloxypiperidine","trace","GCMS",14apr2023,1,"."
"800565","acetaminophen","","GCMS",14apr2023,1,"6.07"
"800565","noramidopyrine","","GCMS",14apr2023,1,"7.25"
"800565","ethyl 4-ANPP","trace","GCMS",14apr2023,1,"."
"800565","4-ANPP","trace","GCMS",14apr2023,1,"."
"800565","fentanyl","","GCMS",14apr2023,1,"9.79"
"800568","methamphetamine","","GCMS",09may2023,1,"4.01"
"800570","ethyl 4-ANPP","trace","GCMS",10apr2023,1,"."
"800570","phenethyl 4-ANPP","trace","GCMS",10apr2023,1,"."
"800570","fentanyl","","GCMS",10apr2023,1,"9.88"
"800570","4-ANPP","","GCMS",10apr2023,1,"8.84"
"800570","melatonin","trace","GCMS",10apr2023,1,"."
"800576","cocaine","","GCMS",09may2023,1,"8.17"
"800580","methamphetamine","","GCMS",09may2023,1,"4"
"800581","etizolam","","GCMS",10may2023,1,"12.53"
"800581","bromazolam","","GCMS",10may2023,1,"12.73"
"800582","methamphetamine","","GCMS",16apr2023,1,"3.96"
"800583","4-ANPP","trace","GCMS",10may2023,1,"."
"800583","quinine","trace","GCMS",10may2023,1,"."
"800583","diphenhydramine","trace","GCMS",10may2023,1,"."
"800583","fentanyl","trace","GCMS",10may2023,1,"."
"800583","6-monoacetylmorphine (6-MAM)","trace","GCMS",10may2023,1,"."
"800583","heroin","","GCMS",10may2023,1,"9.78"
"800583","acetylcodeine","","GCMS",10may2023,1,"9.27"
"800585","methamphetamine","","GCMS",22mar2023,1,"3.99"
"800594","acetylcodeine","","GCMS",16may2023,1,"9.25"
"800594","heroin","","GCMS",16may2023,1,"9.76"
"800596","tramadol","","GCMS",11may2023,1,"7.29"
"800596","diphenhydramine","","GCMS",11may2023,1,"6.97"
"800596","ethyl 4-ANPP","","GCMS",11may2023,1,"9.18"
"800596","gabapentin","","GCMS",11may2023,1,"5.84"
"800596","phenethyl 4-ANPP","","GCMS",11may2023,1,"13.58"
"800596","quinine","","GCMS",11may2023,1,"10.73"
"800596","caffeine","","GCMS",11may2023,1,"6.85"
"800596","buspirone","","GCMS",11may2023,1,"15.53"
"800596","4-ANPP","","GCMS",11may2023,1,"9.04"
"800596","fentanyl","","GCMS",11may2023,1,"10.17"
"800596","acetaminophen","","GCMS",11may2023,1,"6.18"
"800597","fentanyl","","GCMS",08may2023,1,"10.22"
"800597","noramidopyrine","trace","GCMS",08may2023,1,"."
"800597","methamphetamine","trace","GCMS",08may2023,1,"."
"800597","acetaminophen","","GCMS",08may2023,1,"6.32"
"800597","4-ANPP","","GCMS",08may2023,1,"9.07"
"800601","bromazolam","","GCMS",10may2023,1,"12.71"
"800603","methamphetamine","","GCMS",16apr2023,1,"3.95"
"800605","methamphetamine","","GCMS",21mar2023,1,"4.02"
"800613","methamphetamine","","GCMS",19apr2023,1,"3.9"
"800614","methamphetamine","","GCMS",24mar2023,1,"3.95"
"800618","methamphetamine","","GCMS",12may2023,1,"3.94"
"800622","fentanyl","","GCMS",08may2023,1,"10.2"
"800622","quinine","trace","GCMS",08may2023,1,"."
"800622","cocaine","trace","GCMS",08may2023,1,"."
"800622","diphenhydramine","","GCMS",08may2023,1,"6.98"
"800622","4-ANPP","","GCMS",08may2023,1,"9.06"
"800622","caffeine","","GCMS",08may2023,1,"6.86"
"800624","papaverine","trace","GCMS",09may2023,1,"."
"800624","heroin","","GCMS",09may2023,1,"9.76"
"800624","6-monoacetylmorphine (6-MAM)","trace","GCMS",09may2023,1,"."
"800624","acetylcodeine","","GCMS",09may2023,1,"9.26"
"800626","methamphetamine","","GCMS",10apr2023,1,"4.07"
"800628","4-ANPP","","GCMS",23mar2023,1,"9.15"
"800628","fentanyl","","GCMS",23mar2023,1,"10.31"
"800628","tramadol","trace","GCMS",23mar2023,1,"."
"800628","acetaminophen","","GCMS",23mar2023,1,"6.21"
"800630","bromazolam","","GCMS",10may2023,1,"12.73"
"800630","ketamine","trace","GCMS",10may2023,1,"."
"800631","4-ANPP","","GCMS",23mar2023,1,"9.07"
"800631","fentanyl","","GCMS",23mar2023,1,"10.2"
"800631","acetaminophen","","GCMS",23mar2023,1,"6.26"
"800631","ethyl 4-ANPP","trace","GCMS",23mar2023,1,"."
"800632","methamphetamine","","GCMS",12may2023,1,"3.93"
"800634","cocaine","","GCMS",11may2023,1,"8.16"
"800634","methyl ecgonidine (MED)","trace","GCMS",11may2023,1,"."
"800636","methamphetamine","","GCMS",10apr2023,1,"4.08"
"800637","methamphetamine","","GCMS",21mar2023,1,"3.95"
"800640","4-ANPP","","GCMS",16may2023,1,"9.04"
"800640","fentanyl","","GCMS",16may2023,1,"10.18"
"800643","methamphetamine","trace","GCMS",16may2023,1,"."
"800643","heroin","","GCMS",16may2023,1,"9.75"
"800643","4-ANPP","","GCMS",16may2023,1,"9.05"
"800643","cocaine","trace","GCMS",16may2023,1,"."
"800643","quinine","","GCMS",16may2023,1,"10.75"
"800643","fentanyl","","GCMS",16may2023,1,"10.18"
"800643","diphenhydramine","","GCMS",16may2023,1,"6.98"
"800646","ethyl 4-ANPP","trace","GCMS",08may2023,1,"."
"800646","fentanyl","","GCMS",08may2023,1,"10.22"
"800646","4-ANPP","","GCMS",08may2023,1,"9.07"
"800646","acetaminophen","","GCMS",08may2023,1,"6.2"
"800646","phenethyl 4-ANPP","trace","GCMS",08may2023,1,"."
"800647","methamphetamine","","GCMS",16apr2023,1,"4.04"
"800649","methamphetamine","","GCMS",14apr2023,1,"4"
"800650","cocaine","","GCMS",21mar2023,1,"8.13"
"800650","ecgonidine (ED)","trace","GCMS",21mar2023,1,"."
"800650","norcocaine","trace","GCMS",21mar2023,1,"."
"800650","tropacocaine","trace","GCMS",21mar2023,1,"."
"800650","methyl ecgonidine (MED)","trace","GCMS",21mar2023,1,"."
"800656","methamphetamine","","GCMS",24mar2023,1,"4.02"
"800657","ethyl 4-ANPP","trace","GCMS",08may2023,1,"."
"800657","diphenhydramine","","GCMS",08may2023,1,"6.98"
"800657","4-ANPP","","GCMS",08may2023,1,"9.07"
"800657","1-phenethyl-4-propionyloxypiperidine","trace","GCMS",08may2023,1,"."
"800657","N-phenylpropanamide","trace","GCMS",08may2023,1,"."
"800657","1-phenethyl-4-hydroxypiperidine","trace","GCMS",08may2023,1,"."
"800657","quinine","trace","GCMS",08may2023,1,"."
"800657","fentanyl","","GCMS",08may2023,1,"10.22"
"800657","caffeine","","GCMS",08may2023,1,"6.86"
"800657","phenethyl 4-ANPP","trace","GCMS",08may2023,1,"."
"800657","acetyl fentanyl","trace","GCMS",08may2023,1,"."
"800657","acetaminophen","","GCMS",08may2023,1,"6.22"
"800658","diphenhydramine","","GCMS",10may2023,1,"6.99"
"800658","4-ANPP","","GCMS",10may2023,1,"9.07"
"800658","acetyl fentanyl","trace","GCMS",10may2023,1,"."
"800658","1-phenethyl-4-propionyloxypiperidine","trace","GCMS",10may2023,1,"."
"800658","phenethyl 4-ANPP","trace","GCMS",10may2023,1,"."
"800658","N-phenylpropanamide","trace","GCMS",10may2023,1,"."
"800658","acetaminophen","","GCMS",10may2023,1,"6.24"
"800658","caffeine","","GCMS",10may2023,1,"6.87"
"800658","ethyl 4-ANPP","trace","GCMS",10may2023,1,"."
"800658","quinine","","GCMS",10may2023,1,"10.78"
"800658","fentanyl","","GCMS",10may2023,1,"10.23"
"800663","phenethyl 4-ANPP","trace","GCMS",19apr2023,1,"."
"800663","acetaminophen","","GCMS",19apr2023,1,"6.14"
"800663","noramidopyrine","","GCMS",19apr2023,1,"7.25"
"800663","ethyl 4-ANPP","trace","GCMS",19apr2023,1,"."
"800663","fentanyl","","GCMS",19apr2023,1,"9.8"
"800663","4-ANPP","","GCMS",19apr2023,1,"8.78"
"800665","4-ANPP","","GCMS",13apr2023,1,"8.77"
"800665","fentanyl","","GCMS",13apr2023,1,"9.8"
"800665","acetaminophen","","GCMS",13apr2023,1,"7.04"
"800666","3,4-MDMA","","GCMS",09may2023,1,"5.7"
"800667","cocaine","","GCMS",09may2023,1,"8.17"
"800668","4-ANPP","","GCMS",08may2023,1,"9.06"
"800668","xylazine","","GCMS",08may2023,1,"7.43"
"800668","lidocaine","","GCMS",08may2023,1,"7"
"800668","p-fluorofentanyl","trace","GCMS",08may2023,1,"."
"800668","niacinamide","trace","GCMS",08may2023,1,"."
"800668","quinine","trace","GCMS",08may2023,1,"."
"800668","ethyl 4-ANPP","trace","GCMS",08may2023,1,"."
"800668","fentanyl","","GCMS",08may2023,1,"10.21"
"800668","despropionyl p-fluorofentanyl","","GCMS",08may2023,1,"9.06"
"800668","tramadol","trace","GCMS",08may2023,1,"."
"800672","cocaine","","GCMS",23apr2023,1,"7.92"
"800672","methyl ecgonidine (MED)","trace","GCMS",23apr2023,1,"."
"800674","methamphetamine","trace","GCMS",08may2023,1,"."
"800674","bromazolam","","GCMS",08may2023,1,"12.76"
"800674","ketamine","trace","GCMS",08may2023,1,"."
"800675","cocaine","","GCMS",19apr2023,1,"7.93"
"800675","methyl ecgonidine (MED)","trace","GCMS",19apr2023,1,"."
"800680","4-ANPP","","GCMS",17apr2023,1,"8.77"
"800680","acetaminophen","","GCMS",17apr2023,1,"6.05"
"800680","fentanyl","","GCMS",17apr2023,1,"9.79"
"800682","ketamine","","GCMS",09may2023,1,"7.01"
"800682","1-[(2-chlorophenyl)(methylimino)methyl]cyclopentanol","trace","GCMS",09may2023,1,"."
"800684","methamphetamine","","GCMS",14apr2023,1,"3.95"
"800687","bromazolam","","GCMS",17apr2023,1,"11.97"
"800693","methamphetamine","","GCMS",19apr2023,1,"3.92"
"800694","bromazolam","","GCMS",16apr2023,1,"12"
"800698","methamphetamine","","GCMS",16apr2023,1,"4.01"
"800699","flualprazolam","","GCMS",15may2023,1,"11.24"
"800701","heroin","","GCMS",09may2023,1,"9.77"
"800701","acetylcodeine","","GCMS",09may2023,1,"9.27"
"800701","meconin","trace","GCMS",09may2023,1,"."
"800701","6-monoacetylmorphine (6-MAM)","","GCMS",09may2023,1,"9.34"
"800702","heroin","","GCMS",16may2023,1,"9.76"
"800702","acetylcodeine","","GCMS",16may2023,1,"9.26"
"800712","cocaine","trace","GCMS",16apr2023,1,"."
"800712","methamphetamine","","GCMS",16apr2023,1,"3.94"
"800718","4-ANPP","trace","GCMS",16may2023,1,"."
"800718","ethyl 4-ANPP","trace","GCMS",16may2023,1,"."
"800718","acetaminophen","","GCMS",16may2023,1,"6.27"
"800718","fentanyl","","GCMS",16may2023,1,"10.19"
"800722","methamphetamine","","GCMS",24mar2023,1,"3.68"
"800723","etizolam","","GCMS",16may2023,1,"12.53"
"800725","methamphetamine","","GCMS",19apr2023,1,"3.9"
"800727","cocaine","","GCMS",13apr2023,1,"7.92"
"800727","methyl ecgonidine (MED)","trace","GCMS",13apr2023,1,"."
"800728","4-ANPP","","GCMS",10apr2023,1,"8.83"
"800728","ethyl 4-ANPP","trace","GCMS",10apr2023,1,"."
"800728","acetaminophen","","GCMS",10apr2023,1,"6.04"
"800728","fentanyl","","GCMS",10apr2023,1,"9.87"
"800731","methamphetamine","","GCMS",16apr2023,1,"3.92"
"800733","methandrostenolone","","GCMS",09may2023,1,"10.2"
"800735","cocaine","","GCMS",15may2023,1,"8.15"
"800735","methamphetamine","","GCMS",15may2023,1,"3.75"
"800737","ketamine","","GCMS",13apr2023,1,"6.76"
"800738","phenethyl 4-ANPP","","GCMS",08may2023,1,"13.66"
"800738","fentanyl","","GCMS",08may2023,1,"10.22"
"800738","4-ANPP","","GCMS",08may2023,1,"9.07"
"800738","1-phenethyl-4-propionyloxypiperidine","","GCMS",08may2023,1,"7.34"
"800741","methamphetamine","","GCMS",11may2023,1,"3.85"
"800742","noramidopyrine","trace","GCMS",09may2023,1,"."
"800742","fentanyl","","GCMS",09may2023,1,"10.21"
"800742","acetaminophen","","GCMS",09may2023,1,"6.25"
"800742","1-phenethyl-4-propionyloxypiperidine","trace","GCMS",09may2023,1,"."
"800742","4-ANPP","trace","GCMS",09may2023,1,"."
"800744","cocaine","","GCMS",09may2023,1,"8.18"
"800744","methyl ecgonidine (MED)","trace","GCMS",09may2023,1,"."
"800747","methamphetamine","","GCMS",14apr2023,1,"4.01"
"800748","bromazolam","","GCMS",17apr2023,1,"11.97"
"800750","norcocaine","trace","GCMS",10apr2023,1,"."
"800750","lidocaine","trace","GCMS",10apr2023,1,"."
"800750","cocaine","","GCMS",10apr2023,1,"7.96"
"800750","tropacocaine","trace","GCMS",10apr2023,1,"."
"800750","methyl ecgonidine (MED)","trace","GCMS",10apr2023,1,"."
"800751","methamphetamine","","GCMS",10may2023,1,"4"
"800756","fentanyl","","GCMS",10may2023,1,"10.2"
"800756","4-ANPP","trace","GCMS",10may2023,1,"."
"800756","1-phenethyl-4-propionyloxypiperidine","trace","GCMS",10may2023,1,"."
"800756","acetaminophen","","GCMS",10may2023,1,"6.27"
"800756","methamphetamine","trace","GCMS",10may2023,1,"."
"800756","noramidopyrine","trace","GCMS",10may2023,1,"."
"800757","methamphetamine","","GCMS",16apr2023,1,"3.53"
"800758","acetaminophen","","GCMS",12may2023,1,"6.32"
"800758","fentanyl","trace","GCMS",12may2023,1,"."
"800758","noramidopyrine","trace","GCMS",12may2023,1,"."
"800758","4-ANPP","trace","GCMS",12may2023,1,"."
"800759","methamphetamine","trace","GCMS",16apr2023,1,"."
"800759","methyl ecgonidine (MED)","trace","GCMS",16apr2023,1,"."
"800759","cocaine","","GCMS",16apr2023,1,"7.93"
"800759","norcocaine","trace","GCMS",16apr2023,1,"."
"800761","methamphetamine","","GCMS",21mar2023,1,"4"
"800764","fentanyl","","GCMS",10may2023,1,"10.19"
"800764","4-ANPP","","GCMS",10may2023,1,"9.05"
"800765","fentanyl","","GCMS",10apr2023,1,"9.93"
"800765","4-ANPP","","GCMS",10apr2023,1,"8.85"
"800765","phenethyl 4-ANPP","trace","GCMS",10apr2023,1,"."
"800765","1-phenethyl-4-propionyloxypiperidine","trace","GCMS",10apr2023,1,"."
"800770","fentanyl","","GCMS",10apr2023,1,"9.92"
"800770","acetaminophen","trace","GCMS",10apr2023,1,"."
"800770","ethyl 4-ANPP","trace","GCMS",10apr2023,1,"."
"800770","4-ANPP","","GCMS",10apr2023,1,"8.85"
"800770","phenethyl 4-ANPP","trace","GCMS",10apr2023,1,"."
"800771","fentanyl","","GCMS",24mar2023,1,"10.34"
"800771","phenethyl 4-ANPP","trace","GCMS",24mar2023,1,"."
"800771","1-phenethyl-4-hydroxypiperidine","trace","GCMS",24mar2023,1,"."
"800771","1-phenethyl-4-propionyloxypiperidine","trace","GCMS",24mar2023,1,"."
"800771","4-ANPP","trace","GCMS",24mar2023,1,"."
"800771","ethyl 4-ANPP","","GCMS",24mar2023,1,"9.31"
"800776","cocaine","","GCMS",08may2023,1,"."
"800778","cocaine","","GCMS",09may2023,1,"8.17"
"800778","tropacocaine","trace","GCMS",09may2023,1,"."
"800779","lidocaine","","GCMS",10apr2023,1,"6.79"
"800779","cocaine","","GCMS",10apr2023,1,"7.96"
"800779","methyl ecgonidine (MED)","trace","GCMS",10apr2023,1,"."
"800781","clonazepam","","GCMS",21apr2023,1,"10.53"
"800783","4-ANPP","","GCMS",12may2023,1,"9.04"
"800783","phenethyl 4-ANPP","","GCMS",12may2023,1,"13.57"
"800783","fentanyl","","GCMS",12may2023,1,"10.17"
"800784","4-ANPP","","GCMS",23mar2023,1,"8.98"
"800784","fentanyl","","GCMS",23mar2023,1,"10.08"
"800784","acetaminophen","","GCMS",23mar2023,1,"6.27"
"800786","fentanyl","","GCMS",23mar2023,1,"10.11"
"800786","phenethyl 4-ANPP","trace","GCMS",23mar2023,1,"."
"800786","N-phenylpropanamide","trace","GCMS",23mar2023,1,"."
"800786","ethyl 4-ANPP","trace","GCMS",23mar2023,1,"."
"800786","4-ANPP","trace","GCMS",23mar2023,1,"."
"800786","acetaminophen","","GCMS",23mar2023,1,"6.34"
"800788","4-ANPP","","GCMS",10apr2023,1,"8.79"
"800788","fentanyl","","GCMS",10apr2023,1,"9.81"
"800789","methamphetamine","","GCMS",09may2023,1,"3.8"
"800793","methamphetamine","","GCMS",12may2023,1,"3.9"
"800794","6-monoacetylmorphine (6-MAM)","trace","GCMS",19apr2023,1,"."
"800794","heroin","","GCMS",19apr2023,1,"9.4"
"800794","acetylcodeine","","GCMS",19apr2023,1,"8.96"
"800798","bromazolam","","GCMS",10may2023,1,"12.9"
"800798","ketamine","trace","GCMS",10may2023,1,"."
"800798","fentanyl","trace","GCMS",10may2023,1,"."
"800799","bromazolam","","GCMS",30mar2023,1,"14.24"
"800800","codeine","trace","GCMS",17apr2023,1,"."
"800800","heroin","","GCMS",17apr2023,1,"9.45"
"800800","6-monoacetylmorphine (6-MAM)","","GCMS",17apr2023,1,"9.05"
"800800","papaverine","trace","GCMS",17apr2023,1,"."
"800800","meconin","trace","GCMS",17apr2023,1,"."
"800800","3-monoacetylmorphine (3-MAM)","trace","GCMS",17apr2023,1,"."
"800800","acetylcodeine","","GCMS",17apr2023,1,"8.98"
"800800","hydrocotarnine","trace","GCMS",17apr2023,1,"."
"800800","morphine","trace","GCMS",17apr2023,1,"."
"800806","methamphetamine","","GCMS",23apr2023,1,"3.92"
"800808","meconin","trace","GCMS",09may2023,1,"."
"800808","hydrocotarnine","trace","GCMS",09may2023,1,"."
"800808","6-monoacetylmorphine (6-MAM)","","GCMS",09may2023,1,"9.35"
"800808","acetylcodeine","","GCMS",09may2023,1,"9.28"
"800808","heroin","","GCMS",09may2023,1,"9.78"
"800810","methamphetamine","","GCMS",16apr2023,1,"3.91"
"800812","tramadol","","GCMS",12may2023,1,"7.3"
"800815","1-phenethyl-4-propionyloxypiperidine","trace","GCMS",19apr2023,1,"."
"800815","noramidopyrine","","GCMS",19apr2023,1,"7.24"
"800815","fentanyl","","GCMS",19apr2023,1,"9.79"
"800815","4-ANPP","trace","GCMS",19apr2023,1,"."
"800815","acetaminophen","","GCMS",19apr2023,1,"6.1"
"800819","fentanyl","","GCMS",23mar2023,1,"10.09"
"800819","lidocaine","trace","GCMS",23mar2023,1,"."
"800819","4-ANPP","trace","GCMS",23mar2023,1,"."
"800819","acetaminophen","","GCMS",23mar2023,1,"6.1"
"800822","methamphetamine","","GCMS",30mar2023,1,"4.46"
"800823","methamphetamine","","GCMS",11may2023,1,"3.93"
"800824","acetylcodeine","trace","GCMS",19apr2023,1,"."
"800824","heroin","","GCMS",19apr2023,1,"9.4"
"800824","6-monoacetylmorphine (6-MAM)","trace","GCMS",19apr2023,1,"."
"800825","fentanyl","trace","GCMS",16may2023,1,"."
"800825","acetaminophen","trace","GCMS",16may2023,1,"."
"800825","methamphetamine","","GCMS",16may2023,1,"3.86"
"800825","quinine","","GCMS",16may2023,1,"10.75"
"800825","gabapentin","trace","GCMS",16may2023,1,"."
"800825","caffeine","","GCMS",16may2023,1,"6.85"
"800825","diphenhydramine","","GCMS",16may2023,1,"6.97"
"800825","cocaine","trace","GCMS",16may2023,1,"."
"800825","quetiapine","trace","GCMS",16may2023,1,"."
"800825","4-ANPP","trace","GCMS",16may2023,1,"."
"800826","oxycodone","","GCMS",09may2023,1,"9.43"
"800827","4-ANPP","trace","GCMS",31mar2023,1,"."
"800827","fentanyl","","GCMS",31mar2023,1,"11.18"
"800830","methamphetamine","","GCMS",19apr2023,1,"3.69"
"800831","methamphetamine","","GCMS",11may2023,1,"3.89"
"800831","N,N-Dimethylamphetamine (DMA)","trace","GCMS",11may2023,1,"."
"800832","ethyl 4-ANPP","trace","GCMS",15may2023,1,"."
"800832","4-ANPP","","GCMS",15may2023,1,"9.06"
"800832","fentanyl","","GCMS",15may2023,1,"10.2"
"800832","1-phenethyl-4-propionyloxypiperidine","","GCMS",15may2023,1,"7.34"
"800832","acetaminophen","","GCMS",15may2023,1,"6.39"
"800832","noramidopyrine","trace","GCMS",15may2023,1,"."
"800835","caffeine","","GCMS",08may2023,1,"6.86"
"800835","acetylcodeine","","GCMS",08may2023,1,"."
"800835","p-fluoro phenethyl 4-ANPP","","GCMS",08may2023,1,"."
"800835","despropionyl p-fluorofentanyl","","GCMS",08may2023,1,"9.06"
"800835","heroin","","GCMS",08may2023,1,"9.78"
"800835","diphenhydramine","","GCMS",08may2023,1,"6.98"
"800835","6-monoacetylmorphine (6-MAM)","","GCMS",08may2023,1,"."
"800835","p-fluorofentanyl","","GCMS",08may2023,1,"10.01"
"800835","quinine","","GCMS",08may2023,1,"10.78"
"800840","6-monoacetylmorphine (6-MAM)","trace","GCMS",09may2023,1,"."
"800840","papaverine","trace","GCMS",09may2023,1,"."
"800840","heroin","","GCMS",09may2023,1,"9.77"
"800840","acetylcodeine","","GCMS",09may2023,1,"9.27"
"800842","methamphetamine","","GCMS",16apr2023,1,"3.95"
"800843","fentanyl","","GCMS",18apr2023,1,"9.8"
"800843","4-ANPP","trace","GCMS",18apr2023,1,"."
"800843","1-phenethyl-4-propionyloxypiperidine","trace","GCMS",18apr2023,1,"."
"800843","ethyl 4-ANPP","trace","GCMS",18apr2023,1,"."
"800843","noramidopyrine","","GCMS",18apr2023,1,"7.25"
"800843","acetaminophen","","GCMS",18apr2023,1,"6.08"
"800843","phenethyl 4-ANPP","trace","GCMS",18apr2023,1,"."
"800845","methamphetamine","","GCMS",16apr2023,1,"4.02"
"800850","ethyl 4-ANPP","trace","GCMS",15may2023,1,"."
"800850","fentanyl","","GCMS",15may2023,1,"10.2"
"800850","4-ANPP","","GCMS",15may2023,1,"9.05"
"800850","phenethyl 4-ANPP","trace","GCMS",15may2023,1,"."
"800850","acetaminophen","","GCMS",15may2023,1,"6.2"
"800852","amphetamine","trace","GCMS",09may2023,1,"."
"800852","methamphetamine","","GCMS",09may2023,1,"3.89"
"800852","N,N-Dimethylamphetamine (DMA)","","GCMS",09may2023,1,"4.16"
"800860","morphine","trace","GCMS",17apr2023,1,"."
"800860","heroin","","GCMS",17apr2023,1,"9.42"
"800860","hydrocotarnine","trace","GCMS",17apr2023,1,"."
"800860","acetylcodeine","","GCMS",17apr2023,1,"8.97"
"800860","meconin","trace","GCMS",17apr2023,1,"."
"800860","fentanyl","trace","GCMS",17apr2023,1,"."
"800860","4-ANPP","trace","GCMS",17apr2023,1,"."
"800860","6-monoacetylmorphine (6-MAM)","","GCMS",17apr2023,1,"9.04"
"800860","3-monoacetylmorphine (3-MAM)","trace","GCMS",17apr2023,1,"."
"800866","ethyl 4-ANPP","","GCMS",16may2023,1,"9.19"
"800866","4-ANPP","","GCMS",16may2023,1,"9.05"
"800866","phenethyl 4-ANPP","trace","GCMS",16may2023,1,"."
"800866","fentanyl","","GCMS",16may2023,1,"10.18"
"800869","despropionyl p-fluorofentanyl","","GCMS",16may2023,1,"9.09"
"800869","methamphetamine","trace","GCMS",16may2023,1,"."
"800869","fentanyl","","GCMS",16may2023,1,"10.19"
"800869","p-fluorofentanyl","","GCMS",16may2023,1,"9.99"
"800869","4-ANPP","","GCMS",16may2023,1,"9.09"
"800871","methamphetamine","","GCMS",09may2023,1,"3.98"
"800873","methamphetamine","","GCMS",19apr2023,1,"3.91"
"800875","methamphetamine","","GCMS",24mar2023,1,"4.06"
"800876","noramidopyrine","","GCMS",14apr2023,1,"7.25"
"800876","fentanyl","","GCMS",14apr2023,1,"9.78"
"800876","4-ANPP","","GCMS",14apr2023,1,"8.76"
"800876","acetaminophen","","GCMS",14apr2023,1,"6.14"
"800878","methamphetamine","","GCMS",16apr2023,1,"3.81"
"800879","methamphetamine","","GCMS",19apr2023,1,"3.97"
"800880","heroin","","GCMS",16may2023,1,"9.76"
"800880","6-monoacetylmorphine (6-MAM)","trace","GCMS",16may2023,1,"."
"800880","acetylcodeine","","GCMS",16may2023,1,"9.26"
"800883","4-ANPP","","GCMS",10may2023,1,"9.06"
"800883","heroin","","GCMS",10may2023,1,"9.78"
"800883","p-fluoro phenethyl 4-ANPP","","GCMS",10may2023,1,"13.31"
"800883","cocaine","","GCMS",10may2023,1,"8.17"
"800883","6-monoacetylmorphine (6-MAM)","","GCMS",10may2023,1,"9.35"
"800883","p-fluorofentanyl","","GCMS",10may2023,1,"10.01"
"800883","acetylcodeine","","GCMS",10may2023,1,"9.27"
"800883","despropionyl p-fluorofentanyl","","GCMS",10may2023,1,"9.06"
"800883","fentanyl","","GCMS",10may2023,1,"10.21"
"800883","phenethyl 4-ANPP","","GCMS",10may2023,1,"."
"800883","phenethylbromide","","GCMS",10may2023,1,"."
"800888","heroin","","GCMS",24mar2023,1,"9.92"
"800888","papaverine","trace","GCMS",24mar2023,1,"."
"800888","6-monoacetylmorphine (6-MAM)","trace","GCMS",24mar2023,1,"."
"800888","inositol","trace","GCMS",24mar2023,1,"."
"800888","acetylcodeine","","GCMS",24mar2023,1,"9.39"
"800893","fentanyl","","GCMS",13apr2023,1,"9.79"
"800893","acetaminophen","","GCMS",13apr2023,1,"6.66"
"800893","phenethyl 4-ANPP","trace","GCMS",13apr2023,1,"."
"800893","xylazine","trace","GCMS",13apr2023,1,"."
"800893","4-ANPP","","GCMS",13apr2023,1,"8.77"
"800894","methamphetamine","","GCMS",10may2023,1,"3.95"
"800896","4-ANPP","","GCMS",17apr2023,1,"8.8"
"800896","fentanyl","","GCMS",17apr2023,1,"9.83"
"800897","methamphetamine","trace","GCMS",20apr2023,1,"."
"800897","3,4-MDMA","trace","GCMS",20apr2023,1,"."
"800897","fluorexetamine","trace","GCMS",20apr2023,1,"."
"800897","4-fluoro-alpha-PHP","","FTIR",20apr2023,1,"."
"800897","4-fluoro-alpha-PHP","","GCMS",20apr2023,1,"6.57"
"800897","cocaine","trace","GCMS",20apr2023,1,"."
"800897","caffeine","trace","GCMS",20apr2023,1,"."
"800898","4-ANPP","","GCMS",10apr2023,1,"8.83"
"800898","cocaine","trace","GCMS",10apr2023,1,"."
"800898","ethyl 4-ANPP","trace","GCMS",10apr2023,1,"."
"800898","phenethyl 4-ANPP","trace","GCMS",10apr2023,1,"."
"800898","fentanyl","","GCMS",10apr2023,1,"9.89"
"800899","phenethyl 4-ANPP","trace","GCMS",16may2023,1,"."
"800899","4-ANPP","","GCMS",16may2023,1,"9.05"
"800899","fentanyl","","GCMS",16may2023,1,"10.19"
"800899","acetaminophen","","GCMS",16may2023,1,"6.35"
"800900","acetylcodeine","","GCMS",16may2023,1,"9.27"
"800900","heroin","","GCMS",16may2023,1,"9.77"
"800901","acetaminophen","","GCMS",14apr2023,1,"6.29"
"800901","ethyl 4-ANPP","trace","GCMS",14apr2023,1,"."
"800901","noramidopyrine","","GCMS",14apr2023,1,"7.25"
"800901","1-phenethyl-4-propionyloxypiperidine","trace","GCMS",14apr2023,1,"."
"800901","4-ANPP","trace","GCMS",14apr2023,1,"."
"800901","fentanyl","","GCMS",14apr2023,1,"9.79"
"800903","methamphetamine","","GCMS",24mar2023,1,"4"
"800904","methamphetamine","","GCMS",14apr2023,1,"3.99"
"800905","4-ANPP","","GCMS",16may2023,1,"9.05"
"800905","fentanyl","","GCMS",16may2023,1,"10.18"
"800905","N-phenylpropanamide","","GCMS",16may2023,1,"5.19"
"800905","methamphetamine","","GCMS",16may2023,1,"3.79"
"800906","methamphetamine","","GCMS",23apr2023,1,"3.87"
"800907","8-aminoclonazolam","","GCMS",12may2023,1,"17.16"
"800907","flualprazolam","","GCMS",12may2023,1,"11.24"
"800907","metonitazene","","GCMS",12may2023,1,"15.41"
"800907","etizolam","","GCMS",12may2023,1,"12.5"
"800907","acetaminophen","","GCMS",12may2023,1,"6.19"
"800907","clonazolam","","GCMS",12may2023,1,"14.53"
"800908","6-monoacetylmorphine (6-MAM)","trace","GCMS",31mar2023,1,"."
"800908","heroin","","GCMS",31mar2023,1,"10.64"
"800908","acetylcodeine","trace","GCMS",31mar2023,1,"."
"800909","methamphetamine","","GCMS",19apr2023,1,"3.95"
"800912","noramidopyrine","","GCMS",19apr2023,1,"."
"800912","4-ANPP","","GCMS",19apr2023,1,"."
"800912","fentanyl","","GCMS",19apr2023,1,"."
"800912","ethyl 4-ANPP","trace","GCMS",19apr2023,1,"."
"800912","acetaminophen","","GCMS",19apr2023,1,"."
"800912","phenethyl 4-ANPP","trace","GCMS",19apr2023,1,"."
"800916","4-ANPP","","GCMS",16may2023,1,"9.05"
"800916","4-anilinopiperidine","trace","GCMS",16may2023,1,"."
"800916","fentanyl","","GCMS",16may2023,1,"10.19"
"800916","ethyl 4-ANPP","trace","GCMS",16may2023,1,"."
"800917","methamphetamine","","GCMS",19apr2023,1,"3.93"
"800918","methamphetamine","","GCMS",16apr2023,1,"3.99"
"800921","acetyl fentanyl","trace","GCMS",10may2023,1,"."
"800921","diphenhydramine","","GCMS",10may2023,1,"6.98"
"800921","phenethyl 4-ANPP","trace","GCMS",10may2023,1,"."
"800921","1-phenethyl-4-propionyloxypiperidine","trace","GCMS",10may2023,1,"."
"800921","fentanyl","","GCMS",10may2023,1,"10.21"
"800921","acetaminophen","","GCMS",10may2023,1,"6.21"
"800921","N-phenylpropanamide","trace","GCMS",10may2023,1,"."
"800921","ethyl 4-ANPP","trace","GCMS",10may2023,1,"."
"800921","4-ANPP","","GCMS",10may2023,1,"9.06"
"800921","quinine","trace","GCMS",10may2023,1,"."
"800922","methamphetamine","","GCMS",30mar2023,1,"4.46"
"800924","bromazolam","trace","GCMS",17apr2023,1,"."
"800926","4-ANPP","trace","GCMS",08may2023,1,"."
"800926","fentanyl","","GCMS",08may2023,1,"10.21"
"800926","methamphetamine","trace","GCMS",08may2023,1,"."
"800926","acetaminophen","","GCMS",08may2023,1,"6.2"
"800931","methamphetamine","","GCMS",14apr2023,1,"3.87"
"800932","cocaine","","GCMS",12may2023,1,"8.15"
"800935","phenethyl 4-ANPP","trace","GCMS",16may2023,1,"."
"800935","ethyl 4-ANPP","trace","GCMS",16may2023,1,"."
"800935","fentanyl","","GCMS",16may2023,1,"10.18"
"800935","tramadol","","GCMS",16may2023,1,"7.3"
"800935","4-ANPP","","GCMS",16may2023,1,"9.05"
"800936","ethyl 4-ANPP","","GCMS",08may2023,1,"9.21"
"800936","acetyl fentanyl","trace","GCMS",08may2023,1,"."
"800936","diphenhydramine","","GCMS",08may2023,1,"6.98"
"800936","phenethyl 4-ANPP","trace","GCMS",08may2023,1,"."
"800936","fentanyl","","GCMS",08may2023,1,"10.21"
"800936","4-ANPP","","GCMS",08may2023,1,"9.06"
"800936","quinine","trace","GCMS",08may2023,1,"."
"800939","acetaminophen","","GCMS",14apr2023,1,"6"
"800939","fentanyl","trace","GCMS",14apr2023,1,"."
"800939","methamphetamine","","GCMS",14apr2023,1,"4.04"
"800939","delta-9-THC","trace","GCMS",14apr2023,1,"."
"800939","amphetamine","trace","GCMS",14apr2023,1,"."
"800940","fentanyl","trace","GCMS",23mar2023,1,"."
"800940","acetaminophen","","GCMS",23mar2023,1,"6.07"
"800940","4-ANPP","trace","GCMS",23mar2023,1,"."
"800940","ethyl 4-ANPP","trace","GCMS",23mar2023,1,"."
"800941","ethyl 4-ANPP","","GCMS",16may2023,1,"9.2"
"800941","1-phenethyl-4-propionyloxypiperidine","","GCMS",16may2023,1,"7.34"
"800941","4-ANPP","","GCMS",16may2023,1,"9.05"
"800941","fentanyl","","GCMS",16may2023,1,"10.19"
"800943","4-ANPP","trace","GCMS",10apr2023,1,"."
"800943","acetaminophen","","GCMS",10apr2023,1,"6.04"
"800943","fentanyl","","GCMS",10apr2023,1,"9.89"
"800945","acetylcodeine","","GCMS",14apr2023,1,"8.96"
"800945","papaverine","trace","GCMS",14apr2023,1,"."
"800945","heroin","","GCMS",14apr2023,1,"9.42"
"800945","6-monoacetylmorphine (6-MAM)","trace","GCMS",14apr2023,1,"."
"800945","inositol","trace","GCMS",14apr2023,1,"."
"800949","methamphetamine","","GCMS",16apr2023,1,"4.01"
"800956","4-ANPP","trace","GCMS",16may2023,1,"."
"800956","fentanyl","","GCMS",16may2023,1,"10.19"
"800956","acetaminophen","","GCMS",16may2023,1,"6.36"
"800958","4-ANPP","trace","GCMS",10may2023,1,"."
"800958","ethyl 4-ANPP","trace","GCMS",10may2023,1,"."
"800958","fentanyl","","GCMS",10may2023,1,"10.22"
"800958","1-phenethyl-4-hydroxypiperidine","trace","GCMS",10may2023,1,"."
"800958","1-phenethyl-4-propionyloxypiperidine","","GCMS",10may2023,1,"7.34"
"800958","phenethyl 4-ANPP","trace","GCMS",10may2023,1,"."
"800961","methamphetamine","","GCMS",16apr2023,1,"4.01"
"800962","4-ANPP","","GCMS",14apr2023,1,"8.77"
"800962","fentanyl","","GCMS",14apr2023,1,"9.81"
"800966","methamphetamine","","GCMS",11may2023,1,"3.99"
"800967","fentanyl","","GCMS",08may2023,1,"10.2"
"800967","xylazine","","GCMS",08may2023,1,"7.42"
"800967","4-ANPP","","GCMS",08may2023,1,"9.05"
"800967","despropionyl p-fluorofentanyl","","GCMS",08may2023,1,"9.05"
"800967","p-fluorofentanyl","trace","GCMS",08may2023,1,"."
"800967","ethyl 4-ANPP","trace","GCMS",08may2023,1,"."
"800967","niacinamide","trace","GCMS",08may2023,1,"."
"800967","tramadol","trace","GCMS",08may2023,1,"."
"800967","lidocaine","","GCMS",08may2023,1,"7"
"800970","4-ANPP","trace","GCMS",23mar2023,1,"."
"800970","fentanyl","","GCMS",23mar2023,1,"10.07"
"800970","acetaminophen","","GCMS",23mar2023,1,"6.05"
"800972","amphetamine","","GCMS",19apr2023,1,"3.14"
"800975","methamphetamine","","GCMS",12may2023,1,"3.95"
"800977","4-fluoro-alpha-PHP","","FTIR",20apr2023,1,"."
"800977","4-fluoro-alpha-PHP","","GCMS",20apr2023,1,"6.56"
"800978","ethyl 4-ANPP","trace","GCMS",10apr2023,1,"."
"800978","1-phenethyl-4-propionyloxypiperidine","trace","GCMS",10apr2023,1,"."
"800978","fentanyl","","GCMS",10apr2023,1,"9.87"
"800978","4-ANPP","","GCMS",10apr2023,1,"8.82"
"800978","phenethyl 4-ANPP","trace","GCMS",10apr2023,1,"."
"800979","acetaminophen","","GCMS",19apr2023,1,"6.17"
"800979","noramidopyrine","","GCMS",19apr2023,1,"7.25"
"800979","1-phenethyl-4-propionyloxypiperidine","","GCMS",19apr2023,1,"7.09"
"800979","4-ANPP","","GCMS",19apr2023,1,"8.77"
"800979","fentanyl","","GCMS",19apr2023,1,"9.8"
"800983","6-monoacetylmorphine (6-MAM)","trace","GCMS",09may2023,1,"."
"800983","acetylcodeine","","GCMS",09may2023,1,"9.27"
"800983","papaverine","trace","GCMS",09may2023,1,"."
"800983","heroin","","GCMS",09may2023,1,"9.78"
"800983","cocaine","","GCMS",09may2023,1,"8.17"
"800984","heroin","","GCMS",31mar2023,1,"."
"800984","acetylcodeine","trace","GCMS",31mar2023,1,"."
"800985","ketamine","","GCMS",14apr2023,1,"6.76"
"800985","methamphetamine","","GCMS",14apr2023,1,"3.94"
"800990","heroin","","GCMS",10may2023,1,"9.76"
"800990","6-monoacetylmorphine (6-MAM)","trace","GCMS",10may2023,1,"."
"800990","meconin","trace","GCMS",10may2023,1,"."
"800990","acetylcodeine","","GCMS",10may2023,1,"9.26"
"800991","trazodone","","GCMS",08may2023,1,"16.44"
"800992","methamphetamine","","GCMS",12may2023,1,"3.95"
