sampleid,program_mask,location,county,state,full_state,date_collect,sampletype,collection,expectedsubstance,expect_opioid,expect_fentanyl,expect_xylazine,expect_stimulant,expect_benzo,expect_cocaine,expect_cannabis,expect_hall,color,bright_color,texture,tar,pill,powder,plant,crystals,lustre,sensations,sen_strength,sen_weird,sen_hall,sen_up,sen_down,sen_nice,sen_long,sen_burn,sen_skin,sen_seizure,texture_notes,sensation_notes,overdose,od,overdose_notes,fatal_od,confirmatory,date_complete,primary,trace,lab_null,lab_num_substances_any,lab_num_substances,lab_fentanyl,lab_fentanyl_any,lab_xylazine,lab_xylazine_any,lab_xylazine_trace,lab_meth,lab_meth_any,lab_cocaine,lab_cocaine_any,lab_caffeine,lab_gabapentin,lab_levamisole_any,lab_mdma,lab_tramadol,lab_carfentanil,lab_carfentanil_any,lab_designer_benzos_any,lab_benzos_any,lab_nitazenes_any,lab_opiates_opioids_any,lab_synthetic_cannabinoids_any,lab_meth_impurities_any,lab_mdma_impurities_any,lab_cocaine_impurities_any,lab_common_cuts_any,lab_heroin_impurities_any,lab_cannabinoids_any,lab_fentanyl_impurities_any,lab_pf_fent_impurities_any,lab_substituted_cathinones_any,program_county,lat_program,lon_program,lat,lon
"111422",,"Asheville","Buncombe County","NC","North Carolina",19Oct2022,"spatula","spatula","methamphetamine",0,0,0,1,0,0,0,0,"white",0,"powder; chunky; flaky",,,1,,,,"",,,,,,,,,,,"","","not overdose related","not involved","",,0,14Nov2022,1,1,,3,1,0,0,0,0,0,1,1,0,1,0,0,0,0,0,0,0,0,0,0,0,0,0,0,0,0,0,0,0,0,0,"",,,"35.6009498","-82.5540161"
"200045",13,"Greensboro","Guilford County","NC","North Carolina",14Nov2021,"swab","swab","cocaine",0,0,0,1,0,1,0,0,"white",0,"powder",,,1,,,,"",,,,,,,,,,,"","","unknown",,"",,0,03Feb2022,1,0,,4,4,0,0,0,0,0,0,0,1,1,0,0,0,0,0,0,0,0,0,0,0,0,0,0,1,1,0,0,0,0,0,"Guilford County",36.0726355,-79.7919754,"36.0726355","-79.7919754"
"200423",5,"High Point","Guilford County","NC","North Carolina",28Dec2021,"unknown","unknown","methamphetamine",0,0,0,1,0,0,0,0,"light brown",0,"shiny; chunky; crystals",,,,,1,"shiny","weird",,1,,,,,,,,,"","Not normal, I felt like I was going to have a seizure","unknown",,"",,0,09Feb2022,1,0,,1,1,0,0,0,0,0,1,1,0,0,0,0,0,0,0,0,0,0,0,0,0,0,0,0,0,0,0,0,0,0,0,"Guilford County",36.0726355,-79.7919754,"35.9556924","-80.0053176"
"200584",13,"Myrtle Beach","Horry County","SC","South Carolina",08Sep2021,"spatula","spatula","methamphetamine",0,0,0,1,0,0,0,0,"clear",0,"crystals",,,,,1,,"",,,,,,,,,,,"","","unknown",,"",,0,16Mar2022,1,0,,1,1,0,0,0,0,0,1,1,0,0,0,0,0,0,0,0,0,0,0,0,0,0,0,0,0,0,0,0,0,0,0,"Guilford County",36.0726355,-79.7919754,"33.6956461","-78.8900409"
"200948",12,"Manhattan","New York County","NY","New York",31Dec2021,"spatula","spatula","cocaine",0,0,0,1,0,1,0,0,"white",0,"powder",,,1,,,,"good",,,,,,,,,,,"","","unknown",,"",,0,27Jan2022,1,0,,2,2,0,0,0,0,0,0,0,1,1,0,0,0,0,0,0,0,0,0,0,0,0,0,0,0,1,0,0,0,0,0,"",,,"40.7896239","-73.9598939"
"300104",13,"Greensboro","Guilford County","NC","North Carolina",18Apr2022,"spatula","spatula","methamphetamine",0,0,0,1,0,0,0,0,"clear",0,"crystals",,,,,1,,"normal","normal",,,,,,,,,,"","","not overdose related","not involved","",,0,09Jun2022,1,0,,1,1,0,0,0,0,0,1,1,0,0,0,0,0,0,0,0,0,0,0,0,0,0,0,0,0,0,0,0,0,0,0,"Guilford County",36.0726355,-79.7919754,"36.0726355","-79.7919754"
"300105",13,"Greensboro","Guilford County","NC","North Carolina",28Mar2022,"spatula","spatula","cocaine",0,0,0,1,0,1,0,0,"white",0,"powder",,,1,,,,"",,,,,,,,,,,"","","unknown",,"",,0,21Apr2022,1,1,,5,1,0,0,0,0,0,0,0,1,1,0,0,1,0,0,0,0,0,0,0,0,0,0,0,1,1,0,0,0,0,0,"Guilford County",36.0726355,-79.7919754,"36.0726355","-79.7919754"
"300108",13,"Wilmington","New Hanover County","NC","North Carolina",30Mar2022,"spatula","spatula","methamphetamine",0,0,0,1,0,0,0,0,"clear",0,"crystals",,,,,1,,"",,,,,,,,,,,"","","not overdose related","not involved","",,0,21Apr2022,1,1,,2,1,0,0,0,0,0,1,1,0,1,0,0,0,0,0,0,0,0,0,0,0,0,0,0,0,0,0,0,0,0,0,"Guilford County",36.0726355,-79.7919754,"34.2257282","-77.9447107"
"300112",13,"Greensboro","Guilford County","NC","North Carolina",17Mar2022,"spatula","spatula","cocaine",0,0,0,1,0,1,0,0,"white; yellow",1,"powder; chunky; dull",,,1,,,"dull","",,,,,,,,,,,"","","unknown",,"",,0,29Mar2022,1,0,,1,1,0,0,0,0,0,0,0,1,1,0,0,0,0,0,0,0,0,0,0,0,0,0,0,0,0,0,0,0,0,0,"Guilford County",36.0726355,-79.7919754,"36.0726355","-79.7919754"
"300117",13,"Greensboro","Guilford County","NC","North Carolina",02May2022,"unknown","unknown","cocaine",0,0,0,1,0,1,0,0,"white",0,"powder",,,1,,,,"weird",,1,,,,,,,,,"","","not overdose related","not involved","",,0,04Aug2022,1,0,,2,2,0,0,0,0,0,0,0,1,1,0,0,0,0,0,0,0,0,0,0,0,0,0,0,0,0,0,0,0,0,0,"Guilford County",36.0726355,-79.7919754,"36.0726355","-79.7919754"
"300207",25,"South Austin","Eastland County","TX","Texas",21Jun2022,"unknown","unknown","methamphetamine",0,0,0,1,0,0,0,0,"white",0,"powder",,,1,,,,"more up",,,,1,,,,,,,"","","not overdose related","not involved","",,0,16Jul2022,1,0,,5,5,1,1,0,0,0,0,0,0,0,0,0,0,0,0,0,0,0,0,0,1,0,0,0,0,0,0,0,1,0,0,"",,,"32.4669645","-98.6853471"
"300219",28,"Winston-Salem","Forsyth County","NC","North Carolina",07Oct2022,"swab","swab","cocaine",0,0,0,1,0,1,0,0,"white",0,"powder; dull",,,1,,,"dull","weaker","weaker",,,,,,,,,,"","","not overdose related","not involved","",,0,11Jan2023,0,0,1,0,0,0,0,0,0,0,0,0,0,0,0,0,0,0,0,0,0,0,0,0,0,0,0,0,0,0,0,0,0,0,0,"Forsyth County",36.0998131,-80.24405179999999,"36.0998131","-80.2440518"
"300224",12,"Brooklyn","Kings County","NY","New York",08Apr2022,"swab","swab","cocaine",0,0,0,1,0,1,0,0,"white",0,"powder",,,1,,,,"normal","normal",,,,,,,,,,"","","not overdose related","not involved","",,0,19Apr2022,1,1,,2,1,0,0,0,0,0,0,0,1,1,0,0,0,0,0,0,0,0,0,0,0,0,0,0,0,1,0,0,0,0,0,"",,,"40.6526006","-73.9497211"
"300226",28,"Winston-Salem","Forsyth County","NC","North Carolina",27Aug2022,"unknown","unknown","methamphetamine",0,0,0,1,0,0,0,0,"white; clear",0,"crystals; powder",,,1,,1,,"weird; unpleasant; hallucinations",,1,1,,,,,,,,"","","not overdose related","not involved","",,0,02Sep2022,1,0,,1,1,0,0,0,0,0,1,1,0,0,0,0,0,0,0,0,0,0,0,0,0,0,0,0,0,0,0,0,0,0,0,"Forsyth County",36.0998131,-80.24405179999999,"36.0998131","-80.2440518"
"300237",28,"Winston-Salem","Forsyth County","NC","North Carolina",21Sep2022,"swab","swab","cocaine",0,0,0,1,0,1,0,0,"white",0,"powder; chunky; sticky",,,1,,,,"weaker; more up","weaker",,,1,,,,,,,"","some anxiety","not overdose related","not involved","was told it was tested neg. for fentanyl",,0,06Jan2023,1,1,,7,3,0,0,0,0,0,0,0,1,1,0,0,0,0,0,0,0,0,0,0,0,0,0,0,1,1,0,0,0,0,0,"Forsyth County",36.0998131,-80.24405179999999,"36.0998131","-80.2440518"
"300250",12,"Brooklyn","Kings County","NY","New York",06Apr2022,"swab","swab","Cocaine",0,0,0,1,0,1,0,0,"white",0,"powder",,,1,,,,"normal","normal",,,,,,,,,,"","","not overdose related","not involved","",,0,19Apr2022,1,1,,4,1,0,0,0,0,0,0,0,1,1,0,0,0,0,0,0,0,0,0,0,0,0,0,0,0,1,0,1,0,0,0,"",,,"40.6526006","-73.9497211"
"300253",12,"Brooklyn","Kings County","NY","New York",26May2022,"swab","swab","crack",0,0,0,1,0,1,0,0,"white",0,"powder",,,1,,,,"normal","normal",,,,,,,,,,"","","not overdose related","not involved","",,0,02Jun2022,1,1,,7,1,0,0,0,0,0,0,0,1,1,0,0,1,0,0,0,0,0,0,0,0,0,0,0,1,1,0,0,0,0,0,"",,,"40.6526006","-73.9497211"
"300265",12,"Brooklyn","Kings County","NY","New York",27May2022,"swab","swab","cocaine; fentanyl; xylazine",1,1,1,1,0,1,0,0,"gray; brown",0,"powder",,,1,,,,"normal","normal",,,,,,,,,,"unclear","Unclear","not overdose related","not involved","",,0,02Jun2022,1,1,,10,7,1,1,0,0,0,0,0,1,1,0,0,0,0,0,0,0,0,0,0,1,0,0,0,0,1,0,0,1,0,0,"",,,"40.6526006","-73.9497211"
"300267",13,"Greensboro","Guilford County","NC","North Carolina",16Jun2022,"spatula","spatula","crack",0,0,0,1,0,1,0,0,"white",0,"rock",,,,,,,"normal","normal",,,,,,,,,,"","","not overdose related","not involved","",,0,04Aug2022,1,0,,1,1,0,0,0,0,0,0,0,1,1,0,0,0,0,0,0,0,0,0,0,0,0,0,0,0,0,0,0,0,0,0,"Guilford County",36.0726355,-79.7919754,"36.0726355","-79.7919754"
"300276",13,"Greensboro","Guilford County","NC","North Carolina",20May2022,"spatula","spatula","methamphetamine",0,0,0,1,0,0,0,0,"white",0,"crystals; powder; shiny",,,1,,1,"shiny","",,,,,,,,,,,"","?","not overdose related","not involved","",,0,09Jun2022,1,0,,1,1,0,0,0,0,0,1,1,0,0,0,0,0,0,0,0,0,0,0,0,0,0,0,0,0,0,0,0,0,0,0,"Guilford County",36.0726355,-79.7919754,"36.0726355","-79.7919754"
"300290",13,"Greensboro","Guilford County","NC","North Carolina",20May2022,"spatula","spatula","methamphetamine",0,0,0,1,0,0,0,0,"clear; white",0,"crystals; powder; shiny",,,1,,1,"shiny","",,,,,,,,,,,"","?","not overdose related","not involved","",,0,09Jun2022,1,0,,1,1,0,0,0,0,0,1,1,0,0,0,0,0,0,0,0,0,0,0,0,0,0,0,0,0,0,0,0,0,0,0,"Guilford County",36.0726355,-79.7919754,"36.0726355","-79.7919754"
"300318",13,"Greensboro","Guilford County","NC","North Carolina",03Dec2022,"spatula","spatula","cocaine",0,0,0,1,0,1,0,0,"white",0,"powder; chunky; shiny; crystals",,,1,,1,"shiny","nice; stronger; more up","stronger",,,1,,1,,,,,"","","not overdose related","not involved","",,0,30Jan2023,1,0,,1,1,0,0,0,0,0,0,0,1,1,0,0,0,0,0,0,0,0,0,0,0,0,0,0,0,0,0,0,0,0,0,"Guilford County",36.0726355,-79.7919754,"36.0726355","-79.7919754"
"300319",13,"Greensboro","Guilford County","NC","North Carolina",07Oct2022,"spatula","spatula","cocaine",0,0,0,1,0,1,0,0,"white",0,"powder",,,1,,,,"stronger","stronger",,,,,,,,,,"","","not overdose related","not involved","",,0,11Oct2022,1,1,,3,1,0,0,0,0,0,0,0,1,1,0,0,0,0,0,0,0,0,0,0,0,0,0,0,1,1,0,0,0,0,0,"Guilford County",36.0726355,-79.7919754,"36.0726355","-79.7919754"
"300322",13,"Greensboro","Guilford County","NC","North Carolina",07Oct2022,"spatula","spatula","cocaine",0,0,0,1,0,1,0,0,"white",0,"powder; chunky",,,1,,,,"stronger","stronger",,,,,,,,,,"","","not overdose related","not involved","",,0,11Oct2022,1,1,,5,1,0,0,0,0,0,0,0,1,1,0,0,1,0,0,0,0,0,0,0,0,0,0,0,1,1,0,0,0,0,0,"Guilford County",36.0726355,-79.7919754,"36.0726355","-79.7919754"
"300343",5,"South Side","Forsyth County","NC","North Carolina",23Sep2022,"spatula","spatula","methamphetamine",0,0,0,1,0,0,0,0,"white; clear",0,"crystals",,,,,1,,"unpleasant",,1,,,,,,,,,"","","not overdose related","not involved","",,0,11Oct2022,1,0,,1,1,0,0,0,0,0,1,1,0,0,0,0,0,0,0,0,0,0,0,0,0,0,0,0,0,0,0,0,0,0,0,"Guilford County",36.0726355,-79.7919754,"36.0720817","-80.2394937"
"300352",13,"Greensboro","Guilford County","NC","North Carolina",22Nov2022,"spatula","spatula","cocaine",0,0,0,1,0,1,0,0,"white",0,"powder",,,1,,,,"normal","normal",,,,,,,,,,"","levamisole","unknown",,"",,0,30Jan2023,1,1,,4,2,0,0,0,0,0,0,0,1,1,0,0,1,0,0,0,0,0,0,0,0,0,0,0,1,1,0,0,0,0,0,"Guilford County",36.0726355,-79.7919754,"36.0726355","-79.7919754"
"300365",14,"Gastonia","Gaston County","NC","North Carolina",01Nov2022,"spatula","spatula","methamphetamine",0,0,0,1,0,0,0,0,"clear",0,"crystals",,,,,1,,"weaker","weaker",,,,,,,,,,"","much weaker","not overdose related","not involved","",,0,11Jan2023,1,0,,1,1,0,0,0,0,0,1,1,0,0,0,0,0,0,0,0,0,0,0,0,0,0,0,0,0,0,0,0,0,0,0,"Catawba County",35.7333312,-81.3442915,"35.2622654","-81.1838186"
"300366",1,"Mt. Airy","Surry County","NC","North Carolina",04Jul2022,"cotton","cotton","methamphetamine",0,0,0,1,0,0,0,0,"clear",0,"crystals",,,,,1,,"nice; stronger; more up","stronger",,,1,,1,,,,,"","","not overdose related","not involved","",,0,16Aug2022,1,0,,1,1,0,0,0,0,0,1,1,0,0,0,0,0,0,0,0,0,0,0,0,0,0,0,0,0,0,0,0,0,0,0,"Surry County",36.4993297,-80.6071609,"36.4993297","-80.6071609"
"300378",10,"Raleigh","Wake County","NC","North Carolina",03Oct2022,"swab","swab","methamphetamine",0,0,0,1,0,0,0,0,"clear",0,"crystals",,,,,1,,"weird; more down",,1,,,1,,,,,,"","sleepy and up","not overdose related","not involved","",,0,25Oct2022,1,0,,1,1,0,0,0,0,0,1,1,0,0,0,0,0,0,0,0,0,0,0,0,0,0,0,0,0,0,0,0,0,0,0,"Durham County",35.996653,-78.90180530000001,"35.7803977","-78.6390989"
"300385",1,"Mt. Airy","Surry County","NC","North Carolina",24Jun2022,"cotton","cotton","heroin; methamphetamine",1,0,0,1,0,0,0,0,"tan",0,"powder; chunky",,,1,,,,"nice",,,,,,1,,,,,"","","not overdose related","not involved","",,0,16Aug2022,1,1,,6,4,1,1,0,0,0,1,1,0,1,0,0,0,0,0,0,0,0,0,0,1,0,0,0,0,0,1,0,0,0,0,"Surry County",36.4993297,-80.6071609,"36.4993297","-80.6071609"
"300386",13,"Greensboro","Guilford County","NC","North Carolina",28Jul2022,"unknown","unknown","cocaine",0,0,0,1,0,1,0,0,"white",0,"powder; chunky; shiny",,,1,,,"shiny","",,,,,,,,,,,"","","unknown",,"",,0,11Oct2022,1,0,,1,1,0,0,0,0,0,0,0,1,1,0,0,0,0,0,0,0,0,0,0,0,0,0,0,0,0,0,0,0,0,0,"Guilford County",36.0726355,-79.7919754,"36.0726355","-79.7919754"
"300387",5,"High Point","Guilford County","NC","North Carolina",02Aug2022,"spatula","spatula","crack",0,0,0,1,0,1,0,0,"white; yellow",1,"powder; chunky",,,1,,,,"nice",,,,,,1,,,,,"","","not overdose related","not involved","",,0,05Aug2022,1,1,,3,1,0,0,0,0,0,0,0,1,1,0,0,0,0,0,0,0,0,0,0,0,0,0,0,1,1,0,0,0,0,0,"Guilford County",36.0726355,-79.7919754,"35.9556924","-80.0053176"
"300390",13,"Greensboro","Guilford County","NC","North Carolina",18Nov2022,"unknown","unknown","cocaine",0,0,0,1,0,1,0,0,"white",0,"powder",,,1,,,,"",,,,,,,,,,,"","","unknown",,"",,0,23Nov2022,1,1,,2,1,0,0,0,0,0,0,0,1,1,0,0,0,0,0,0,0,0,0,0,0,0,0,0,0,0,0,0,0,0,0,"Guilford County",36.0726355,-79.7919754,"36.0726355","-79.7919754"
"300401",31,"Greenville","Pitt County","NC","North Carolina",23Jul2022,"spatula","spatula","cocaine",0,0,0,1,0,1,0,0,"white",0,"powder",,,1,,,,"nice",,,,,,1,,,,,"","","not overdose related","not involved","",,0,29Jul2022,1,0,,4,4,1,1,0,0,0,0,0,0,0,0,0,0,0,0,0,0,0,0,0,1,0,0,0,0,1,0,0,1,0,0,"Pitt County",35.613224,-77.3724593,"35.613224","-77.3724593"
"300402",21,"Franklin","Franklin County","NC","North Carolina",22Aug2022,"spatula","spatula","methamphetamine",0,0,0,1,0,0,0,0,"clear; white",0,"crystals",,,,,1,,"normal","normal",,,,,,,,,,"","","not overdose related","not involved","",,0,02Sep2022,1,0,,1,1,0,0,0,0,0,1,1,0,0,0,0,0,0,0,0,0,0,0,0,0,0,0,0,0,0,0,0,0,0,0,"Franklin County",36.1028596,-78.27872290000001,"36.1028596","-78.2787229"
"300403",7,"Marshall","Madison County","NC","North Carolina",26Jul2022,"swab","swab","methamphetamine",0,0,0,1,0,0,0,0,"white; gray",0,"powder",,,1,,,,"normal; nice","normal",,,,,1,,,,,"","","not overdose related","not involved","",,0,16Aug2022,1,0,,1,1,0,0,0,0,0,1,1,0,0,0,0,0,0,0,0,0,0,0,0,0,0,0,0,0,0,0,0,0,0,0,"Madison County",35.7974807,-82.6839313,"35.7974807","-82.6839313"
"300405",7,"Mars Hill","Madison County","NC","North Carolina",14Jul2022,"spatula","spatula","methamphetamine",0,0,0,1,0,0,0,0,"white",0,"crystals",,,,,1,,"stronger","stronger",,,,,,,,,,"","","not overdose related","not involved","",,0,20Jul2022,1,0,,1,1,0,0,0,0,0,1,1,0,0,0,0,0,0,0,0,0,0,0,0,0,0,0,0,0,0,0,0,0,0,0,"Madison County",35.7974807,-82.6839313,"35.8263793","-82.5486848"
"300412",31,"Greenville","Pitt County","NC","North Carolina",06Aug2022,"spatula","spatula","methamphetamine",0,0,0,1,0,0,0,0,"white",0,"powder; dull",,,1,,,"dull","normal","normal",,,,,,,,,,"","","not overdose related","not involved","",,0,16Aug2022,1,0,,1,1,0,0,0,0,0,1,1,0,0,0,0,0,0,0,0,0,0,0,0,0,0,0,0,0,0,0,0,0,0,0,"Pitt County",35.613224,-77.3724593,"35.613224","-77.3724593"
"300426",7,"Marshall","Madison County","NC","North Carolina",03Aug2022,"swab","swab","methamphetamine",0,0,0,1,0,0,0,0,"gray",0,"powder",,,1,,,,"weaker","weaker",,,,,,,,,,"","","not overdose related","not involved","",,0,16Aug2022,1,0,,1,1,0,0,0,0,0,1,1,0,0,0,0,0,0,0,0,0,0,0,0,0,0,0,0,0,0,0,0,0,0,0,"Madison County",35.7974807,-82.6839313,"35.7974807","-82.6839313"
"300431",4,"Randleman","Randolph County","NC","North Carolina",06Jul2022,"cotton","cotton","methamphetamine",0,0,0,1,0,0,0,0,"clear",0,"crystals",,,,,1,,"normal; nice","normal",,,,,1,,,,,"","","not overdose related","not involved","",,0,18Jul2022,1,0,,5,5,1,1,0,0,0,1,1,0,0,0,0,0,0,0,0,0,0,0,0,1,0,0,0,0,0,0,0,1,0,0,"Randolph County",35.7079146,-79.8136446,"35.8179143","-79.8030873"
"300432",4,"Randleman","Randolph County","NC","North Carolina",06Jul2022,"cotton","cotton","methamphetamine",0,0,0,1,0,0,0,0,"clear",0,"crystals",,,,,1,,"normal; long; more up","normal",,,1,,,1,,,,"","","not overdose related","not involved","",,0,18Jul2022,1,0,,1,1,0,0,0,0,0,1,1,0,0,0,0,0,0,0,0,0,0,0,0,0,0,0,0,0,0,0,0,0,0,0,"Randolph County",35.7079146,-79.8136446,"35.8179143","-79.8030873"
"300434",31,"Kinston","Lenoir County","NC","North Carolina",,"spatula","spatula","methamphetamine",0,0,0,1,0,0,0,0,"brown",0,"powder",,,1,,,,"weird",,1,,,,,,,,,"","","not overdose related","not involved","",,0,05Aug2022,1,0,,4,4,0,0,0,0,0,1,1,0,0,0,0,0,0,0,0,0,0,0,0,0,0,0,0,0,0,0,1,0,0,0,"Pitt County",35.613224,-77.3724593,"35.2626635","-77.5816353"
"300436",31,"Kinston","Lenoir County","NC","North Carolina",27Aug2022,"unknown","unknown","methamphetamine",0,0,0,1,0,0,0,0,"clear",0,"",,,,,,,"normal; weaker","weaker",,,,,,,,,,"","not as pure","not overdose related","not involved","",,0,02Sep2022,1,0,,1,1,0,0,0,0,0,1,1,0,0,0,0,0,0,0,0,0,0,0,0,0,0,0,0,0,0,0,0,0,0,0,"Pitt County",35.613224,-77.3724593,"35.2626635","-77.5816353"
"300440",31,"Kinston","Lenoir County","NC","North Carolina",23Jul2022,"spatula","spatula","methamphetamine",0,0,0,1,0,0,0,0,"white",0,"crystals",,,,,1,,"weird",,1,,,,,,,,,"","","not overdose related","not involved","",,0,27Jul2022,1,0,,1,1,0,0,0,0,0,1,1,0,0,0,0,0,0,0,0,0,0,0,0,0,0,0,0,0,0,0,0,0,0,0,"Pitt County",35.613224,-77.3724593,"35.2626635","-77.5816353"
"300442",7,"Mars Hill","Madison County","NC","North Carolina",14Jul2022,"swab","swab","methamphetamine",0,0,0,1,0,0,0,0,"white",0,"crystals; powder",,,1,,1,,"normal","normal",,,,,,,,,,"","","not overdose related","not involved","",,0,20Jul2022,1,0,,1,1,0,0,0,0,0,1,1,0,0,0,0,0,0,0,0,0,0,0,0,0,0,0,0,0,0,0,0,0,0,0,"Madison County",35.7974807,-82.6839313,"35.8263793","-82.5486848"
"300445",21,"Macon","Macon County","NC","North Carolina",06Sep2022,"spatula","spatula","methamphetamine",0,0,0,1,0,0,0,0,"clear; white",0,"crystals",,,,,1,,"nice; stronger; more down","stronger",,,,1,1,,,,,"","fell out fast as he was injecting","involved in OD","Overdose reported","",,0,20Sep2022,1,0,,1,1,0,0,0,0,0,1,1,0,0,0,0,0,0,0,0,0,0,0,0,0,0,0,0,0,0,0,0,0,0,0,"Franklin County",36.1028596,-78.27872290000001,"35.1436639","-83.3977297"
"300449",21,"Macon County","Macon County","NC","North Carolina",24Jan2023,"swab","swab","methamphetamine",0,0,0,1,0,0,0,0,"white",0,"powder",,,1,,,,"normal","normal",,,,,,,,,,"","","not overdose related","not involved","",,0,30Jan2023,1,0,,1,1,0,0,0,0,0,1,1,0,0,0,0,0,0,0,0,0,0,0,0,0,0,0,0,0,0,0,0,0,0,0,"Franklin County",36.1028596,-78.27872290000001,"35.1436639","-83.3977297"
"300452",31,"Greenville","Pitt County","NC","North Carolina",23Jul2022,"swab","swab","cocaine",0,0,0,1,0,1,0,0,"white",0,"powder",,,1,,,,"",,,,,,,,,,,"","","unknown",,"",,0,29Jul2022,1,1,,5,3,1,1,0,0,0,0,0,0,0,0,0,0,0,0,0,0,0,0,0,1,0,0,0,0,1,0,0,1,0,0,"Pitt County",35.613224,-77.3724593,"35.613224","-77.3724593"
"300454",7,"Barnardsville","Buncombe County","NC","North Carolina",14Jul2022,"swab","swab","methamphetamine",0,0,0,1,0,0,0,0,"white",0,"crystals",,,,,1,,"normal","normal",,,,,,,,,,"","","not overdose related","not involved","",,0,20Jul2022,1,0,,1,1,0,0,0,0,0,1,1,0,0,0,0,0,0,0,0,0,0,0,0,0,0,0,0,0,0,0,0,0,0,0,"Madison County",35.7974807,-82.6839313,"35.777612","-82.4548511"
"300455",4,"Asheboro","Randolph County","NC","North Carolina",05Jul2022,"cotton","cotton","methamphetamine",0,0,0,1,0,0,0,0,"clear",0,"crystals",,,,,1,,"normal","normal",,,,,,,,,,"","","not overdose related","not involved","",,0,18Jul2022,1,1,,2,1,0,1,0,0,0,1,1,0,0,0,0,0,0,0,0,0,0,0,0,1,0,0,0,0,0,0,0,0,0,0,"Randolph County",35.7079146,-79.8136446,"35.7079146","-79.8136446"
"300456",31,"New Bern","Craven County","NC","North Carolina",22Aug2022,"unknown","unknown","methamphetamine",0,0,0,1,0,0,0,0,"clear",0,"liquid",,,,,,,"stronger","stronger",,,,,,,,,,"","very strong","not overdose related","not involved","",,0,02Sep2022,1,0,,1,1,0,0,0,0,0,1,1,0,0,0,0,0,0,0,0,0,0,0,0,0,0,0,0,0,0,0,0,0,0,0,"Pitt County",35.613224,-77.3724593,"35.1084931","-77.0441143"
"300468",7,"Mars Hill","Madison County","NC","North Carolina",03Aug2022,"swab","swab","methamphetamine",0,0,0,1,0,0,0,0,"gray",0,"powder",,,1,,,,"stronger; long; unpleasant","stronger",1,,,,,1,,,,"","","not overdose related","not involved","",,0,16Aug2022,1,0,,1,1,0,0,0,0,0,1,1,0,0,0,0,0,0,0,0,0,0,0,0,0,0,0,0,0,0,0,0,0,0,0,"Madison County",35.7974807,-82.6839313,"35.8263793","-82.5486848"
"300469",7,"Mars Hill","Madison County","NC","North Carolina",14Jul2022,"cotton","cotton","methamphetamine",0,0,0,1,0,0,0,0,"white",0,"crystals",,,,,1,,"stronger","stronger",1,,,,,,1,,,"","burn @ injection didn't enjoy buzz because it hurt so bad","not overdose related","not involved","",,0,20Jul2022,1,0,,1,1,0,0,0,0,0,1,1,0,0,0,0,0,0,0,0,0,0,0,0,0,0,0,0,0,0,0,0,0,0,0,"Madison County",35.7974807,-82.6839313,"35.8263793","-82.5486848"
"300470",31,"New Bern","Craven County","NC","North Carolina",27Aug2022,"unknown","unknown","methamphetamine",0,0,0,1,0,0,0,0,"clear",0,"powder; dull",,,1,,,"dull","normal; stronger","stronger",,,,,,,,,,"","strong","not overdose related","not involved","",,0,02Sep2022,1,0,,1,1,0,0,0,0,0,1,1,0,0,0,0,0,0,0,0,0,0,0,0,0,0,0,0,0,0,0,0,0,0,0,"Pitt County",35.613224,-77.3724593,"35.1084931","-77.0441143"
"300477",18,"Charlotte","Mecklenburg County","NC","North Carolina",01Jun2022,"spatula","spatula","cocaine",0,0,0,1,0,1,0,0,"white",0,"powder; shiny; flaky",,,1,,,"shiny","",,,,,,,,,,,"","","not overdose related","not involved","",,0,18Jul2022,1,1,,5,1,0,0,0,0,0,0,0,1,1,0,0,0,0,0,0,0,0,0,0,0,0,0,0,1,1,0,0,0,0,0,"Mecklenburg County",35.2272086,-80.8430827,"35.2272086","-80.8430827"
"300479",21,"Macon County","Macon County","NC","North Carolina",24Jan2023,"swab","swab","methamphetamine",0,0,0,1,0,0,0,0,"white",0,"powder",,,1,,,,"normal","normal",,,,,,,,,,"","","not overdose related","not involved","",,0,30Jan2023,1,0,,1,1,0,0,0,0,0,1,1,0,0,0,0,0,0,0,0,0,0,0,0,0,0,0,0,0,0,0,0,0,0,0,"Franklin County",36.1028596,-78.27872290000001,"35.1436639","-83.3977297"
"300482",10,"Durham","Durham County","NC","North Carolina",21Nov2022,"spatula","spatula","methamphetamine",0,0,0,1,0,0,0,0,"white",0,"crystals; shiny",,,,,1,"shiny","more down",,,,,1,,,,,,"","sedating","not overdose related","not involved","",,0,28Nov2022,1,1,,2,1,0,0,0,0,0,1,1,0,1,0,0,0,0,0,0,0,0,0,0,0,0,0,0,0,0,0,0,0,0,0,"Durham County",35.996653,-78.90180530000001,"35.996653","-78.9018053"
"300484",10,"Raleigh","Wake County","NC","North Carolina",12Oct2022,"spatula","spatula","methamphetamine",0,0,0,1,0,0,0,0,"clear; white",0,"crystals; chunky; shiny",,,,,1,"shiny","unpleasant",,1,,,,,,,1,,"","made them break out with mouth sores, throat swelling right after onset","unknown",,"",,0,25Oct2022,1,0,,1,1,0,0,0,0,0,1,1,0,0,0,0,0,0,0,0,0,0,0,0,0,0,0,0,0,0,0,0,0,0,0,"Durham County",35.996653,-78.90180530000001,"35.7803977","-78.6390989"
"300486",31,"Greenville","Pitt County","NC","North Carolina",23Jul2022,"spatula","spatula","methamphetamine",0,0,0,1,0,0,0,0,"white",0,"crystals",,,,,1,,"normal","normal",,,,,,,,,,"","","not overdose related","not involved","",,0,27Jul2022,1,0,,1,1,0,0,0,0,0,1,1,0,0,0,0,0,0,0,0,0,0,0,0,0,0,0,0,0,0,0,0,0,0,0,"Pitt County",35.613224,-77.3724593,"35.613224","-77.3724593"
"300492",4,"Sophia","Randolph County","NC","North Carolina",04Aug2022,"spatula","spatula","methamphetamine",0,0,0,1,0,0,0,0,"clear",0,"crystals",,,,,1,,"weird; long; more down; hallucinations",,1,1,,1,,1,,,,"","went out on this but didn't use Narcan. Very new effects for this person","unknown","Overdose reported","This was residue after smoking",,0,16Aug2022,1,1,,2,1,0,0,0,0,0,1,1,0,0,0,0,0,0,0,0,0,0,0,0,0,0,0,0,0,0,0,0,0,0,0,"Randolph County",35.7079146,-79.8136446,"35.823192","-79.8608677"
"300498",31,"Greenville","Pitt County","NC","North Carolina",06Aug2022,"spatula","spatula","methamphetamine",0,0,0,1,0,0,0,0,"white",0,"powder; dull",,,1,,,"dull","weird",,1,,,,,,,,,"","","not overdose related","not involved","",,0,16Aug2022,1,0,,1,1,0,0,0,0,0,1,1,0,0,0,0,0,0,0,0,0,0,0,0,0,0,0,0,0,0,0,0,0,0,0,"Pitt County",35.613224,-77.3724593,"35.613224","-77.3724593"
"300499",21,"Macon","Macon County","NC","North Carolina",18Aug2022,"spatula","spatula","methamphetamine",0,0,0,1,0,0,0,0,"clear",0,"crystals",,,,,1,,"normal","normal",,,,,,,,,,"","","not overdose related","not involved","",,0,28Aug2022,1,0,,1,1,0,0,0,0,0,1,1,0,0,0,0,0,0,0,0,0,0,0,0,0,0,0,0,0,0,0,0,0,0,0,"Franklin County",36.1028596,-78.27872290000001,"35.1436639","-83.3977297"
"300502",7,"Asheville","Buncombe County","NC","North Carolina",02Sep2022,"swab","swab","methamphetamine",0,0,0,1,0,0,0,0,"white",0,"",,,,,,,"",,,,,,,,,,,"","","not overdose related","not involved","",,0,19Oct2022,1,1,,2,1,0,0,0,0,0,0,1,0,0,0,0,0,0,0,0,0,0,0,0,0,0,0,0,0,0,0,0,0,0,0,"Madison County",35.7974807,-82.6839313,"35.6009498","-82.5540161"
"300507",4,"Asheboro","Randolph County","NC","North Carolina",15Aug2022,"cotton","cotton","fentanyl; methamphetamine",1,1,0,1,0,0,0,0,"white",0,"crystals; powder",,,1,,1,,"stronger; more up","stronger",,,1,,,,,,,"","speedball","not overdose related","not involved","",,0,25Aug2022,1,1,,5,1,1,1,0,1,1,0,1,0,0,0,0,0,0,0,0,0,0,0,0,1,0,0,0,0,0,0,0,1,0,0,"Randolph County",35.7079146,-79.8136446,"35.7079146","-79.8136446"
"300527",7,"Marshall","Madison County","NC","North Carolina",04Sep2022,"swab","swab","methamphetamine; fentanyl",1,1,0,1,0,0,0,0,"white",0,"powder",,,1,,,,"other",,,,,,,,1,,,"","soreness, burning","not overdose related","not involved","",,0,31Oct2022,1,0,,1,1,0,0,0,0,0,0,0,0,0,0,0,0,0,0,0,0,0,0,0,0,0,0,0,0,0,0,0,0,0,0,"Madison County",35.7974807,-82.6839313,"35.7974807","-82.6839313"
"300529",24,"Houston","Harris County","TX","Texas",18Aug2022,"swab","swab","cocaine",0,0,0,1,0,1,0,0,"white",0,"powder; chunky",,,1,,,,"normal; weaker","weaker",,,,,,,,,,"","","not overdose related","not involved","negative on fentanyl test",,0,27Oct2022,1,0,,4,4,0,0,0,0,0,0,0,1,1,0,0,0,0,0,0,0,0,0,0,0,0,0,0,1,1,0,0,0,0,0,"Harris County",29.7589382,-95.3676974,"29.7589382","-95.3676974"
"300536",7,"Asheville","Buncombe County","NC","North Carolina",29Sep2022,"spatula","spatula","methamphetamine",0,0,0,1,0,0,0,0,"white",0,"crystals",,,,,1,,"weaker","weaker",,,,,,,,,,"","","not overdose related","not involved","",,0,11Oct2022,1,0,,1,1,0,0,0,0,0,1,1,0,0,0,0,0,0,0,0,0,0,0,0,0,0,0,0,0,0,0,0,0,0,0,"Madison County",35.7974807,-82.6839313,"35.6009498","-82.5540161"
"300547",7,"Marshall","Madison County","NC","North Carolina",12Aug2022,"swab","swab","methamphetamine",0,0,0,1,0,0,0,0,"gray",0,"powder",,,1,,,,"",,,,,,,,,,,"","","involved in OD","Overdose reported","fatal - thought had meth, smoked 30 min later fell out",1,0,28Aug2022,1,0,,1,1,0,0,0,0,0,1,1,0,0,0,0,0,0,0,0,0,0,0,0,0,0,0,0,0,0,0,0,0,0,0,"Madison County",35.7974807,-82.6839313,"35.7974807","-82.6839313"
"300555",16,"Portland","Multnomah County","OR","Oregon",24Aug2022,"unknown","unknown","methamphetamine",0,0,0,1,0,0,0,0,"clear",0,"crystals",,,,,1,,"stronger","stronger",,,,,,,,,,"brittle, opaque, crumbly","FTS = negative","not overdose related","not involved","",,1,30Aug2022,1,0,,1,1,0,0,0,0,0,1,1,0,0,0,0,0,0,0,0,0,0,0,0,0,0,0,0,0,0,0,0,0,0,0,"Multnomah County",45.5202471,-122.674194,"45.5202471","-122.674194"
"300562",7,"Asheville","Buncombe County","NC","North Carolina",21Oct2022,"spatula","spatula","methamphetamine",0,0,0,1,0,0,0,0,"white",0,"crystals",,,,,1,,"stronger","stronger",,,,,,,,,,"","","not overdose related","not involved","",,0,28Oct2022,1,0,,1,1,0,0,0,0,0,1,1,0,0,0,0,0,0,0,0,0,0,0,0,0,0,0,0,0,0,0,0,0,0,0,"Madison County",35.7974807,-82.6839313,"35.6009498","-82.5540161"
"300563",24,"Dallas","Dallas County","TX","Texas",18Aug2022,"spatula","spatula","cocaine",0,0,0,1,0,1,0,0,"white",0,"powder; chunky",,,1,,,,"normal; weaker","weaker",,,,,,,,,,"","","not overdose related","not involved","negative on fentanyl strip",,0,27Oct2022,1,1,,4,1,0,0,0,0,0,0,0,1,1,0,0,0,0,0,0,0,0,0,0,0,0,0,0,1,1,0,0,0,0,0,"Harris County",29.7589382,-95.3676974,"32.7762719","-96.7968559"
"300568",4,"Asheboro","Randolph County","NC","North Carolina",15Aug2022,"spatula","spatula","fentanyl; methamphetamine",1,1,0,1,0,0,0,0,"clear",0,"crystals",,,,,1,,"more down",,,,,1,,,,,,"","person went out immediately and took 2 Narcan to bring back. Was suppose to be just meth","involved in OD","Overdose reported","",,0,28Aug2022,1,1,,2,1,0,0,0,0,0,1,1,0,1,0,0,0,0,0,0,0,0,0,0,0,0,0,0,0,0,0,0,0,0,0,"Randolph County",35.7079146,-79.8136446,"35.7079146","-79.8136446"
"300578",7,"Madison","Madison County","NC","North Carolina",15Sep2022,"spatula","spatula","methamphetamine",0,0,0,1,0,0,0,0,"white",0,"crystals",,,,,1,,"normal","normal",,,,,,,,,,"","","not overdose related","not involved","",,0,11Oct2022,1,0,,1,1,0,0,0,0,0,1,1,0,0,0,0,0,0,0,0,0,0,0,0,0,0,0,0,0,0,0,0,0,0,0,"Madison County",35.7974807,-82.6839313,"35.8482034","-82.6931063"
"300579",7,"Asheville","Buncombe County","NC","North Carolina",02Sep2022,"swab","swab","fentanyl; xylazine; methamphetamine",1,1,1,1,0,0,0,0,"white",0,"powder; chunky; rock",,,1,,,,"weird",,1,,,1,,,,,,"","fell asleep sitting up, slept for days","not overdose related","not involved","",,0,19Oct2022,1,1,,8,7,1,1,0,0,0,1,1,0,1,0,0,0,0,0,0,0,0,0,0,1,0,0,0,0,0,0,0,1,0,0,"Madison County",35.7974807,-82.6839313,"35.6009498","-82.5540161"
"300609",4,"Ramseur","Randolph County","NC","North Carolina",14Oct2022,"spatula","spatula","methamphetamine",0,0,0,1,0,0,0,0,"brown",0,"crystals",,,,,1,,"normal","normal",,,,,,,,,,"","","not overdose related","not involved","",,0,19Oct2022,1,0,,1,1,0,0,0,0,0,1,1,0,0,0,0,0,0,0,0,0,0,0,0,0,0,0,0,0,0,0,0,0,0,0,"Randolph County",35.7079146,-79.8136446,"35.7334711","-79.6525267"
"300636",11,"Lumberton","Robeson County","NC","North Carolina",15Oct2022,"spatula","spatula","cocaine",0,0,0,1,0,1,0,0,"white",0,"powder",,,1,,,,"weird",,1,,,,,,,,,"","","not overdose related","not involved","",,0,30Jan2023,1,1,,2,1,0,0,0,0,0,0,0,1,1,0,0,0,0,0,0,0,0,0,0,0,0,0,0,0,0,0,0,0,0,0,"Cumberland County",35.0525759,-78.878292,"34.6183433","-79.0083993"
"300650",4,"Asheboro","Randolph County","NC","North Carolina",13Oct2022,"spatula","spatula","methamphetamine",0,0,0,1,0,0,0,0,"clear",0,"crystals",,,,,1,,"normal","normal",,,,,,,,,,"","","not overdose related","not involved","",,0,19Oct2022,1,0,,1,1,0,0,0,0,0,1,1,0,0,0,0,0,0,0,0,0,0,0,0,0,0,0,0,0,0,0,0,0,0,0,"Randolph County",35.7079146,-79.8136446,"35.7079146","-79.8136446"
"300652",30,"Boomer","Wilkes County","NC","North Carolina",02Nov2022,"swab","swab","methamphetamine",0,0,0,1,0,0,0,0,"clear",0,"crystals",,,,,1,,"",,,,,1,,,,,,"","sleepy dope","not overdose related","not involved","",,0,13Nov2022,1,0,,1,1,0,0,0,0,0,1,1,0,0,0,0,0,0,0,0,0,0,0,0,0,0,0,0,0,0,0,0,0,0,0,"Wilkes County",36.1584651,-81.1475841,"36.0673532","-81.2536987"
"300653",8,"Phoenix","Maricopa County","AZ","Arizona",13Sep2022,"swab","swab","methamphetamine",0,0,0,1,0,0,0,0,"opaque",0,"crystals",,,,,1,,"normal; weird; more down","normal",1,,,1,,,,,,"","said they felt sleepy after using but also smoked some fentanyl so?","not overdose related","not involved","",,0,21Sep2022,1,0,,2,2,0,0,0,0,0,1,1,0,0,0,0,0,0,0,0,0,0,0,0,0,0,0,0,0,0,0,0,0,0,0,"Maricopa County",33.4484367,-112.074141,"33.4484367","-112.074141"
"300670",30,"Boomer","Wilkes County","NC","North Carolina",02Nov2022,"spatula","spatula","methamphetamine",0,0,0,1,0,0,0,0,"",0,"crystals; powder; chunky",,,1,,1,,"jittery",,,,1,,,,,,,"","","not overdose related","not involved","",,0,13Nov2022,1,0,,1,1,0,0,0,0,0,1,1,0,0,0,0,0,0,0,0,0,0,0,0,0,0,0,0,0,0,0,0,0,0,0,"Wilkes County",36.1584651,-81.1475841,"36.0673532","-81.2536987"
"300707",12,"New York City","","NY","New York",04Oct2022,"spatula","spatula","methamphetamine",0,0,0,1,0,0,0,0,"clear",0,"powder",,,1,,,,"normal","normal",,,,,,,,,,"","","not overdose related","not involved","",,0,19Oct2022,1,0,,1,1,0,0,0,0,0,1,1,0,0,0,0,0,0,0,0,0,0,0,0,0,0,0,0,0,0,0,0,0,0,0,"",,,"40.7127281","-74.0060152"
"300737",6,"Traverse City","Grand Traverse County","MI","Michigan",30Sep2022,"spatula","spatula","methamphetamine",0,0,0,1,0,0,0,0,"clear; white",0,"crystals; shiny",,,,,1,"shiny","",,,,,,,,,,,"","","unknown",,"",,0,11Oct2022,1,0,,1,1,0,0,0,0,0,1,1,0,0,0,0,0,0,0,0,0,0,0,0,0,0,0,0,0,0,0,0,0,0,0,"Grand Traverse County",44.7606441,-85.61653010000001,"44.7606441","-85.6165301"
"300743",12,"New York City","","NY","New York",01Oct2022,"spatula","spatula","methamphetamine",0,0,0,1,0,0,0,0,"clear",0,"crystals",,,,,1,,"normal; nice","normal",,,,,1,,,,,"","","not overdose related","not involved","",,0,19Oct2022,1,0,,1,1,0,0,0,0,0,1,1,0,0,0,0,0,0,0,0,0,0,0,0,0,0,0,0,0,0,0,0,0,0,0,"",,,"40.7127281","-74.0060152"
"300748",16,"Gresham","Multnomah County","OR","Oregon",28Sep2022,"spatula","spatula","methamphetamine",0,0,0,1,0,0,0,0,"clear",0,"crystals",,,,,1,,"weaker","weaker",,,,,,,,,,"brittle","","not overdose related","not involved","",,1,06Oct2022,1,0,,1,1,0,0,0,0,0,1,1,0,0,0,0,0,0,0,0,0,0,0,0,0,0,0,0,0,0,0,0,0,0,0,"Multnomah County",45.5202471,-122.674194,"45.4997475","-122.4309766"
"300772",12,"New York City","","NY","New York",07Oct2022,"spatula","spatula","methamphetamine",0,0,0,1,0,0,0,0,"clear",0,"crystals",,,,,1,,"normal","normal",,,,,,,,,,"","","not overdose related","not involved","",,0,19Oct2022,1,0,,1,1,0,0,0,0,0,1,1,0,0,0,0,0,0,0,0,0,0,0,0,0,0,0,0,0,0,0,0,0,0,0,"",,,"40.7127281","-74.0060152"
"300773",4,"Randleman","Randolph County","NC","North Carolina",17Nov2022,"swab","swab","methamphetamine",0,0,0,1,0,0,0,0,"clear",0,"crystals",,,,,1,,"normal","normal",,,,,,,,,,"","","not overdose related","not involved","",,0,02Dec2022,1,0,,1,1,0,0,0,0,0,1,1,0,0,0,0,0,0,0,0,0,0,0,0,0,0,0,0,0,0,0,0,0,0,0,"Randolph County",35.7079146,-79.8136446,"35.8179143","-79.8030873"
"300777",12,"New York City","","NY","New York",01Oct2022,"spatula","spatula","methamphetamine",0,0,0,1,0,0,0,0,"clear",0,"crystals",,,,,1,,"normal","normal",,,,,,,,,,"","","not overdose related","not involved","",,0,19Oct2022,1,0,,1,1,0,0,0,0,0,1,1,0,0,0,0,0,0,0,0,0,0,0,0,0,0,0,0,0,0,0,0,0,0,0,"",,,"40.7127281","-74.0060152"
"300783",4,"Asheboro","Randolph County","NC","North Carolina",12Oct2022,"swab","swab","heroin; fentanyl; methamphetamine",1,1,0,1,0,0,0,0,"white",0,"powder",,,1,,,,"mixed",,,,,,,,,,,"","","not overdose related","not involved","",,0,24Oct2022,1,1,,2,1,0,1,0,0,0,1,1,0,0,0,0,0,0,0,0,0,0,0,0,1,0,0,0,0,0,0,0,0,0,0,"Randolph County",35.7079146,-79.8136446,"35.7079146","-79.8136446"
"300792",6,"Traverse City","Grand Traverse County","MI","Michigan",30Sep2022,"unknown","unknown","methamphetamine",0,0,0,1,0,0,0,0,"clear",0,"crystals; shiny",,,,,1,"shiny","",,,,,,,,,,,"","","unknown",,"",,0,11Oct2022,1,0,,1,1,0,0,0,0,0,1,1,0,0,0,0,0,0,0,0,0,0,0,0,0,0,0,0,0,0,0,0,0,0,0,"Grand Traverse County",44.7606441,-85.61653010000001,"44.7606441","-85.6165301"
"300802",1,"Flat Rock","Henderson County","NC","North Carolina",24Oct2022,"spatula","spatula","methamphetamine",0,0,0,1,0,0,0,0,"white",0,"crystals",,,,,1,,"weaker","weaker",,,,,,,,,,"white small and big rocks","","not overdose related","not involved","",,0,31Oct2022,1,0,,1,1,0,0,0,0,0,1,1,0,0,0,0,0,0,0,0,0,0,0,0,0,0,0,0,0,0,0,0,0,0,0,"Surry County",36.4993297,-80.6071609,"35.271228","-82.441508"
"300813",17,"Portland","Multnomah County","OR","Oregon",27Oct2022,"spatula","spatula","methamphetamine",0,0,0,1,0,0,0,0,"white",0,"crystals",,,,,1,,"normal","normal",,,,,,,,,,"","","not overdose related","not involved","",,0,13Nov2022,1,0,,1,1,0,0,0,0,0,1,1,0,0,0,0,0,0,0,0,0,0,0,0,0,0,0,0,0,0,0,0,0,0,0,"Multnomah County",45.5202471,-122.674194,"45.5202471","-122.674194"
"300822",1,"Flat Rock","Henderson County","NC","North Carolina",24Oct2022,"spatula","spatula","methamphetamine",0,0,0,1,0,0,0,0,"clear",0,"crystals",,,,,1,,"nice; stronger; more up","stronger",,,1,,1,,,,,"clear ice rocks","","not overdose related","not involved","",,0,31Oct2022,1,0,,1,1,0,0,0,0,0,1,1,0,0,0,0,0,0,0,0,0,0,0,0,0,0,0,0,0,0,0,0,0,0,0,"Surry County",36.4993297,-80.6071609,"35.271228","-82.441508"
"300825",1,"Flat Rock","Henderson County","NC","North Carolina",24Oct2022,"spatula","spatula","methamphetamine",0,0,0,1,0,0,0,0,"white",0,"powder",,,1,,,,"more down",,,,,1,,,,,,"white powder and pebbles","sleepy dope","not overdose related","not involved","",,0,31Oct2022,1,0,,1,1,0,0,0,0,0,1,1,0,0,0,0,0,0,0,0,0,0,0,0,0,0,0,0,0,0,0,0,0,0,0,"Surry County",36.4993297,-80.6071609,"35.271228","-82.441508"
"300826",12,"New York City","","NY","New York",12Nov2022,"spatula","spatula","heroin; fentanyl; cocaine",1,1,0,1,0,1,0,0,"off-white",0,"powder; flaky",,,1,,,,"normal","normal",,,,,,,,,,"","","not overdose related","not involved","",,0,01Dec2022,1,1,,6,2,1,1,0,0,0,0,0,0,0,0,0,0,0,0,0,0,0,0,0,1,0,0,0,0,1,0,0,1,0,0,"",,,"40.7127281","-74.0060152"
"300831",22,"Ithaca","Tompkins County","NY","New York",23Nov2022,"swab","swab","methamphetamine",0,0,0,1,0,0,0,0,"white",0,"powder; shiny",,,1,,,"shiny","",,,,,,,,,,,"","","not overdose related","not involved","",,0,29Nov2022,1,0,,1,1,0,0,0,0,0,1,1,0,0,0,0,0,0,0,0,0,0,0,0,0,0,0,0,0,0,0,0,0,0,0,"",,,"42.4396039","-76.4968019"
"300839",22,"Ithaca","Tompkins County","NY","New York",22Nov2022,"unknown","unknown","heroin; methamphetamine",1,0,0,1,0,0,0,0,"light blue",1,"powder; dull",,,1,,,"dull","",,,,,,,,,,,"liquid from syringe, light milky blue powder","hot shot, OD shot","involved in OD","Overdose reported","",,0,08Dec2022,0,0,1,0,0,0,0,0,0,0,0,0,0,0,0,0,0,0,0,0,0,0,0,0,0,0,0,0,0,0,0,0,0,0,0,"",,,"42.4396039","-76.4968019"
"300848",22,"Ithaca","Tompkins County","NY","New York",22Nov2022,"swab","swab","methamphetamine",0,0,0,1,0,0,0,0,"white",0,"powder; dull",,,1,,,"dull","normal; more up","normal",,,1,,,,,,,"","","not overdose related","not involved","",,0,29Nov2022,1,1,,2,1,0,0,0,0,0,1,1,0,1,0,0,0,0,0,0,0,0,0,0,0,0,0,0,0,0,0,0,0,0,0,"",,,"42.4396039","-76.4968019"
"300863",7,"Asheville","Buncombe County","NC","North Carolina",13Dec2022,"unknown","unknown","cocaine",0,0,0,1,0,1,0,0,"white",0,"powder; dull",,,1,,,"dull","normal; weaker","weaker",,,,,,,,,,"","","not overdose related","not involved","",,0,04Jan2023,1,1,,4,2,0,0,0,0,0,0,0,1,1,0,0,0,0,0,0,0,0,0,0,0,0,0,0,0,1,0,1,0,0,0,"Madison County",35.7974807,-82.6839313,"35.6009498","-82.5540161"
"300865",8,"Tempe","Maricopa County","AZ","Arizona",08Oct2022,"unknown","unknown","methamphetamine",0,0,0,1,0,0,0,0,"opaque",0,"crystals",,,,,1,,"weaker","weaker",,,,,,,,,,"","","not overdose related","not involved","",,0,18Oct2022,1,0,,1,1,0,0,0,0,0,1,1,0,0,0,0,0,0,0,0,0,0,0,0,0,0,0,0,0,0,0,0,0,0,0,"Maricopa County",33.4484367,-112.074141,"33.4255056","-111.940009"
"300878",2,"Saratoga","Saratoga County","NY","New York",16Nov2022,"spatula","spatula","heroin; fentanyl; methamphetamine",1,1,0,1,0,0,0,0,"pink",1,"powder; chunky",,,1,,,,"normal","normal",,,,,,,,,,"","","not overdose related","not involved","",,0,21Nov2022,1,0,,3,3,1,1,0,0,0,0,0,0,0,1,0,0,0,0,0,0,0,0,0,1,0,0,0,0,1,0,0,1,0,0,"",,,"43.0833231","-73.8712155"
"300891",7,"Asheville","Buncombe County","NC","North Carolina",13Dec2022,"swab","swab","cocaine",0,0,0,1,0,1,0,0,"white",0,"powder; shiny",,,1,,,"shiny","nice; stronger","stronger",,,,,1,,,,,"","","not overdose related","not involved","",,0,04Jan2023,1,1,,3,1,0,0,0,0,0,0,0,1,1,0,0,0,0,0,0,0,0,0,0,0,0,0,0,0,0,0,0,0,0,0,"Madison County",35.7974807,-82.6839313,"35.6009498","-82.5540161"
"300893",7,"Marshall","Madison County","NC","North Carolina",13Dec2022,"spatula","spatula","methamphetamine",0,0,0,1,0,0,0,0,"white",0,"powder",,,1,,,,"weird; weaker; unpleasant","weaker",1,,,,,,,,,"","salty-taste, vein injury","not overdose related","not involved","",,0,04Jan2023,1,0,,1,1,0,0,0,0,0,1,1,0,0,0,0,0,0,0,0,0,0,0,0,0,0,0,0,0,0,0,0,0,0,0,"Madison County",35.7974807,-82.6839313,"35.7974807","-82.6839313"
"300896",12,"New York City","","NY","New York",29Oct2022,"spatula","spatula","fentanyl; cocaine",1,1,0,1,0,1,0,0,"light pink; gray",0,"",,,,,,,"normal; nice","normal",,,,,1,,,,,"","","not overdose related","not involved","",,0,02Dec2022,1,1,,13,5,1,1,1,1,0,0,0,0,1,1,0,0,0,1,0,0,0,0,0,1,1,0,0,0,1,0,0,1,0,0,"",,,"40.7127281","-74.0060152"
"300897",17,"Portland","Multnomah County","OR","Oregon",21Oct2022,"unknown","unknown","cocaine",0,0,0,1,0,1,0,0,"white",0,"powder; dull",,,1,,,"dull","",,,,,,,,,,,"","new batch","not overdose related","not involved","",,0,13Nov2022,1,1,,3,2,0,0,0,0,0,0,0,1,1,0,0,1,0,0,0,0,0,0,0,0,0,0,0,0,1,0,0,0,0,0,"Multnomah County",45.5202471,-122.674194,"45.5202471","-122.674194"
"300901",15,"Missoula","Missoula County","MT","Montana",10Nov2022,"unknown","unknown","methamphetamine",0,0,0,1,0,0,0,0,"clear; white",0,"crystals; powder; chunky",,,1,,1,,"weaker","weaker",,,,,,,,,,"","","not overdose related","not involved","",,0,28Nov2022,1,1,,2,1,0,1,0,0,0,1,1,0,0,0,0,0,0,0,0,0,0,0,0,1,0,0,0,0,0,0,0,0,0,0,"Missoula County",46.8701049,-113.995267,"46.8701049","-113.995267"
"300905",3,"Long Island","","NY","New York",05Dec2022,"spatula","spatula","cocaine",0,0,0,1,0,1,0,0,"white",0,"powder; shiny; flaky",,,1,,,"shiny","nice; weaker","weaker",,,,,1,,,,,"","","involved in OD","Overdose reported","",,0,04Jan2023,1,1,,7,2,0,0,0,0,0,0,0,1,1,0,0,0,0,0,0,0,0,0,0,0,0,0,0,0,1,0,0,0,0,0,"Suffolk County",40.9465118,-73.0691257,"40.851497","-73.0994258"
"300922",26,"Santa Fe","Santa Fe County","NM","New Mexico",18Nov2022,"spatula","spatula","methamphetamine",0,0,0,1,0,0,0,0,"white",0,"crystals; powder; shiny; flaky",,,1,,1,"shiny","more down",,,,,1,,,,,,"","had downer effects, supposed to be meth","unknown",,"",,0,23Nov2022,1,0,,1,1,0,0,0,0,0,1,1,0,0,0,0,0,0,0,0,0,0,0,0,0,0,0,0,0,0,0,0,0,0,0,"Santa Fe County",35.7624272,-105.9323157,"35.6876096","-105.938456"
"300936",11,"Lumberton","Robeson County","NC","North Carolina",18Nov2022,"swab","swab","cocaine",0,0,0,1,0,1,0,0,"white",0,"powder; flaky",,,1,,,,"stronger","stronger",,,,,,,,,,"","","unknown",,"",,0,30Jan2023,1,1,,2,1,0,0,0,0,0,0,0,1,1,0,0,0,0,0,0,0,0,0,0,0,0,0,0,0,0,0,0,0,0,0,"Cumberland County",35.0525759,-78.878292,"34.6183433","-79.0083993"
"300942",9,"Seattle","King County","WA","Washington",22Jul2022,"spatula","spatula","methamphetamine",0,0,0,1,0,0,0,0,"clear",0,"crystals",,,,,1,,"",,,,,,,,,,,"","","unknown",,"",,0,17Nov2022,1,0,,1,1,0,0,0,0,0,1,1,0,0,0,0,0,0,0,0,0,0,0,0,0,0,0,0,0,0,0,0,0,0,0,"King County",47.6038321,-122.330062,"47.6038321","-122.330062"
"400101",28,"Winston-Salem","Forsyth County","NC","North Carolina",23Nov2022,"cotton","cotton","fentanyl; methamphetamine",1,1,0,1,0,0,0,0,"yellow",1,"crystals; powder",,,1,,1,,"weaker","weaker",,,,,,,,,,"","meth + fent mixed together. Meth was weaker","not overdose related","not involved","",,0,07Dec2022,1,0,,5,5,1,1,1,1,0,1,1,0,0,0,0,0,0,0,0,0,0,0,0,1,0,0,0,0,1,0,0,1,0,0,"Forsyth County",36.0998131,-80.24405179999999,"36.0998131","-80.2440518"
"400116",27,"Asheville","Buncombe County","NC","North Carolina",23Nov2022,"swab","swab","methamphetamine",0,0,0,1,0,0,0,0,"white",0,"",,,,,,,"normal","normal",,,,,,,,,,"","","not overdose related","not involved","",,0,29Nov2022,1,0,,1,1,0,0,0,0,0,1,1,0,0,0,0,0,0,0,0,0,0,0,0,0,0,0,0,0,0,0,0,0,0,0,"Buncombe County",35.6009498,-82.5540161,"35.6009498","-82.5540161"
"400123",27,"Asheville","Buncombe County","NC","North Carolina",29Nov2022,"cotton","cotton","methamphetamine",0,0,0,1,0,0,0,0,"",0,"",,,,,,,"",,,,,,,,,,,"","","not overdose related","not involved","",,0,05Dec2022,1,1,,7,4,1,1,0,1,1,0,0,1,1,0,0,0,0,0,0,0,0,0,0,1,0,0,0,0,0,0,0,1,1,0,"Buncombe County",35.6009498,-82.5540161,"35.6009498","-82.5540161"
"400126",23,"Jackson","Madison County","TN","Tennessee",15Dec2022,"spatula","spatula","methamphetamine",0,0,0,1,0,0,0,0,"opaque; clear; white",0,"crystals",,,,,1,,"",,,,,,,,,,,"","","unknown",,"",,0,05Jan2023,1,0,,1,1,0,0,0,0,0,1,1,0,0,0,0,0,0,0,0,0,0,0,0,0,0,0,0,0,0,0,0,0,0,0,"",,,"35.6144446","-88.8177418"
"400127",23,"Smyrna","Rutherford County","TN","Tennessee",20Dec2022,"spatula","spatula","cocaine",0,0,0,1,0,1,0,0,"white",0,"powder; flaky",,,1,,,,"normal","normal",,,,,,,,,,"","","not overdose related","not involved","",,0,13Jan2023,1,1,,2,1,0,0,0,0,0,0,0,1,1,0,0,0,0,0,0,0,0,0,0,0,0,0,0,0,0,0,0,0,0,0,"",,,"35.9824598","-86.5199492"
"400130",12,"New York City","","NY","New York",29Nov2022,"swab","swab","methamphetamine",0,0,0,1,0,0,0,0,"clear",0,"crystals",,,,,1,,"weaker","weaker",,,,,,,,,,"","maybe washed with acetone","not overdose related","not involved","",,0,03Jan2023,1,0,,1,1,0,0,0,0,0,1,1,0,0,0,0,0,0,0,0,0,0,0,0,0,0,0,0,0,0,0,0,0,0,0,"",,,"40.7127281","-74.0060152"
"400133",23,"Jackson","Madison County","TN","Tennessee",17Dec2022,"spatula","spatula","methamphetamine",0,0,0,1,0,0,0,0,"opaque",0,"crystals",,,,,1,,"",,,,,,,,,,,"","","unknown",,"",,0,05Jan2023,1,1,,2,1,0,0,0,0,0,1,1,0,0,0,0,0,0,0,0,0,0,0,0,0,0,0,0,0,1,0,0,0,0,0,"",,,"35.6144446","-88.8177418"
"400134",23,"Woodbine","Davidson County","TN","Tennessee",,"swab","swab","methamphetamine",0,0,0,1,0,0,0,0,"white",0,"",,,,,,,"stronger; more up","stronger",,,1,,,,,,,"","","unknown",,"",,0,06Jan2023,1,0,,1,1,0,0,0,0,0,1,1,0,0,0,0,0,0,0,0,0,0,0,0,0,0,0,0,0,0,0,0,0,0,0,"",,,"36.1203358","-86.7433316"
"400141",26,"Santa Fe","Santa Fe County","NM","New Mexico",18Nov2022,"spatula","spatula","methamphetamine",0,0,0,1,0,0,0,0,"white",0,"crystals; powder; shiny; flaky",,,1,,1,"shiny","more down",,,,,1,,,,,,"white crystal that easily broke into powder","felt like a downer, supposed to be meth","unknown",,"",,0,23Nov2022,1,0,,1,1,0,0,0,0,0,1,1,0,0,0,0,0,0,0,0,0,0,0,0,0,0,0,0,0,0,0,0,0,0,0,"Santa Fe County",35.7624272,-105.9323157,"35.6876096","-105.938456"
"400142",27,"Asheville","Buncombe County","NC","North Carolina",23Nov2022,"spatula","spatula","methamphetamine",0,0,0,1,0,0,0,0,"clear",0,"crystals",,,,,1,,"normal","normal",,,,,,,,,,"","","not overdose related","not involved","",,0,01Dec2022,1,0,,1,1,0,0,0,0,0,1,1,0,0,0,0,0,0,0,0,0,0,0,0,0,0,0,0,0,0,0,0,0,0,0,"Buncombe County",35.6009498,-82.5540161,"35.6009498","-82.5540161"
"400157",28,"Winston-Salem","Forsyth County","NC","North Carolina",14Nov2022,"swab","swab","cocaine",0,0,0,1,0,1,0,0,"white",0,"powder; dull",,,1,,,"dull","nice; more up",,,,1,,1,,,,,"","","not overdose related","not involved","",,0,07Dec2022,1,0,,1,1,0,0,0,0,0,0,0,1,1,0,0,0,0,0,0,0,0,0,0,0,0,0,0,0,0,0,0,0,0,0,"Forsyth County",36.0998131,-80.24405179999999,"36.0998131","-80.2440518"
"400167",19,"Columbus","Franklin County","OH","Ohio",29Nov2022,"spatula","spatula","cocaine",0,0,0,1,0,1,0,0,"",0,"powder; chunky",,,1,,,,"normal; stronger","stronger",,,,,,,,,,"chunk cocaine with small amount of powder","","unknown",,"",,0,04Jan2023,1,1,,6,2,0,0,0,0,0,0,0,1,1,0,0,0,0,0,0,0,0,0,0,0,0,0,0,1,1,0,0,0,0,0,"Franklin County",39.9622601,-83.00070650000001,"39.9622601","-83.0007065"
"400172",23,"Murfreesboro","Rutherford County","TN","Tennessee",21Dec2022,"spatula","spatula","cocaine",0,0,0,1,0,1,0,0,"white",0,"powder; flaky",,,1,,,,"normal","normal",,,,,,,,,,"","","not overdose related","not involved","",,0,13Jan2023,1,1,,4,1,0,0,0,0,0,0,0,1,1,0,0,0,0,0,0,0,0,0,0,0,0,0,0,1,1,0,0,0,0,0,"",,,"35.737569","-87.473903"
"400177",27,"Asheville","Buncombe County","NC","North Carolina",30Nov2022,"swab","swab","methamphetamine",0,0,0,1,0,0,0,0,"",0,"",,,,,,,"normal","normal",,,,,,,,,,"","","not overdose related","not involved","",,0,05Dec2022,1,0,,1,1,0,0,0,0,0,1,1,0,0,0,0,0,0,0,0,0,0,0,0,0,0,0,0,0,0,0,0,0,0,0,"Buncombe County",35.6009498,-82.5540161,"35.6009498","-82.5540161"
"400184",27,"Asheville","Buncombe County","NC","North Carolina",25Nov2022,"swab","swab","methamphetamine",0,0,0,1,0,0,0,0,"white",0,"",,,,,,,"stronger","stronger",,,,,,,,,,"","","not overdose related","not involved","",,0,05Dec2022,1,0,,1,1,0,0,0,0,0,1,1,0,0,0,0,0,0,0,0,0,0,0,0,0,0,0,0,0,0,0,0,0,0,0,"Buncombe County",35.6009498,-82.5540161,"35.6009498","-82.5540161"
"400190",19,"Columbus","Franklin County","OH","Ohio",06Dec2022,"spatula","spatula","fentanyl; methamphetamine",1,1,0,1,0,0,0,0,"white",0,"powder; dull",,,1,,,"dull","normal; more up","normal",,,1,,,,,,,"","","unknown",,"",,0,03Jan2023,1,1,,4,2,1,1,1,1,0,0,0,0,0,0,0,0,0,0,0,0,0,0,0,1,0,0,0,0,0,0,0,1,0,0,"Franklin County",39.9622601,-83.00070650000001,"39.9622601","-83.0007065"
"400192",23,"Murfreesboro","Rutherford County","TN","Tennessee",11Dec2022,"spatula","spatula","cocaine",0,0,0,1,0,1,0,0,"white",0,"powder; chunky; flaky",,,1,,,,"normal","normal",,,,,,,,,,"","feels like pure cocaine, smells like acetone","not overdose related","not involved","",,0,13Jan2023,1,1,,4,1,0,0,0,0,0,0,0,1,1,0,0,0,0,0,0,0,0,0,0,0,0,0,0,1,1,0,0,0,0,0,"",,,"35.737569","-87.473903"
"400193",26,"Chimayo","Santa Fe County","NM","New Mexico",18Nov2022,"spatula","spatula","cocaine",0,0,0,1,0,1,0,0,"white",0,"powder; chunky; shiny",,,1,,,"shiny","stronger; more up; unpleasant","stronger",1,,1,,,,,,1,"","","involved in OD","Overdose reported","seizures",,0,22Nov2022,1,1,,5,3,0,0,0,0,0,0,0,1,1,0,0,1,0,0,0,0,0,0,0,0,0,0,0,1,1,0,0,0,0,0,"Santa Fe County",35.7624272,-105.9323157,"36.0039088","-105.9468664"
"400196",27,"Asheville","Buncombe County","NC","North Carolina",23Nov2022,"cotton","cotton","methamphetamine",0,0,0,1,0,0,0,0,"",0,"",,,,,,,"normal","normal",,,,,,,,,,"","","not overdose related","not involved","",,0,01Dec2022,1,0,,1,1,0,0,0,0,0,1,1,0,0,0,0,0,0,0,0,0,0,0,0,0,0,0,0,0,0,0,0,0,0,0,"Buncombe County",35.6009498,-82.5540161,"35.6009498","-82.5540161"
"400202",29,"Reno","Washoe County","NV","Nevada",13Jan2023,"spatula","spatula","methamphetamine",0,0,0,1,0,0,0,0,"clear",0,"crystals",,,,,1,,"",,,,,,,,1,,,"","burns fingers","not overdose related","not involved","",,0,26Jan2023,1,0,,1,1,0,0,0,0,0,1,1,0,0,0,0,0,0,0,0,0,0,0,0,0,0,0,0,0,0,0,0,0,0,0,"",,,"39.5261206","-119.8126581"
"400211",27,"Asheville","Buncombe County","NC","North Carolina",27Dec2022,"spatula","spatula","cocaine",0,0,0,1,0,1,0,0,"white",0,"powder; chunky",,,1,,,,"weaker","weaker",,,,,,,,,,"","","not overdose related","not involved","",,0,04Jan2023,1,1,,2,1,0,0,0,0,0,0,0,1,1,0,0,0,0,0,0,0,0,0,0,0,0,0,0,0,0,0,0,0,0,0,"Buncombe County",35.6009498,-82.5540161,"35.6009498","-82.5540161"
"400227",23,"Nashville","Davidson County","TN","Tennessee",10Jan2023,"spatula","spatula","cocaine",0,0,0,1,0,1,0,0,"white",0,"powder; chunky; flaky",,,1,,,,"normal; weaker","weaker",,,,,,,,,,"","suspected baby laxative","not overdose related","not involved","",,0,13Jan2023,1,0,,1,1,0,0,0,0,0,0,0,1,1,0,0,0,0,0,0,0,0,0,0,0,0,0,0,0,0,0,0,0,0,0,"",,,"36.1622767","-86.7742984"
"400241",23,"Nashville","Davidson County","TN","Tennessee",20Jan2023,"swab","swab","cocaine",0,0,0,1,0,1,0,0,"white",0,"powder; chunky; flaky; sticky",,,1,,,,"stronger; unpleasant","stronger",1,,,,,,,,,"rock","","not overdose related","not involved","",,0,25Jan2023,1,1,,2,1,0,0,0,0,0,0,0,1,1,0,0,0,0,0,0,0,0,0,0,0,0,0,0,0,1,0,0,0,0,0,"",,,"36.1622767","-86.7742984"
"400247",23,"Nashville","Davidson County","TN","Tennessee",10Jan2023,"swab","swab","cocaine",0,0,0,1,0,1,0,0,"white",0,"powder",,,1,,,,"normal; nice","normal",,,,,1,,,,,"","","not overdose related","not involved","",,0,13Jan2023,1,1,,4,2,0,0,0,0,0,0,0,1,1,1,0,0,0,0,0,0,0,0,0,0,0,0,0,1,1,0,0,0,0,0,"",,,"36.1622767","-86.7742984"
"400250",23,"Nashville","Davidson County","TN","Tennessee",15Jan2023,"swab","swab","cocaine",0,0,0,1,0,1,0,0,"white",0,"powder; chunky; shiny",,,1,,,"shiny","more up",,,,1,,,,,,,"","","not overdose related","not involved","",,0,25Jan2023,1,1,,4,2,0,0,0,0,0,0,0,1,1,1,0,0,0,0,0,0,0,0,0,0,0,0,0,1,1,0,0,0,0,0,"",,,"36.1622767","-86.7742984"
"400251",23,"","Madison County","TN","Tennessee",10Jan2023,"swab","swab","cocaine",0,0,0,1,0,1,0,0,"white",0,"powder; shiny",,,1,,,"shiny","normal; nice","normal",,,,,1,,,,,"","","not overdose related","not involved","",,0,13Jan2023,1,1,,2,1,0,0,0,0,0,0,0,1,1,0,0,0,0,0,0,0,0,0,0,0,0,0,0,0,0,0,0,0,0,0,"",,,"35.7730076","-86.2820081"
"400254",23,"Nashville","Davidson County","TN","Tennessee",20Jan2023,"spatula","spatula","methamphetamine",0,0,0,1,0,0,0,0,"clear",0,"crystals",,,,,1,,"nice",,,,,,1,,,,,"","","unknown",,"",,0,27Jan2023,1,0,,1,1,0,0,0,0,0,1,1,0,0,0,0,0,0,0,0,0,0,0,0,0,0,0,0,0,0,0,0,0,0,0,"",,,"36.1622767","-86.7742984"
"400257",23,"Nashville","Davidson County","TN","Tennessee",16Jan2023,"swab","swab","methamphetamine",0,0,0,1,0,0,0,0,"white",0,"crystals",,,,,1,,"normal","normal",,,,,,,,,,"","","not overdose related","not involved","",,0,26Jan2023,1,0,,1,1,0,0,0,0,0,1,1,0,0,0,0,0,0,0,0,0,0,0,0,0,0,0,0,0,0,0,0,0,0,0,"",,,"36.1622767","-86.7742984"
"400265",23,"Jackson","Madison County","TN","Tennessee",18Jan2023,"spatula","spatula","methamphetamine",0,0,0,1,0,0,0,0,"clear",0,"crystals",,,,,1,,"",,,,,,,,,,,"","","unknown",,"",,0,27Jan2023,1,0,,1,1,0,0,0,0,0,1,1,0,0,0,0,0,0,0,0,0,0,0,0,0,0,0,0,0,0,0,0,0,0,0,"",,,"35.6144446","-88.8177418"
"400272",23,"Nashville","Davidson County","TN","Tennessee",14Jan2023,"spatula","spatula","methamphetamine",0,0,0,1,0,0,0,0,"white",0,"crystals",,,,,1,,"normal; stronger; unpleasant; hallucinations","stronger",1,1,,,,,,,,"","","not overdose related","not involved","",,0,01Feb2023,0,0,1,0,0,0,0,0,0,0,0,0,0,0,0,0,0,0,0,0,0,0,0,0,0,0,0,0,0,0,0,0,0,0,0,"",,,"36.1622767","-86.7742984"
"400274",23,"Nashville","Davidson County","TN","Tennessee",16Jan2023,"spatula","spatula","methamphetamine",0,0,0,1,0,0,0,0,"clear",0,"crystals",,,,,1,,"stronger","stronger",,,,,,,,,,"","","not overdose related","not involved","",,0,27Jan2023,1,0,,1,1,0,0,0,0,0,1,1,0,0,0,0,0,0,0,0,0,0,0,0,0,0,0,0,0,0,0,0,0,0,0,"",,,"36.1622767","-86.7742984"
"800108",20,"San Francisco","","CA","California",23Jan2023,"spatula","spatula","crack",0,0,0,1,0,1,0,0,"white",0,"chunky",,,,,,,"",,,,,,,,,,,"","not yet consumed","not overdose related","not involved","",,1,30Jan2023,1,1,,3,1,0,0,0,0,0,0,0,1,1,0,0,0,0,0,0,0,0,0,0,0,0,0,0,1,1,0,0,0,0,0,"",,,"37.7790262","-122.419906"
"800111",20,"San Francisco","","CA","California",22Dec2022,"spatula","spatula","methamphetamine",0,0,0,1,0,0,0,0,"colorless",1,"crystals",,,,,1,,"",,,,,,,,,,,"","n/a","not overdose related","not involved","",,1,09Jan2023,1,0,,1,1,0,0,0,0,0,1,1,0,0,0,0,0,0,0,0,0,0,0,0,0,0,0,0,0,0,0,0,0,0,0,"",,,"37.7790262","-122.419906"
"800115",20,"San Francisco","","CA","California",03Jan2023,"spatula","spatula","methamphetamine",0,0,0,1,0,0,0,0,"clear",0,"crystals",,,,,1,,"weird; stronger; unpleasant; hallucinations","stronger",1,1,,,,,,,,"","fuzzy","not overdose related","not involved","",,1,26Jan2023,1,0,,1,1,0,0,0,0,0,1,1,0,0,0,0,0,0,0,0,0,0,0,0,0,0,0,0,0,0,0,0,0,0,0,"",,,"37.7790262","-122.419906"
"800120",9,"Seattle","King County","WA","Washington",06Jan2023,"spatula","spatula","fentanyl; methamphetamine",1,1,0,1,0,0,0,0,"",0,"crystals",,,,,1,,"",,,,,,,,,,,"","","unknown",,"",,1,31Jan2023,1,0,,1,1,0,0,0,0,0,1,1,0,0,0,0,0,0,0,0,0,0,0,0,0,0,0,0,0,0,0,0,0,0,0,"King County",47.6038321,-122.330062,"47.6038321","-122.330062"
"800123",9,"Seattle","King County","WA","Washington",04Jan2023,"unknown","unknown","crack",0,0,0,1,0,1,0,0,"white",0,"crystals",,,,,1,,"more down",,,,,1,,,,,,"","","not overdose related","not involved","",,1,09Jan2023,1,1,,3,1,0,0,0,0,0,0,0,1,1,0,0,0,0,0,0,0,0,0,0,0,0,0,0,1,0,0,0,0,0,0,"King County",47.6038321,-122.330062,"47.6038321","-122.330062"
"800128",20,"San Francisco","","CA","California",17Jan2023,"spatula","spatula","methamphetamine",0,0,0,1,0,0,0,0,"colorless",1,"crystals",,,,,1,,"",,,,,,,,,,,"","","not overdose related","not involved","",,1,26Jan2023,1,0,,1,1,0,0,0,0,0,1,1,0,0,0,0,0,0,0,0,0,0,0,0,0,0,0,0,0,0,0,0,0,0,0,"",,,"37.7790262","-122.419906"
"800129",9,"Seattle","King County","WA","Washington",09Dec2022,"spatula","spatula","methamphetamine",0,0,0,1,0,0,0,0,"clear",0,"crystals",,,,,1,,"other",,,,,1,,,,,,""," went to sleep ","unknown",,"",,1,04Jan2023,1,0,,1,1,0,0,0,0,0,1,1,0,0,0,0,0,0,0,0,0,0,0,0,0,0,0,0,0,0,0,0,0,0,0,"King County",47.6038321,-122.330062,"47.6038321","-122.330062"
"800130",9,"Seattle","King County","WA","Washington",27Jan2023,"spatula","spatula","methamphetamine",0,0,0,1,0,0,0,0,"white",0,"crystals",,,,,1,,"",,,,,,,,,,,"","","unknown",,"",,1,31Jan2023,1,0,,1,1,0,0,0,0,0,1,1,0,0,0,0,0,0,0,0,0,0,0,0,0,0,0,0,0,0,0,0,0,0,0,"King County",47.6038321,-122.330062,"47.6038321","-122.330062"
"800138",20,"San Francisco","","CA","California",03Jan2023,"spatula","spatula","cocaine",0,0,0,1,0,1,0,0,"white",0,"powder; flaky",,,1,,,,"normal","normal",,,,,,,,,,"","cleaner","not overdose related","not involved","",,1,25Jan2023,1,1,,3,1,0,0,0,0,0,0,0,1,1,0,0,0,0,0,0,0,0,0,0,0,0,0,0,1,1,0,0,0,0,0,"",,,"37.7790262","-122.419906"
"800139",9,"Seattle","King County","WA","Washington",,"spatula","spatula","cocaine",0,0,0,1,0,1,0,0,"white",0,"powder",,,1,,,,"normal; nice","normal",,,,,1,,,,,"","","not overdose related","not involved","",,1,25Jan2023,1,1,,4,1,0,0,0,0,0,0,0,1,1,0,0,0,0,0,0,0,0,0,0,0,0,0,0,1,1,0,0,0,0,0,"King County",47.6038321,-122.330062,"47.6038321","-122.330062"
"800144",20,"San Francisco","","CA","California",23Jan2023,"spatula","spatula","methamphetamine",0,0,0,1,0,0,0,0,"colorless",1,"crystals",,,,,1,,"",,,,,,,,,,,"","not yet consumed","not overdose related","not involved","",,1,31Jan2023,1,0,,1,1,0,0,0,0,0,1,1,0,0,0,0,0,0,0,0,0,0,0,0,0,0,0,0,0,0,0,0,0,0,0,"",,,"37.7790262","-122.419906"
"800148",20,"San Francisco","","CA","California",19Dec2022,"spatula","spatula","crack",0,0,0,1,0,1,0,0,"white",0,"powder; chunky",,,1,,,,"",,,,,,,,,,,"","not good","not overdose related","not involved","",,1,09Jan2023,1,1,,2,1,0,0,0,0,0,0,0,1,1,0,0,0,0,0,0,0,0,0,0,0,0,0,0,0,0,0,0,0,0,0,"",,,"37.7790262","-122.419906"
"800149",9,"Seattle","King County","WA","Washington",30Dec2022,"spatula","spatula","methamphetamine",0,0,0,1,0,0,0,0,"",0,"crystals",,,,,1,,"normal","normal",,,,,,,,,,"","","not overdose related","not involved","",,1,09Jan2023,1,0,,1,1,0,0,0,0,0,1,1,0,0,0,0,0,0,0,0,0,0,0,0,0,0,0,0,0,0,0,0,0,0,0,"King County",47.6038321,-122.330062,"47.6038321","-122.330062"
"800150",9,"Seattle","King County","WA","Washington",16Dec2022,"spatula","spatula","cocaine",0,0,0,1,0,1,0,0,"white",0,"crystals",,,,,1,,"",,,,,,,,,,,"","","unknown",,"",,1,09Jan2023,1,1,,3,1,0,0,0,0,0,0,0,1,1,0,0,0,0,0,0,0,0,0,0,0,0,0,0,1,1,0,0,0,0,0,"King County",47.6038321,-122.330062,"47.6038321","-122.330062"
"800181",9,"Seattle","King County","WA","Washington",27Jan2023,"spatula","spatula","fentanyl; cocaine",1,1,0,1,0,1,0,0,"white",0,"powder; dull",,,1,,,"dull","",,,,,,,,,,,"","","involved in OD","Overdose reported","",,1,31Jan2023,1,1,,11,2,0,1,0,0,0,0,1,1,1,0,0,0,0,0,0,0,0,0,0,1,0,0,0,1,1,1,0,0,0,0,"King County",47.6038321,-122.330062,"47.6038321","-122.330062"
"800186",9,"Seattle","King County","WA","Washington",09Dec2022,"swab","swab","methamphetamine",0,0,0,1,0,0,0,0,"clear",0,"crystals",,,,,1,,"normal","normal",,,,,,,,,,"","","not overdose related","not involved","",,1,04Jan2023,1,0,,1,1,0,0,0,0,0,1,1,0,0,0,0,0,0,0,0,0,0,0,0,0,0,0,0,0,0,0,0,0,0,0,"King County",47.6038321,-122.330062,"47.6038321","-122.330062"
"800194",20,"San Francisco","","CA","California",06Jan2023,"spatula","spatula","cocaine",0,0,0,1,0,1,0,0,"white",0,"powder",,,1,,,,"",,,,,,,,,,,"","","not overdose related","not involved","",,1,25Jan2023,1,1,,3,1,0,0,0,0,0,0,0,1,1,0,0,0,0,0,0,0,0,0,0,0,0,0,0,1,1,0,0,0,0,0,"",,,"37.7790262","-122.419906"
"800198",20,"San Francisco","","CA","California",19Dec2022,"spatula","spatula","methamphetamine",0,0,0,1,0,0,0,0,"colorless",1,"crystals",,,,,1,,"weird",,1,,,,,,,,,"","","not overdose related","not involved","",,1,09Jan2023,1,0,,1,1,0,0,0,0,0,1,1,0,0,0,0,0,0,0,0,0,0,0,0,0,0,0,0,0,0,0,0,0,0,0,"",,,"37.7790262","-122.419906"
"800277",9,"Seattle","King County","WA","Washington",27Jan2023,"swab","swab","methamphetamine",0,0,0,1,0,0,0,0,"clear",0,"crystals",,,,,1,,"",,,,,,,,,,,"","","unknown",,"",,1,31Jan2023,1,1,,3,1,0,0,0,0,0,0,0,1,1,0,0,0,0,0,0,0,0,0,0,0,0,0,0,0,0,0,0,0,0,0,"King County",47.6038321,-122.330062,"47.6038321","-122.330062"
"800342",20,"Los Angeles","Los Angeles County","CA","California",23Jan2023,"spatula","spatula","cocaine",0,0,0,1,0,1,0,0,"white",0,"powder; dull",,,1,,,"dull","",,,,,,,,,,,"","","not overdose related","not involved","",,1,30Jan2023,1,1,,5,1,0,0,0,0,0,0,0,1,1,0,0,0,0,0,0,0,0,0,0,0,0,0,0,1,1,0,0,0,0,0,"",,,"34.0536909","-118.242766"
"901001",29,"Reno","Washoe County","NV","Nevada",13Jan2023,"spatula","spatula","methamphetamine",0,0,0,1,0,0,0,0,"white",0,"powder; shiny",,,1,,,"shiny","normal","normal",,,,1,,,,,,"","can eat and sleep still","not overdose related","not involved","",,0,26Jan2023,1,0,,1,1,0,0,0,0,0,1,1,0,0,0,0,0,0,0,0,0,0,0,0,0,0,0,0,0,0,0,0,0,0,0,"",,,"39.5261206","-119.8126581"
"NC01011",13,"Greensboro","Guilford County","NC","North Carolina",13Jul2021,"swab","swab","heroin; cocaine",1,0,0,1,0,1,0,0,"white",0,"powder",,,1,,,,"normal","normal",,,,,,,,,,"","","unknown",,"",,0,16Mar2022,1,1,,16,9,1,1,0,1,1,0,0,1,1,0,0,1,0,0,0,0,0,0,0,1,0,0,0,1,1,0,0,1,0,0,"Guilford County",36.0726355,-79.7919754,"36.0726355","-79.7919754"
"NC01029",13,"Greensboro","Guilford County","NC","North Carolina",29Jul2021,"spatula","spatula","cocaine",0,0,0,1,0,1,0,0,"white",0,"flaky",,,,,,,"",,,,,,,,,,,"","","unknown",,"",,0,22Feb2022,1,1,,6,2,0,0,0,0,0,0,0,1,1,0,0,0,0,0,0,0,0,0,0,0,0,0,0,1,1,0,0,0,0,0,"Guilford County",36.0726355,-79.7919754,"36.0726355","-79.7919754"
"NC01052",13,"Greensboro","Guilford County","NC","North Carolina",13Jul2021,"swab","swab","heroin; cocaine",1,0,0,1,0,1,0,0,"gray",0,"",,,,,,,"",,,,,,,,,,,"","","unknown",,"",,0,16Mar2022,1,1,,8,3,1,1,0,0,0,0,0,1,1,0,0,0,0,0,0,0,0,0,0,1,0,0,0,0,0,1,0,1,0,0,"Guilford County",36.0726355,-79.7919754,"36.0726355","-79.7919754"
"NC01072",13,"Greensboro","Guilford County","NC","North Carolina",13Jul2021,"spatula","spatula","cocaine",0,0,0,1,0,1,0,0,"white; gray",0,"chunky; grainy",,,,,,,"",,,,,,,,,,,"","","unknown",,"",,0,16Mar2022,1,1,,8,2,0,1,1,1,0,0,0,0,1,0,0,0,0,0,0,0,0,0,0,1,0,0,0,0,1,0,0,1,1,0,"Guilford County",36.0726355,-79.7919754,"36.0726355","-79.7919754"
"NC01171",12,"Brooklyn","Kings County","NY","New York",31Dec2021,"spatula","spatula","cocaine",0,0,0,1,0,1,0,0,"white",0,"powder",,,1,,,,"typical; meh","normal",,,,,,,,,,"","","unknown",,"",,0,27Jan2022,1,1,,2,1,0,0,0,0,0,0,0,1,1,0,0,0,0,0,0,0,0,0,0,0,0,0,0,0,0,0,0,0,0,0,"",,,"40.6526006","-73.9497211"
"NC01314",12,"Brooklyn","Kings County","NY","New York",31Dec2021,"spatula","spatula","cocaine",0,0,0,1,0,1,0,0,"white",0,"powder",,,1,,,,"typical; meh","normal",,,,,,,,,,"","","unknown",,"",,0,27Jan2022,1,0,,1,1,0,0,0,0,0,0,0,1,1,0,0,0,0,0,0,0,0,0,0,0,0,0,0,0,0,0,0,0,0,0,"",,,"40.6526006","-73.9497211"
"NC01321",13,"Greensboro","Guilford County","NC","North Carolina",18Jan2022,"spatula","spatula","methamphetamine",0,0,0,1,0,0,0,0,"white",0,"chunky",,,,,,,"",,,,,,,,,,,"","","unknown",,"",,0,29Mar2022,1,1,,2,1,0,0,0,0,0,1,1,0,1,0,0,0,0,0,0,0,0,0,0,0,0,0,0,0,0,0,0,0,0,0,"Guilford County",36.0726355,-79.7919754,"36.0726355","-79.7919754"
"NC01415",13,"Greensboro","Guilford County","NC","North Carolina",31Jan2022,"spatula","spatula","cocaine",0,0,0,1,0,1,0,0,"white",0,"powder",,,1,,,,"",,,,,,,,,,,"","","unknown",,"",,0,29Mar2022,1,1,,5,4,0,0,0,0,0,0,0,1,1,0,0,0,0,0,0,0,0,0,0,0,0,0,0,1,1,0,0,0,0,0,"Guilford County",36.0726355,-79.7919754,"36.0726355","-79.7919754"
"NC01425",14,"Charlotte","Mecklenburg County","NC","North Carolina",01Aug2022,"spatula","spatula","cocaine; crack",0,0,0,1,0,1,0,0,"white",0,"chunky",,,,,,,"weird; typical","normal",1,,,,,,,,,"","described as really weird cocaine. Speedy like meth but sold as coke","unknown",,"",,0,13Sep2022,1,1,,3,1,0,0,0,0,0,0,1,1,1,0,0,0,0,0,0,0,0,0,0,0,0,0,0,0,0,0,0,0,0,0,"Catawba County",35.7333312,-81.3442915,"35.2272086","-80.8430827"
"NC01430",12,"Manhattan","New York County","NY","New York",12Feb2022,"swab","swab","methamphetamine",0,0,0,1,0,0,0,0,"white",0,"crystals",,,,,1,,"typical","normal",,,,,,,,,,"","","unknown",,"",,0,24Feb2022,1,0,,1,1,0,0,0,0,0,1,1,0,0,0,0,0,0,0,0,0,0,0,0,0,0,0,0,0,0,0,0,0,0,0,"",,,"40.7896239","-73.9598939"
"NC01440",12,"Brooklyn","Kings County","NY","New York",23Feb2022,"spatula","spatula","Cocaine/crack",0,0,0,1,0,1,0,0,"white",0,"powder",,,1,,,,"weird; nausea",,1,,,,,,,,,"","","unknown",,"",,0,08Mar2022,1,1,,4,2,0,0,0,0,0,0,0,1,1,0,0,0,0,0,0,0,0,0,0,0,0,0,0,1,1,0,0,0,0,0,"",,,"40.6526006","-73.9497211"
"NC01443-B",12,"Brooklyn","Kings County","NY","New York",18Mar2022,"spatula","spatula","methamphetamine",0,0,0,1,0,0,0,0,"off-white",0,"crystals; shiny",,,,,1,"shiny","typical, normal","normal",,,,,,,,,,"","","unknown",,"",,0,19Apr2022,1,0,,1,1,0,0,0,0,0,1,1,0,0,0,0,0,0,0,0,0,0,0,0,0,0,0,0,0,0,0,0,0,0,0,"",,,"40.6526006","-73.9497211"
"NC01453",14,"Gastonia","Gaston County","NC","North Carolina",01Sep2022,"spatula","spatula","methamphetamine",0,0,0,1,0,0,0,0,"white",0,"chunky",,,,,,,"typical","normal",,,,,,,,,,"","","unknown",,"",,0,13Sep2022,1,0,,1,1,0,0,0,0,0,1,1,0,0,0,0,0,0,0,0,0,0,0,0,0,0,0,0,0,0,0,0,0,0,0,"Catawba County",35.7333312,-81.3442915,"35.2622654","-81.1838186"
"NC01461",14,"Hickory","Catawba County","NC","North Carolina",01May2022,"syringe","syringe","heroin; fentanyl; methamphetamine",1,1,0,1,0,0,0,0,"",0,"",,,,,,,"",,,,,,,,,,,"","","unknown",,"",,0,02Jun2022,1,1,,8,7,1,1,0,0,0,0,1,0,0,0,0,0,0,0,0,0,0,0,0,1,0,0,0,0,0,0,0,0,0,0,"Catawba County",35.7333312,-81.3442915,"35.7333312","-81.3442915"
"NC01470",10,"Durham","Durham County","NC","North Carolina",25Jul2022,"cotton","cotton","heroin; fentanyl; methamphetamine",1,1,0,1,0,0,0,0,"yellow",1,"",,,,,,,"weird",,1,,,,,,,,,"","","involved in OD","Overdose reported","",,0,04Aug2022,1,1,,9,6,1,1,0,0,0,0,1,0,0,0,0,0,0,0,0,0,0,0,0,1,0,0,0,0,1,0,0,1,0,0,"Durham County",35.996653,-78.90180530000001,"35.996653","-78.9018053"
"NC210913_03",13,"Greensboro","Guilford County","NC","North Carolina",27Aug2021,"unknown","unknown","methamphetamine",0,0,0,1,0,0,0,0,"clear",0,"grainy",,,,,,,"",,,,,,,,,,,"","","unknown",,"",,0,02Mar2022,1,0,,1,1,0,0,0,0,0,1,1,0,0,0,0,0,0,0,0,0,0,0,0,0,0,0,0,0,0,0,0,0,0,0,"Guilford County",36.0726355,-79.7919754,"36.0726355","-79.7919754"
"USU05052021_1422",13,"Greensboro","Guilford County","NC","North Carolina",05May2021,"unknown","unknown","crack",0,0,0,1,0,1,0,0,"",0,"",,,,,,,"",,,,,,,,,,,"","","unknown",,"",,0,04Mar2022,1,1,,6,5,0,0,0,0,0,0,0,1,1,0,0,1,0,0,0,0,0,0,0,0,0,0,0,1,1,0,0,0,0,0,"Guilford County",36.0726355,-79.7919754,"36.0726355","-79.7919754"
