sampleid,substance,pubchemcid,cas,unii,abundance,method,date_complete,gcms_peak,card,primary,trace,lab_null,lab_num_substances_any,lab_num_substances,confirmatory,revert,lab_fentanyl,lab_fentanyl_any,lab_xylazine,lab_xylazine_any,lab_xylazine_trace,lab_meth,lab_meth_any,lab_cocaine,lab_cocaine_any,lab_caffeine,lab_gabapentin,lab_levamisole_any,lab_mdma,lab_tramadol,lab_carfentanil,lab_carfentanil_any,lab_ketamine_any,lab_ketamine,lab_btmps_any,lab_btmps,chemdict,lab_opioid,lab_opioid_any,lab_synthetic_cannabinoid,lab_synthetic_cannabinoid_any,lab_potent_benzodiazepine,lab_potent_benzodiazepine_any,lab_benzodiazepine,lab_benzodiazepine_any,lab_nitazene,lab_nitazene_any,lab_meth_impurities_any,lab_mdma_impurities_any,lab_cocaine_impurities_any,lab_common_cuts_any,lab_heroin_impurities_any,lab_cannabinoids_any,lab_fentanyl_impurities_any,lab_pf_fent_impurities_any,lab_substituted_cathinones_any,_merge
"500175","methamphetamine",10836,"537-46-2","44RAL3456C","","GCMS",30jun2023,"3.77",1318,1,0,,1,1,0,,0,0,0,0,0,1,1,0,0,0,0,0,0,0,0,0,0,0,0,0,274,0,0,0,0,0,0,0,0,0,0,0,0,0,0,0,0,0,0,0,"Matched (3)"
"500200","cocaine",446220,"50-36-2","I5Y540LHVR","","GCMS",30jun2023,"6.33",1326,1,0,,9,4,0,,0,0,0,0,0,0,0,1,1,0,0,0,0,0,0,0,0,0,0,0,175,0,0,0,0,0,0,0,0,0,0,0,0,0,0,0,0,0,0,0,"Matched (3)"
"500200","p-fluorofentanyl",62300,"90736-23-5","I45R05QM0Z","trace","GCMS",30jun2023,".",1326,0,1,,9,4,0,,0,0,0,0,0,0,0,0,0,0,0,0,0,0,0,0,0,0,0,0,315,0,1,0,0,0,0,0,0,0,0,0,0,0,0,0,0,0,0,0,"Matched (3)"
"500200","fentanyl",3345,"437-38-7","UF599785JZ","","GCMS",30jun2023,"8.11",1326,1,0,,9,4,0,,1,1,0,0,0,0,0,0,0,0,0,0,0,0,0,0,0,0,0,0,227,1,1,0,0,0,0,0,0,0,0,0,0,0,0,0,0,0,0,0,"Matched (3)"
"500200","caffeine",2519,"58-08-2","3G6A5W338E","trace","GCMS",30jun2023,".",1326,0,1,,9,4,0,,0,0,0,0,0,0,0,0,0,0,0,0,0,0,0,0,0,0,0,0,162,0,0,0,0,0,0,0,0,0,0,0,0,0,1,0,0,0,0,0,"Matched (3)"
"500200","heroin",5462328,"561-27-3","70D95007SX","trace","GCMS",30jun2023,".",1326,0,1,,9,4,0,,0,0,0,0,0,0,0,0,0,0,0,0,0,0,0,0,0,0,0,0,242,0,1,0,0,0,0,0,0,0,0,0,0,0,0,0,0,0,0,0,"Matched (3)"
"500200","quinine",3034034,"72402-53-0","A7V27PHC7A","","GCMS",30jun2023,"8.58",1326,1,0,,9,4,0,,0,0,0,0,0,0,0,0,0,0,0,0,0,0,0,0,0,0,0,0,340,0,0,0,0,0,0,0,0,0,0,0,0,0,1,0,0,0,0,0,"Matched (3)"
"500200","xylazine",5707,"7361-61-7","2KFG9TP5V8","trace","GCMS",30jun2023,".",1326,0,1,,9,4,0,,0,0,0,1,1,0,0,0,0,0,0,0,0,0,0,0,0,0,0,0,377,0,1,0,0,0,0,0,0,0,0,0,0,0,0,0,0,0,0,0,"Matched (3)"
"500200","phenethyl 4-ANPP",165365057,"","","trace","GCMS",30jun2023,".",1326,0,1,,9,4,0,,0,0,0,0,0,0,0,0,0,0,0,0,0,0,0,0,0,0,0,0,322,0,1,0,0,0,0,0,0,0,0,0,0,0,0,0,0,1,0,0,"Matched (3)"
"500200","4-ANPP",88890,"21409-26-7","Q88EHD0U8G","","GCMS",30jun2023,"7.1",1326,1,0,,9,4,0,,0,0,0,0,0,0,0,0,0,0,0,0,0,0,0,0,0,0,0,0,49,1,1,0,0,0,0,0,0,0,0,0,0,0,0,0,0,1,0,0,"Matched (3)"
"500706","caffeine",2519,"58-08-2","3G6A5W338E","trace","GCMS",30jun2023,".",1470,0,1,,8,4,0,,0,0,0,0,0,0,0,0,0,0,0,0,0,0,0,0,0,0,0,0,162,0,0,0,0,0,0,0,0,0,0,0,0,0,1,0,0,0,0,0,"Matched (3)"
"500706","xylazine",5707,"7361-61-7","2KFG9TP5V8","trace","GCMS",30jun2023,".",1470,0,1,,8,4,0,,0,0,0,1,1,0,0,0,0,0,0,0,0,0,0,0,0,0,0,0,377,0,1,0,0,0,0,0,0,0,0,0,0,0,0,0,0,0,0,0,"Matched (3)"
"500706","heroin",5462328,"561-27-3","70D95007SX","trace","GCMS",30jun2023,".",1470,0,1,,8,4,0,,0,0,0,0,0,0,0,0,0,0,0,0,0,0,0,0,0,0,0,0,242,0,1,0,0,0,0,0,0,0,0,0,0,0,0,0,0,0,0,0,"Matched (3)"
"500706","fentanyl",3345,"437-38-7","UF599785JZ","","GCMS",30jun2023,"8.12",1470,1,0,,8,4,0,,1,1,0,0,0,0,0,0,0,0,0,0,0,0,0,0,0,0,0,0,227,1,1,0,0,0,0,0,0,0,0,0,0,0,0,0,0,0,0,0,"Matched (3)"
"500706","4-ANPP",88890,"21409-26-7","Q88EHD0U8G","","GCMS",30jun2023,"7.11",1470,1,0,,8,4,0,,0,0,0,0,0,0,0,0,0,0,0,0,0,0,0,0,0,0,0,0,49,1,1,0,0,0,0,0,0,0,0,0,0,0,0,0,0,1,0,0,"Matched (3)"
"500706","p-fluorofentanyl",62300,"90736-23-5","I45R05QM0Z","trace","GCMS",30jun2023,".",1470,0,1,,8,4,0,,0,0,0,0,0,0,0,0,0,0,0,0,0,0,0,0,0,0,0,0,315,0,1,0,0,0,0,0,0,0,0,0,0,0,0,0,0,0,0,0,"Matched (3)"
"500706","quinine",3034034,"72402-53-0","A7V27PHC7A","","GCMS",30jun2023,"8.62",1470,1,0,,8,4,0,,0,0,0,0,0,0,0,0,0,0,0,0,0,0,0,0,0,0,0,0,340,0,0,0,0,0,0,0,0,0,0,0,0,0,1,0,0,0,0,0,"Matched (3)"
"500706","phenethyl 4-ANPP",165365057,"","","","GCMS",30jun2023,"10.85",1470,1,0,,8,4,0,,0,0,0,0,0,0,0,0,0,0,0,0,0,0,0,0,0,0,0,0,322,1,1,0,0,0,0,0,0,0,0,0,0,0,0,0,0,1,0,0,"Matched (3)"
"500782","fentanyl",3345,"437-38-7","UF599785JZ","","GCMS",30jun2023,"8.11",1485,1,0,,3,2,0,,1,1,0,0,0,0,0,0,0,0,0,0,0,0,0,0,0,0,0,0,227,1,1,0,0,0,0,0,0,0,0,0,0,0,0,0,0,0,0,0,"Matched (3)"
"500782","4-ANPP",88890,"21409-26-7","Q88EHD0U8G","trace","GCMS",30jun2023,".",1485,0,1,,3,2,0,,0,0,0,0,0,0,0,0,0,0,0,0,0,0,0,0,0,0,0,0,49,0,1,0,0,0,0,0,0,0,0,0,0,0,0,0,0,1,0,0,"Matched (3)"
"500782","quinine",3034034,"72402-53-0","A7V27PHC7A","","GCMS",30jun2023,"8.58",1485,1,0,,3,2,0,,0,0,0,0,0,0,0,0,0,0,0,0,0,0,0,0,0,0,0,0,340,0,0,0,0,0,0,0,0,0,0,0,0,0,1,0,0,0,0,0,"Matched (3)"
"500911","methamphetamine",10836,"537-46-2","44RAL3456C","","GCMS",23jun2023,"2.39",1523,1,0,,1,1,0,,0,0,0,0,0,1,1,0,0,0,0,0,0,0,0,0,0,0,0,0,274,0,0,0,0,0,0,0,0,0,0,0,0,0,0,0,0,0,0,0,"Matched (3)"
"601522","1-phenethyl-4-hydroxypiperidine",,"","","","GCMS",22aug2024,"6.78",2248,1,0,,12,7,0,,0,0,0,0,0,0,0,0,0,0,0,0,0,0,0,0,0,0,0,0,11,1,1,0,0,0,0,0,0,0,0,0,0,0,0,0,0,0,0,0,"Matched (3)"
"601522","fentanyl",3345,"437-38-7","UF599785JZ","","GCMS",22aug2024,"10.69",2248,1,0,,12,7,0,,1,1,0,0,0,0,0,0,0,0,0,0,0,0,0,0,0,0,0,0,227,1,1,0,0,0,0,0,0,0,0,0,0,0,0,0,0,0,0,0,"Matched (3)"
"601522","methamphetamine",10836,"537-46-2","44RAL3456C","trace","GCMS",22aug2024,".",2248,0,1,,12,7,0,,0,0,0,0,0,0,1,0,0,0,0,0,0,0,0,0,0,0,0,0,274,0,0,0,0,0,0,0,0,0,0,0,0,0,0,0,0,0,0,0,"Matched (3)"
"601522","1-phenethyl-4-propionyloxypiperidine",91725431,"1462260-87-2","3D9E9KK5K5","trace","GCMS",22aug2024,".",2248,0,1,,12,7,0,,0,0,0,0,0,0,0,0,0,0,0,0,0,0,0,0,0,0,0,0,12,0,0,0,0,0,0,0,0,0,0,0,0,0,0,0,0,0,0,0,"Matched (3)"
"601522","xylazine",5707,"7361-61-7","2KFG9TP5V8","","GCMS",22aug2024,"7.69",2248,1,0,,12,7,0,,0,0,1,1,0,0,0,0,0,0,0,0,0,0,0,0,0,0,0,0,377,1,1,0,0,0,0,0,0,0,0,0,0,0,0,0,0,0,0,0,"Matched (3)"
"601522","heroin",5462328,"561-27-3","70D95007SX","","GCMS",22aug2024,"10.2",2248,1,0,,12,7,0,,0,0,0,0,0,0,0,0,0,0,0,0,0,0,0,0,0,0,0,0,242,1,1,0,0,0,0,0,0,0,0,0,0,0,0,0,0,0,0,0,"Matched (3)"
"601522","acetylcodeine",5486550,"6703-27-1","U59401ETXH","","GCMS",22aug2024,"9.61",2248,1,0,,12,7,0,,0,0,0,0,0,0,0,0,0,0,0,0,0,0,0,0,0,0,0,0,138,1,1,0,0,0,0,0,0,0,0,0,0,0,0,1,0,0,0,0,"Matched (3)"
"601522","N-phenylpropanamide",12107,"620-71-3","UYP5ZQI00T","trace","GCMS",22aug2024,".",2248,0,1,,12,7,0,,0,0,0,0,0,0,0,0,0,0,0,0,0,0,0,0,0,0,0,0,119,0,0,0,0,0,0,0,0,0,0,0,0,0,0,0,0,1,0,0,"Matched (3)"
"601522","6-monoacetylmorphine (6-MAM)",5462507,"2784-73-8","M5E47P1ZCH","","GCMS",22aug2024,"9.73",2248,1,0,,12,7,0,,0,0,0,0,0,0,0,0,0,0,0,0,0,0,0,0,0,0,0,0,,0,0,0,0,0,0,0,0,0,0,0,0,0,0,0,0,0,0,0,"Matched (3)"
"601522","4-ANPP",88890,"21409-26-7","Q88EHD0U8G","","GCMS",22aug2024,"9.39",2248,1,0,,12,7,0,,0,0,0,0,0,0,0,0,0,0,0,0,0,0,0,0,0,0,0,0,49,1,1,0,0,0,0,0,0,0,0,0,0,0,0,0,0,1,0,0,"Matched (3)"
"601522","phenethyl 4-ANPP",165365057,"","","trace","GCMS",22aug2024,".",2248,0,1,,12,7,0,,0,0,0,0,0,0,0,0,0,0,0,0,0,0,0,0,0,0,0,0,322,0,1,0,0,0,0,0,0,0,0,0,0,0,0,0,0,1,0,0,"Matched (3)"
"601522","papaverine",4680,"58-74-2","DAA13NKG2Q","trace","GCMS",22aug2024,".",2248,0,1,,12,7,0,,0,0,0,0,0,0,0,0,0,0,0,0,0,0,0,0,0,0,0,0,316,0,1,0,0,0,0,0,0,0,0,0,0,0,0,1,0,0,0,0,"Matched (3)"
"601633","fentanyl",3345,"437-38-7","UF599785JZ","","GCMS",22aug2024,"10.64",2314,1,0,,6,3,0,,1,1,0,0,0,0,0,0,0,0,0,0,0,0,0,0,0,0,0,0,227,1,1,0,0,0,0,0,0,0,0,0,0,0,0,0,0,0,0,0,"Matched (3)"
"601633","acetyl fentanyl",527015,"3258-84-2","6DZ28538KS","trace","GCMS",22aug2024,".",2314,0,1,,6,3,0,,0,0,0,0,0,0,0,0,0,0,0,0,0,0,0,0,0,0,0,0,136,0,1,0,0,0,0,0,0,0,0,0,0,0,0,0,0,1,0,0,"Matched (3)"
"601633","4-ANPP",88890,"21409-26-7","Q88EHD0U8G","","GCMS",22aug2024,"9.38",2314,1,0,,6,3,0,,0,0,0,0,0,0,0,0,0,0,0,0,0,0,0,0,0,0,0,0,49,1,1,0,0,0,0,0,0,0,0,0,0,0,0,0,0,1,0,0,"Matched (3)"
"601633","phenethyl 4-ANPP",165365057,"","","trace","GCMS",22aug2024,".",2314,0,1,,6,3,0,,0,0,0,0,0,0,0,0,0,0,0,0,0,0,0,0,0,0,0,0,322,0,1,0,0,0,0,0,0,0,0,0,0,0,0,0,0,1,0,0,"Matched (3)"
"601633","methamphetamine",10836,"537-46-2","44RAL3456C","trace","GCMS",22aug2024,".",2314,0,1,,6,3,0,,0,0,0,0,0,0,1,0,0,0,0,0,0,0,0,0,0,0,0,0,274,0,0,0,0,0,0,0,0,0,0,0,0,0,0,0,0,0,0,0,"Matched (3)"
"601633","cocaine",446220,"50-36-2","I5Y540LHVR","","GCMS",22aug2024,"8.42",2314,1,0,,6,3,0,,0,0,0,0,0,0,0,1,1,0,0,0,0,0,0,0,0,0,0,0,175,0,0,0,0,0,0,0,0,0,0,0,0,0,0,0,0,0,0,0,"Matched (3)"
"601646","methamphetamine",10836,"537-46-2","44RAL3456C","","GCMS",21aug2024,"4.37",2324,1,0,,1,1,0,,0,0,0,0,0,1,1,0,0,0,0,0,0,0,0,0,0,0,0,0,274,0,0,0,0,0,0,0,0,0,0,0,0,0,0,0,0,0,0,0,"Matched (3)"
"601716","cocaine",446220,"50-36-2","I5Y540LHVR","","GCMS",21aug2024,"8.43",2369,1,0,,3,1,0,,0,0,0,0,0,0,0,1,1,0,0,0,0,0,0,0,0,0,0,0,175,0,0,0,0,0,0,0,0,0,0,0,0,0,0,0,0,0,0,0,"Matched (3)"
"601716","benzoylecgonine (BZ)",448223,"519-09-5","5353I8I6YS","trace","GCMS",21aug2024,".",2369,0,1,,3,1,0,,0,0,0,0,0,0,0,0,0,0,0,0,0,0,0,0,0,0,0,0,,0,0,0,0,0,0,0,0,0,0,0,0,0,0,0,0,0,0,0,"Matched (3)"
"601716","methyl ecgonidine (MED)",119478,"43021-26-7","58C337KP3E","trace","GCMS",21aug2024,".",2369,0,1,,3,1,0,,0,0,0,0,0,0,0,0,0,0,0,0,0,0,0,0,0,0,0,0,,0,0,0,0,0,0,0,0,0,0,0,0,0,0,0,0,0,0,0,"Matched (3)"
"601719","caffeine",2519,"58-08-2","3G6A5W338E","","GCMS",03jun2024,"7.17",2371,1,0,,4,4,0,,0,0,0,0,0,0,0,0,0,1,0,0,0,0,0,0,0,0,0,0,162,0,0,0,0,0,0,0,0,0,0,0,0,0,1,0,0,0,0,0,"Matched (3)"
"601719","4-ANPP",88890,"21409-26-7","Q88EHD0U8G","","GCMS",03jun2024,"9.42",2371,1,0,,4,4,0,,0,0,0,0,0,0,0,0,0,0,0,0,0,0,0,0,0,0,0,0,49,1,1,0,0,0,0,0,0,0,0,0,0,0,0,0,0,1,0,0,"Matched (3)"
"601719","fentanyl",3345,"437-38-7","UF599785JZ","","GCMS",03jun2024,"10.69",2371,1,0,,4,4,0,,1,1,0,0,0,0,0,0,0,0,0,0,0,0,0,0,0,0,0,0,227,1,1,0,0,0,0,0,0,0,0,0,0,0,0,0,0,0,0,0,"Matched (3)"
"601719","xylazine",5707,"7361-61-7","2KFG9TP5V8","","GCMS",03jun2024,"7.72",2371,1,0,,4,4,0,,0,0,1,1,0,0,0,0,0,0,0,0,0,0,0,0,0,0,0,0,377,1,1,0,0,0,0,0,0,0,0,0,0,0,0,0,0,0,0,0,"Matched (3)"
"602520","1,3-Diacetin",66924,"105-70-4","G45CU3Z186","","GCMS",23dec2024,"4.83",2835,1,0,,3,2,0,,0,0,0,0,0,0,0,0,0,0,0,0,0,0,0,0,0,0,0,0,2,0,0,0,0,0,0,0,0,0,0,0,0,0,0,0,0,0,0,0,"Matched (3)"
"602520","dimethyl sulfone (methylsulfonylmethane MSM)",6213,"67-71-0","9H4PO4Z4FT","trace","GCMS",23dec2024,".",2835,0,1,,3,2,0,,0,0,0,0,0,0,0,0,0,0,0,0,0,0,0,0,0,0,0,0,,0,0,0,0,0,0,0,0,0,0,0,0,0,0,0,0,0,0,0,"Matched (3)"
"602520","methamphetamine",10836,"537-46-2","44RAL3456C","","GCMS",23dec2024,"4.4",2835,1,0,,3,2,0,,0,0,0,0,0,1,1,0,0,0,0,0,0,0,0,0,0,0,0,0,274,0,0,0,0,0,0,0,0,0,0,0,0,0,0,0,0,0,0,0,"Matched (3)"
"602521","p-fluorofentanyl",62300,"90736-23-5","I45R05QM0Z","trace","GCMS",07jan2025,".",2836,0,1,,13,7,0,,0,0,0,0,0,0,0,0,0,0,0,0,0,0,0,0,0,0,0,0,315,0,1,0,0,0,0,0,0,0,0,0,0,0,0,0,0,0,0,0,"Matched (3)"
"602521","procaine",4914,"59-46-1","4Z8Y51M438","","GCMS",07jan2025,"7.8",2836,1,0,,13,7,0,,0,0,0,0,0,0,0,0,0,0,0,0,0,0,0,0,0,0,0,0,331,0,0,0,0,0,0,0,0,0,0,0,0,0,1,0,0,0,0,0,"Matched (3)"
"602521","medetomidine",68602,"86347-14-0","MR15E85MQM","trace","GCMS",07jan2025,".",2836,0,1,,13,7,0,,0,0,0,0,0,0,0,0,0,0,0,0,0,0,0,0,0,0,0,0,267,0,0,0,0,0,0,0,0,0,0,0,0,0,0,0,0,0,0,0,"Matched (3)"
"602521","dimethyl sulfone (methylsulfonylmethane MSM)",6213,"67-71-0","9H4PO4Z4FT","","GCMS",07jan2025,"2.45",2836,1,0,,13,7,0,,0,0,0,0,0,0,0,0,0,0,0,0,0,0,0,0,0,0,0,0,,0,0,0,0,0,0,0,0,0,0,0,0,0,0,0,0,0,0,0,"Matched (3)"
"602521","despropionyl p-fluorofentanyl",21812144,"122861-41-0","R8ZH1EQ95Y","","GCMS",07jan2025,"9.33",2836,1,0,,13,7,0,,0,0,0,0,0,0,0,0,0,0,0,0,0,0,0,0,0,0,0,0,198,1,1,0,0,0,0,0,0,0,0,0,0,0,0,0,0,0,1,0,"Matched (3)"
"602521","xylazine",5707,"7361-61-7","2KFG9TP5V8","","GCMS",07jan2025,"7.66",2836,1,0,,13,7,0,,0,0,1,1,0,0,0,0,0,0,0,0,0,0,0,0,0,0,0,0,377,1,1,0,0,0,0,0,0,0,0,0,0,0,0,0,0,0,0,0,"Matched (3)"
"602521","4-ANPP",88890,"21409-26-7","Q88EHD0U8G","","GCMS",07jan2025,"9.33",2836,1,0,,13,7,0,,0,0,0,0,0,0,0,0,0,0,0,0,0,0,0,0,0,0,0,0,49,1,1,0,0,0,0,0,0,0,0,0,0,0,0,0,0,1,0,0,"Matched (3)"
"602521","procaine",4914,"59-46-1","4Z8Y51M438","trace","GCMS",07jan2025,".",2836,0,1,,13,7,0,,0,0,0,0,0,0,0,0,0,0,0,0,0,0,0,0,0,0,0,0,331,0,0,0,0,0,0,0,0,0,0,0,0,0,1,0,0,0,0,0,"Matched (3)"
"602521","heroin",5462328,"561-27-3","70D95007SX","","GCMS",07jan2025,"10.09",2836,1,0,,13,7,0,,0,0,0,0,0,0,0,0,0,0,0,0,0,0,0,0,0,0,0,0,242,1,1,0,0,0,0,0,0,0,0,0,0,0,0,0,0,0,0,0,"Matched (3)"
"602521","fentanyl",3345,"437-38-7","UF599785JZ","","GCMS",07jan2025,"10.56",2836,1,0,,13,7,0,,1,1,0,0,0,0,0,0,0,0,0,0,0,0,0,0,0,0,0,0,227,1,1,0,0,0,0,0,0,0,0,0,0,0,0,0,0,0,0,0,"Matched (3)"
"602521","bromazolam",12562546,"71368-80-4","YMC9OT97Z1","trace","GCMS",07jan2025,".",2836,0,1,,13,7,0,,0,0,0,0,0,0,0,0,0,0,0,0,0,0,0,0,0,0,0,0,157,0,0,0,0,0,1,0,1,0,0,0,0,0,0,0,0,0,0,0,"Matched (3)"
"602521","bis(2,2,6,6-tetramethyl-4-piperidyl) sebacate",,"","","trace","GCMS",07jan2025,".",2836,0,1,,13,7,0,,0,0,0,0,0,0,0,0,0,0,0,0,0,0,0,0,0,0,1,0,156,0,0,0,0,0,0,0,0,0,0,0,0,0,0,0,0,0,0,0,"Matched (3)"
"602521","methamphetamine",10836,"537-46-2","44RAL3456C","trace","GCMS",07jan2025,".",2836,0,1,,13,7,0,,0,0,0,0,0,0,1,0,0,0,0,0,0,0,0,0,0,0,0,0,274,0,0,0,0,0,0,0,0,0,0,0,0,0,0,0,0,0,0,0,"Matched (3)"
"602522","methamphetamine",10836,"537-46-2","44RAL3456C","","GCMS",07jan2025,".",2837,1,0,,1,1,0,,0,0,0,0,0,1,1,0,0,0,0,0,0,0,0,0,0,0,0,0,274,0,0,0,0,0,0,0,0,0,0,0,0,0,0,0,0,0,0,0,"Matched (3)"
"602523","acetaminophen",1983,"103-90-2","362O9ITL9D","trace","GCMS",08jan2025,".",2838,0,1,,16,4,0,,0,0,0,0,0,0,0,0,0,0,0,0,0,0,0,0,0,0,0,0,132,0,0,0,0,0,0,0,0,0,0,0,0,0,0,0,0,0,0,0,"Matched (3)"
"602523","lidocaine",3676,"137-58-6","98PI200987","trace","GCMS",08jan2025,".",2838,0,1,,16,4,0,,0,0,0,0,0,0,0,0,0,0,0,0,0,0,0,0,0,0,0,0,258,0,0,0,0,0,0,0,0,0,0,0,0,0,1,0,0,0,0,0,"Matched (3)"
"602523","xylazine",5707,"7361-61-7","2KFG9TP5V8","","GCMS",08jan2025,"7.66",2838,1,0,,16,4,0,,0,0,1,1,0,0,0,0,0,0,0,0,0,0,0,0,0,0,0,0,377,1,1,0,0,0,0,0,0,0,0,0,0,0,0,0,0,0,0,0,"Matched (3)"
"602523","4-ANPP",88890,"21409-26-7","Q88EHD0U8G","trace","GCMS",08jan2025,".",2838,0,1,,16,4,0,,0,0,0,0,0,0,0,0,0,0,0,0,0,0,0,0,0,0,0,0,49,0,1,0,0,0,0,0,0,0,0,0,0,0,0,0,0,1,0,0,"Matched (3)"
"602523","medetomidine",68602,"86347-14-0","MR15E85MQM","trace","GCMS",08jan2025,".",2838,0,1,,16,4,0,,0,0,0,0,0,0,0,0,0,0,0,0,0,0,0,0,0,0,0,0,267,0,0,0,0,0,0,0,0,0,0,0,0,0,0,0,0,0,0,0,"Matched (3)"
"602523","bis(2,2,6,6-tetramethyl-4-piperidyl) sebacate",,"","","trace","GCMS",08jan2025,".",2838,0,1,,16,4,0,,0,0,0,0,0,0,0,0,0,0,0,0,0,0,0,0,0,0,1,0,156,0,0,0,0,0,0,0,0,0,0,0,0,0,0,0,0,0,0,0,"Matched (3)"
"602523","methamphetamine",10836,"537-46-2","44RAL3456C","trace","GCMS",08jan2025,".",2838,0,1,,16,4,0,,0,0,0,0,0,0,1,0,0,0,0,0,0,0,0,0,0,0,0,0,274,0,0,0,0,0,0,0,0,0,0,0,0,0,0,0,0,0,0,0,"Matched (3)"
"602523","despropionyl p-fluorofentanyl",21812144,"122861-41-0","R8ZH1EQ95Y","trace","GCMS",08jan2025,".",2838,0,1,,16,4,0,,0,0,0,0,0,0,0,0,0,0,0,0,0,0,0,0,0,0,0,0,198,0,1,0,0,0,0,0,0,0,0,0,0,0,0,0,0,0,1,0,"Matched (3)"
"602523","bromazolam",12562546,"71368-80-4","YMC9OT97Z1","","GCMS",08jan2025,"13.33",2838,1,0,,16,4,0,,0,0,0,0,0,0,0,0,0,0,0,0,0,0,0,0,0,0,0,0,157,0,0,0,0,1,1,1,1,0,0,0,0,0,0,0,0,0,0,0,"Matched (3)"
"602523","acetylcodeine",5486550,"6703-27-1","U59401ETXH","trace","GCMS",08jan2025,".",2838,0,1,,16,4,0,,0,0,0,0,0,0,0,0,0,0,0,0,0,0,0,0,0,0,0,0,138,0,1,0,0,0,0,0,0,0,0,0,0,0,0,1,0,0,0,0,"Matched (3)"
"602523","6-monoacetylmorphine (6-MAM)",5462507,"2784-73-8","M5E47P1ZCH","trace","GCMS",08jan2025,".",2838,0,1,,16,4,0,,0,0,0,0,0,0,0,0,0,0,0,0,0,0,0,0,0,0,0,0,,0,0,0,0,0,0,0,0,0,0,0,0,0,0,0,0,0,0,0,"Matched (3)"
"602523","cocaine",446220,"50-36-2","I5Y540LHVR","trace","GCMS",08jan2025,".",2838,0,1,,16,4,0,,0,0,0,0,0,0,0,0,1,0,0,0,0,0,0,0,0,0,0,0,175,0,0,0,0,0,0,0,0,0,0,0,0,0,0,0,0,0,0,0,"Matched (3)"
"602523","fentanyl",3345,"437-38-7","UF599785JZ","","GCMS",08jan2025,"10.55",2838,1,0,,16,4,0,,1,1,0,0,0,0,0,0,0,0,0,0,0,0,0,0,0,0,0,0,227,1,1,0,0,0,0,0,0,0,0,0,0,0,0,0,0,0,0,0,"Matched (3)"
"602523","tramadol",33741,"123154-38-1","39J1LGJ30J","trace","GCMS",08jan2025,".",2838,0,1,,16,4,0,,0,0,0,0,0,0,0,0,0,0,0,0,0,1,0,0,0,0,0,0,364,0,1,0,0,0,0,0,0,0,0,0,0,0,0,0,0,0,0,0,"Matched (3)"
"602523","p-fluorofentanyl",62300,"90736-23-5","I45R05QM0Z","trace","GCMS",08jan2025,".",2838,0,1,,16,4,0,,0,0,0,0,0,0,0,0,0,0,0,0,0,0,0,0,0,0,0,0,315,0,1,0,0,0,0,0,0,0,0,0,0,0,0,0,0,0,0,0,"Matched (3)"
"602523","heroin",5462328,"561-27-3","70D95007SX","","GCMS",08jan2025,"10.09",2838,1,0,,16,4,0,,0,0,0,0,0,0,0,0,0,0,0,0,0,0,0,0,0,0,0,0,242,1,1,0,0,0,0,0,0,0,0,0,0,0,0,0,0,0,0,0,"Matched (3)"
"602524","methamphetamine",10836,"537-46-2","44RAL3456C","","GCMS",23dec2024,"4.38",2839,1,0,,1,1,0,,0,0,0,0,0,1,1,0,0,0,0,0,0,0,0,0,0,0,0,0,274,0,0,0,0,0,0,0,0,0,0,0,0,0,0,0,0,0,0,0,"Matched (3)"
"602525","lidocaine",3676,"137-58-6","98PI200987","","GCMS",06nov2024,"7.26",2840,1,0,,8,6,0,,0,0,0,0,0,0,0,0,0,0,0,0,0,0,0,0,0,0,0,0,258,0,0,0,0,0,0,0,0,0,0,0,0,0,1,0,0,0,0,0,"Matched (3)"
"602525","4-ANPP",88890,"21409-26-7","Q88EHD0U8G","","GCMS",06nov2024,"9.37",2840,1,0,,8,6,0,,0,0,0,0,0,0,0,0,0,0,0,0,0,0,0,0,0,0,0,0,49,1,1,0,0,0,0,0,0,0,0,0,0,0,0,0,0,1,0,0,"Matched (3)"
"602525","xylazine",5707,"7361-61-7","2KFG9TP5V8","trace","GCMS",06nov2024,".",2840,0,1,,8,6,0,,0,0,0,1,1,0,0,0,0,0,0,0,0,0,0,0,0,0,0,0,377,0,1,0,0,0,0,0,0,0,0,0,0,0,0,0,0,0,0,0,"Matched (3)"
"602525","acetaminophen",1983,"103-90-2","362O9ITL9D","trace","GCMS",06nov2024,".",2840,0,1,,8,6,0,,0,0,0,0,0,0,0,0,0,0,0,0,0,0,0,0,0,0,0,0,132,0,0,0,0,0,0,0,0,0,0,0,0,0,0,0,0,0,0,0,"Matched (3)"
"602525","medetomidine",68602,"86347-14-0","MR15E85MQM","","GCMS",06nov2024,"7.5",2840,1,0,,8,6,0,,0,0,0,0,0,0,0,0,0,0,0,0,0,0,0,0,0,0,0,0,267,0,0,0,0,0,0,0,0,0,0,0,0,0,0,0,0,0,0,0,"Matched (3)"
"602525","bis(2,2,6,6-tetramethyl-4-piperidyl) sebacate",,"","","","GCMS",06nov2024,"12.8",2840,1,0,,8,6,0,,0,0,0,0,0,0,0,0,0,0,0,0,0,0,0,0,0,0,1,1,156,0,0,0,0,0,0,0,0,0,0,0,0,0,0,0,0,0,0,0,"Matched (3)"
"602525","fentanyl",3345,"437-38-7","UF599785JZ","","GCMS",06nov2024,"10.61",2840,1,0,,8,6,0,,1,1,0,0,0,0,0,0,0,0,0,0,0,0,0,0,0,0,0,0,227,1,1,0,0,0,0,0,0,0,0,0,0,0,0,0,0,0,0,0,"Matched (3)"
"602525","dimethyl sulfone (methylsulfonylmethane MSM)",6213,"67-71-0","9H4PO4Z4FT","","GCMS",06nov2024,"2.46",2840,1,0,,8,6,0,,0,0,0,0,0,0,0,0,0,0,0,0,0,0,0,0,0,0,0,0,,0,0,0,0,0,0,0,0,0,0,0,0,0,0,0,0,0,0,0,"Matched (3)"
"602526","alprazolam",2118,"28981-97-7","YU55MQ3IZY","trace","GCMS",15nov2024,".",2841,0,1,,1,0,0,,0,0,0,0,0,0,0,0,0,0,0,0,0,0,0,0,0,0,0,0,142,0,0,0,0,0,0,0,1,0,0,0,0,0,0,0,0,0,0,0,"Matched (3)"
"602527","fentanyl",3345,"437-38-7","UF599785JZ","","GCMS",09jan2025,"10.55",2842,1,0,,7,3,0,,1,1,0,0,0,0,0,0,0,0,0,0,0,0,0,0,0,0,0,0,227,1,1,0,0,0,0,0,0,0,0,0,0,0,0,0,0,0,0,0,"Matched (3)"
"602527","methamphetamine",10836,"537-46-2","44RAL3456C","trace","GCMS",09jan2025,".",2842,0,1,,7,3,0,,0,0,0,0,0,0,1,0,0,0,0,0,0,0,0,0,0,0,0,0,274,0,0,0,0,0,0,0,0,0,0,0,0,0,0,0,0,0,0,0,"Matched (3)"
"602527","acetylcodeine",5486550,"6703-27-1","U59401ETXH","trace","GCMS",09jan2025,".",2842,0,1,,7,3,0,,0,0,0,0,0,0,0,0,0,0,0,0,0,0,0,0,0,0,0,0,138,0,1,0,0,0,0,0,0,0,0,0,0,0,0,1,0,0,0,0,"Matched (3)"
"602527","4-ANPP",88890,"21409-26-7","Q88EHD0U8G","","GCMS",09jan2025,"9.33",2842,1,0,,7,3,0,,0,0,0,0,0,0,0,0,0,0,0,0,0,0,0,0,0,0,0,0,49,1,1,0,0,0,0,0,0,0,0,0,0,0,0,0,0,1,0,0,"Matched (3)"
"602527","heroin",5462328,"561-27-3","70D95007SX","","GCMS",09jan2025,"10.09",2842,1,0,,7,3,0,,0,0,0,0,0,0,0,0,0,0,0,0,0,0,0,0,0,0,0,0,242,1,1,0,0,0,0,0,0,0,0,0,0,0,0,0,0,0,0,0,"Matched (3)"
"602527","levamisole",26879,"14769-73-4","2880D3468G","trace","GCMS",09jan2025,".",2842,0,1,,7,3,0,,0,0,0,0,0,0,0,0,0,0,0,1,0,0,0,0,0,0,0,0,256,0,0,0,0,0,0,0,0,0,0,0,0,0,1,0,0,0,0,0,"Matched (3)"
"602527","6-monoacetylmorphine (6-MAM)",5462507,"2784-73-8","M5E47P1ZCH","trace","GCMS",09jan2025,".",2842,0,1,,7,3,0,,0,0,0,0,0,0,0,0,0,0,0,0,0,0,0,0,0,0,0,0,,0,0,0,0,0,0,0,0,0,0,0,0,0,0,0,0,0,0,0,"Matched (3)"
"602528","4-ANPP",88890,"21409-26-7","Q88EHD0U8G","","GCMS",09jan2025,"9.33",2843,1,0,,2,2,0,,0,0,0,0,0,0,0,0,0,0,0,0,0,0,0,0,0,0,0,0,49,1,1,0,0,0,0,0,0,0,0,0,0,0,0,0,0,1,0,0,"Matched (3)"
"602528","fentanyl",3345,"437-38-7","UF599785JZ","","GCMS",09jan2025,"10.55",2843,1,0,,2,2,0,,1,1,0,0,0,0,0,0,0,0,0,0,0,0,0,0,0,0,0,0,227,1,1,0,0,0,0,0,0,0,0,0,0,0,0,0,0,0,0,0,"Matched (3)"
"602529","acetylcodeine",5486550,"6703-27-1","U59401ETXH","trace","GCMS",09jan2025,".",2844,0,1,,6,3,0,,0,0,0,0,0,0,0,0,0,0,0,0,0,0,0,0,0,0,0,0,138,0,1,0,0,0,0,0,0,0,0,0,0,0,0,1,0,0,0,0,"Matched (3)"
"602529","fentanyl",3345,"437-38-7","UF599785JZ","","GCMS",09jan2025,"10.55",2844,1,0,,6,3,0,,1,1,0,0,0,0,0,0,0,0,0,0,0,0,0,0,0,0,0,0,227,1,1,0,0,0,0,0,0,0,0,0,0,0,0,0,0,0,0,0,"Matched (3)"
"602529","6-monoacetylmorphine (6-MAM)",5462507,"2784-73-8","M5E47P1ZCH","trace","GCMS",09jan2025,".",2844,0,1,,6,3,0,,0,0,0,0,0,0,0,0,0,0,0,0,0,0,0,0,0,0,0,0,,0,0,0,0,0,0,0,0,0,0,0,0,0,0,0,0,0,0,0,"Matched (3)"
"602529","heroin",5462328,"561-27-3","70D95007SX","","GCMS",09jan2025,"10.09",2844,1,0,,6,3,0,,0,0,0,0,0,0,0,0,0,0,0,0,0,0,0,0,0,0,0,0,242,1,1,0,0,0,0,0,0,0,0,0,0,0,0,0,0,0,0,0,"Matched (3)"
"602529","4-ANPP",88890,"21409-26-7","Q88EHD0U8G","","GCMS",09jan2025,"9.33",2844,1,0,,6,3,0,,0,0,0,0,0,0,0,0,0,0,0,0,0,0,0,0,0,0,0,0,49,1,1,0,0,0,0,0,0,0,0,0,0,0,0,0,0,1,0,0,"Matched (3)"
"602529","levamisole",26879,"14769-73-4","2880D3468G","trace","GCMS",09jan2025,".",2844,0,1,,6,3,0,,0,0,0,0,0,0,0,0,0,0,0,1,0,0,0,0,0,0,0,0,256,0,0,0,0,0,0,0,0,0,0,0,0,0,1,0,0,0,0,0,"Matched (3)"
"602670","papaverine",4680,"58-74-2","DAA13NKG2Q","","GCMS",24mar2025,"11.02",2943,1,0,,4,4,0,,0,0,0,0,0,0,0,0,0,0,0,0,0,0,0,0,0,0,0,0,316,1,1,0,0,0,0,0,0,0,0,0,0,0,0,1,0,0,0,0,"Matched (3)"
"602670","meconin",68437,"569-31-3","MK5R222CG0","","GCMS",24mar2025,"6.76",2943,1,0,,4,4,0,,0,0,0,0,0,0,0,0,0,0,0,0,0,0,0,0,0,0,0,0,266,1,1,0,0,0,0,0,0,0,0,0,0,0,0,1,0,0,0,0,"Matched (3)"
"602670","bis(2,2,6,6-tetramethyl-4-piperidyl) sebacate",,"","","","GCMS",24mar2025,"12.57",2943,1,0,,4,4,0,,0,0,0,0,0,0,0,0,0,0,0,0,0,0,0,0,0,0,1,1,156,0,0,0,0,0,0,0,0,0,0,0,0,0,0,0,0,0,0,0,"Matched (3)"
"602670","fentanyl",3345,"437-38-7","UF599785JZ","","GCMS",24mar2025,"10.46",2943,1,0,,4,4,0,,1,1,0,0,0,0,0,0,0,0,0,0,0,0,0,0,0,0,0,0,227,1,1,0,0,0,0,0,0,0,0,0,0,0,0,0,0,0,0,0,"Matched (3)"
"602671","methamphetamine",10836,"537-46-2","44RAL3456C","","GCMS",30jan2025,"4.13",2944,1,0,,1,1,0,,0,0,0,0,0,1,1,0,0,0,0,0,0,0,0,0,0,0,0,0,274,0,0,0,0,0,0,0,0,0,0,0,0,0,0,0,0,0,0,0,"Matched (3)"
"602672","dimethyl sulfone (methylsulfonylmethane MSM)",6213,"67-71-0","9H4PO4Z4FT","","GCMS",20mar2025,"2.38",2945,1,0,,2,2,0,,0,0,0,0,0,0,0,0,0,0,0,0,0,0,0,0,0,0,0,0,,0,0,0,0,0,0,0,0,0,0,0,0,0,0,0,0,0,0,0,"Matched (3)"
"602672","methamphetamine",10836,"537-46-2","44RAL3456C","","GCMS",20mar2025,"4.83",2945,1,0,,2,2,0,,0,0,0,0,0,1,1,0,0,0,0,0,0,0,0,0,0,0,0,0,274,0,0,0,0,0,0,0,0,0,0,0,0,0,0,0,0,0,0,0,"Matched (3)"
"602673","fentanyl",3345,"437-38-7","UF599785JZ","","GCMS",20mar2025,"10.46",2946,1,0,,2,2,0,,1,1,0,0,0,0,0,0,0,0,0,0,0,0,0,0,0,0,0,0,227,1,1,0,0,0,0,0,0,0,0,0,0,0,0,0,0,0,0,0,"Matched (3)"
"602673","bis(2,2,6,6-tetramethyl-4-piperidyl) sebacate",,"","","","GCMS",20mar2025,"12.58",2946,1,0,,2,2,0,,0,0,0,0,0,0,0,0,0,0,0,0,0,0,0,0,0,0,1,1,156,0,0,0,0,0,0,0,0,0,0,0,0,0,0,0,0,0,0,0,"Matched (3)"
"602674","bis(2,2,6,6-tetramethyl-4-piperidyl) sebacate",,"","","","GCMS",20mar2025,"12.56",2947,1,0,,3,3,0,,0,0,0,0,0,0,0,0,0,0,0,0,0,0,0,0,0,0,1,1,156,0,0,0,0,0,0,0,0,0,0,0,0,0,0,0,0,0,0,0,"Matched (3)"
"602674","fentanyl",3345,"437-38-7","UF599785JZ","","GCMS",20mar2025,"10.46",2947,1,0,,3,3,0,,1,1,0,0,0,0,0,0,0,0,0,0,0,0,0,0,0,0,0,0,227,1,1,0,0,0,0,0,0,0,0,0,0,0,0,0,0,0,0,0,"Matched (3)"
"602674","4-ANPP",88890,"21409-26-7","Q88EHD0U8G","","GCMS",20mar2025,"9.26",2947,1,0,,3,3,0,,0,0,0,0,0,0,0,0,0,0,0,0,0,0,0,0,0,0,0,0,49,1,1,0,0,0,0,0,0,0,0,0,0,0,0,0,0,1,0,0,"Matched (3)"
"602675","methamphetamine",10836,"537-46-2","44RAL3456C","","GCMS",30jan2025,"4.28",2948,1,0,,1,1,0,,0,0,0,0,0,1,1,0,0,0,0,0,0,0,0,0,0,0,0,0,274,0,0,0,0,0,0,0,0,0,0,0,0,0,0,0,0,0,0,0,"Matched (3)"
"602676","methamphetamine",10836,"537-46-2","44RAL3456C","","GCMS",09jan2025,"4.22",2949,1,0,,1,1,0,,0,0,0,0,0,1,1,0,0,0,0,0,0,0,0,0,0,0,0,0,274,0,0,0,0,0,0,0,0,0,0,0,0,0,0,0,0,0,0,0,"Matched (3)"
"602677","methamphetamine",10836,"537-46-2","44RAL3456C","","GCMS",30jan2025,"4.24",2950,1,0,,1,1,0,,0,0,0,0,0,1,1,0,0,0,0,0,0,0,0,0,0,0,0,0,274,0,0,0,0,0,0,0,0,0,0,0,0,0,0,0,0,0,0,0,"Matched (3)"
"602678","no compounds of interest detected",,"","","","GCMS",31jan2025,".",2951,1,0,1,1,1,0,,0,0,0,0,0,0,0,0,0,0,0,0,0,0,0,0,0,0,0,0,,0,0,0,0,0,0,0,0,0,0,0,0,0,0,0,0,0,0,0,"Matched (3)"
"602679","methamphetamine",10836,"537-46-2","44RAL3456C","","GCMS",30jan2025,"4.36",2952,1,0,,1,1,0,,0,0,0,0,0,1,1,0,0,0,0,0,0,0,0,0,0,0,0,0,274,0,0,0,0,0,0,0,0,0,0,0,0,0,0,0,0,0,0,0,"Matched (3)"
"602685","1,3-Diacetin",66924,"105-70-4","G45CU3Z186","","GCMS",23apr2025,"4.75",2953,1,0,,19,5,0,,0,0,0,0,0,0,0,0,0,0,0,0,0,0,0,0,0,0,0,0,2,0,0,0,0,0,0,0,0,0,0,0,0,0,0,0,0,0,0,0,"Matched (3)"
"602685","phenethyl 4-ANPP",165365057,"","","trace","GCMS",23apr2025,".",2953,0,1,,19,5,0,,0,0,0,0,0,0,0,0,0,0,0,0,0,0,0,0,0,0,0,0,322,0,1,0,0,0,0,0,0,0,0,0,0,0,0,0,0,1,0,0,"Matched (3)"
"602685","bromazolam",12562546,"71368-80-4","YMC9OT97Z1","trace","GCMS",23apr2025,".",2953,0,1,,19,5,0,,0,0,0,0,0,0,0,0,0,0,0,0,0,0,0,0,0,0,0,0,157,0,0,0,0,0,1,0,1,0,0,0,0,0,0,0,0,0,0,0,"Matched (3)"
"602685","dimethyl sulfone (methylsulfonylmethane MSM)",6213,"67-71-0","9H4PO4Z4FT","","GCMS",23apr2025,"2.41",2953,1,0,,19,5,0,,0,0,0,0,0,0,0,0,0,0,0,0,0,0,0,0,0,0,0,0,,0,0,0,0,0,0,0,0,0,0,0,0,0,0,0,0,0,0,0,"Matched (3)"
"602685","caffeine",2519,"58-08-2","3G6A5W338E","trace","GCMS",23apr2025,".",2953,0,1,,19,5,0,,0,0,0,0,0,0,0,0,0,0,0,0,0,0,0,0,0,0,0,0,162,0,0,0,0,0,0,0,0,0,0,0,0,0,1,0,0,0,0,0,"Matched (3)"
"602685","promethazine",,"","","trace","GCMS",23apr2025,".",2953,0,1,,19,5,0,,0,0,0,0,0,0,0,0,0,0,0,0,0,0,0,0,0,0,0,0,333,0,0,0,0,0,0,0,0,0,0,0,0,0,0,0,0,0,0,0,"Matched (3)"
"602685","acetaminophen",1983,"103-90-2","362O9ITL9D","trace","GCMS",23apr2025,".",2953,0,1,,19,5,0,,0,0,0,0,0,0,0,0,0,0,0,0,0,0,0,0,0,0,0,0,132,0,0,0,0,0,0,0,0,0,0,0,0,0,0,0,0,0,0,0,"Matched (3)"
"602685","acetylcodeine",5486550,"6703-27-1","U59401ETXH","trace","GCMS",23apr2025,".",2953,0,1,,19,5,0,,0,0,0,0,0,0,0,0,0,0,0,0,0,0,0,0,0,0,0,0,138,0,1,0,0,0,0,0,0,0,0,0,0,0,0,1,0,0,0,0,"Matched (3)"
"602685","6-monoacetylmorphine (6-MAM)",5462507,"2784-73-8","M5E47P1ZCH","trace","GCMS",23apr2025,".",2953,0,1,,19,5,0,,0,0,0,0,0,0,0,0,0,0,0,0,0,0,0,0,0,0,0,0,,0,0,0,0,0,0,0,0,0,0,0,0,0,0,0,0,0,0,0,"Matched (3)"
"602685","xylazine",5707,"7361-61-7","2KFG9TP5V8","","GCMS",23apr2025,"7.6",2953,1,0,,19,5,0,,0,0,1,1,0,0,0,0,0,0,0,0,0,0,0,0,0,0,0,0,377,1,1,0,0,0,0,0,0,0,0,0,0,0,0,0,0,0,0,0,"Matched (3)"
"602685","diphenhydramine",3100,"58-73-1","8GTS82S83M","trace","GCMS",23apr2025,".",2953,0,1,,19,5,0,,0,0,0,0,0,0,0,0,0,0,0,0,0,0,0,0,0,0,0,0,209,0,0,0,0,0,0,0,0,0,0,0,0,0,1,0,0,0,0,0,"Matched (3)"
"602685","lidocaine",3676,"137-58-6","98PI200987","trace","GCMS",23apr2025,".",2953,0,1,,19,5,0,,0,0,0,0,0,0,0,0,0,0,0,0,0,0,0,0,0,0,0,0,258,0,0,0,0,0,0,0,0,0,0,0,0,0,1,0,0,0,0,0,"Matched (3)"
"602685","medetomidine",68602,"86347-14-0","MR15E85MQM","trace","GCMS",23apr2025,".",2953,0,1,,19,5,0,,0,0,0,0,0,0,0,0,0,0,0,0,0,0,0,0,0,0,0,0,267,0,0,0,0,0,0,0,0,0,0,0,0,0,0,0,0,0,0,0,"Matched (3)"
"602685","p-fluoro phenethyl 4-ANPP",165361568,"","","trace","GCMS",23apr2025,".",2953,0,1,,19,5,0,,0,0,0,0,0,0,0,0,0,0,0,0,0,0,0,0,0,0,0,0,312,0,1,0,0,0,0,0,0,0,0,0,0,0,0,0,0,1,1,0,"Matched (3)"
"602685","fentanyl",3345,"437-38-7","UF599785JZ","trace","GCMS",23apr2025,".",2953,0,1,,19,5,0,,0,1,0,0,0,0,0,0,0,0,0,0,0,0,0,0,0,0,0,0,227,0,1,0,0,0,0,0,0,0,0,0,0,0,0,0,0,0,0,0,"Matched (3)"
"602685","p-fluorofentanyl",62300,"90736-23-5","I45R05QM0Z","trace","GCMS",23apr2025,".",2953,0,1,,19,5,0,,0,0,0,0,0,0,0,0,0,0,0,0,0,0,0,0,0,0,0,0,315,0,1,0,0,0,0,0,0,0,0,0,0,0,0,0,0,0,0,0,"Matched (3)"
"602685","heroin",5462328,"561-27-3","70D95007SX","","GCMS",23apr2025,"9.99",2953,1,0,,19,5,0,,0,0,0,0,0,0,0,0,0,0,0,0,0,0,0,0,0,0,0,0,242,1,1,0,0,0,0,0,0,0,0,0,0,0,0,0,0,0,0,0,"Matched (3)"
"602685","methamphetamine",10836,"537-46-2","44RAL3456C","","GCMS",23apr2025,"4.51",2953,1,0,,19,5,0,,0,0,0,0,0,1,1,0,0,0,0,0,0,0,0,0,0,0,0,0,274,0,0,0,0,0,0,0,0,0,0,0,0,0,0,0,0,0,0,0,"Matched (3)"
"602685","bis(2,2,6,6-tetramethyl-4-piperidyl) sebacate",,"","","trace","GCMS",23apr2025,".",2953,0,1,,19,5,0,,0,0,0,0,0,0,0,0,0,0,0,0,0,0,0,0,0,0,1,0,156,0,0,0,0,0,0,0,0,0,0,0,0,0,0,0,0,0,0,0,"Matched (3)"
"602686","methamphetamine",10836,"537-46-2","44RAL3456C","","GCMS",21apr2025,"4.32",2954,1,0,,2,2,0,,0,0,0,0,0,1,1,0,0,0,0,0,0,0,0,0,0,0,0,0,274,0,0,0,0,0,0,0,0,0,0,0,0,0,0,0,0,0,0,0,"Matched (3)"
"602686","dimethyl sulfone (methylsulfonylmethane MSM)",6213,"67-71-0","9H4PO4Z4FT","","GCMS",21apr2025,"2.38",2954,1,0,,2,2,0,,0,0,0,0,0,0,0,0,0,0,0,0,0,0,0,0,0,0,0,0,,0,0,0,0,0,0,0,0,0,0,0,0,0,0,0,0,0,0,0,"Matched (3)"
"602687","morphine",5288826,"57-27-2","76I7G6D29C","trace","GCMS",23apr2025,".",2955,0,1,,6,3,0,,0,0,0,0,0,0,0,0,0,0,0,0,0,0,0,0,0,0,0,0,290,0,1,0,0,0,0,0,0,0,0,0,0,0,0,0,0,0,0,0,"Matched (3)"
"602687","codeine",5284371,"76-57-3","UX6OWY2V7J","trace","GCMS",23apr2025,".",2955,0,1,,6,3,0,,0,0,0,0,0,0,0,0,0,0,0,0,0,0,0,0,0,0,0,0,176,0,1,0,0,0,0,0,0,0,0,0,0,0,0,0,0,0,0,0,"Matched (3)"
"602687","methamphetamine",10836,"537-46-2","44RAL3456C","trace","GCMS",23apr2025,".",2955,0,1,,6,3,0,,0,0,0,0,0,0,1,0,0,0,0,0,0,0,0,0,0,0,0,0,274,0,0,0,0,0,0,0,0,0,0,0,0,0,0,0,0,0,0,0,"Matched (3)"
"602687","papaverine",4680,"58-74-2","DAA13NKG2Q","","GCMS",23apr2025,"11.04",2955,1,0,,6,3,0,,0,0,0,0,0,0,0,0,0,0,0,0,0,0,0,0,0,0,0,0,316,1,1,0,0,0,0,0,0,0,0,0,0,0,0,1,0,0,0,0,"Matched (3)"
"602687","noscapine",275196,"6035-40-1","8V32U4AOQU","","GCMS",23apr2025,"14.06",2955,1,0,,6,3,0,,0,0,0,0,0,0,0,0,0,0,0,0,0,0,0,0,0,0,0,0,302,1,1,0,0,0,0,0,0,0,0,0,0,0,0,1,0,0,0,0,"Matched (3)"
"602687","dimethyl sulfone (methylsulfonylmethane MSM)",6213,"67-71-0","9H4PO4Z4FT","","GCMS",23apr2025,"2.38",2955,1,0,,6,3,0,,0,0,0,0,0,0,0,0,0,0,0,0,0,0,0,0,0,0,0,0,,0,0,0,0,0,0,0,0,0,0,0,0,0,0,0,0,0,0,0,"Matched (3)"
"602688","p-fluorofentanyl",62300,"90736-23-5","I45R05QM0Z","trace","GCMS",23apr2025,".",2956,0,1,,12,5,0,,0,0,0,0,0,0,0,0,0,0,0,0,0,0,0,0,0,0,0,0,315,0,1,0,0,0,0,0,0,0,0,0,0,0,0,0,0,0,0,0,"Matched (3)"
"602688","diphenhydramine",3100,"58-73-1","8GTS82S83M","","GCMS",23apr2025,"7.15",2956,1,0,,12,5,0,,0,0,0,0,0,0,0,0,0,0,0,0,0,0,0,0,0,0,0,0,209,0,0,0,0,0,0,0,0,0,0,0,0,0,1,0,0,0,0,0,"Matched (3)"
"602688","fentanyl",3345,"437-38-7","UF599785JZ","","GCMS",23apr2025,"10.44",2956,1,0,,12,5,0,,1,1,0,0,0,0,0,0,0,0,0,0,0,0,0,0,0,0,0,0,227,1,1,0,0,0,0,0,0,0,0,0,0,0,0,0,0,0,0,0,"Matched (3)"
"602688","tetracaine",,"","","trace","GCMS",23apr2025,".",2956,0,1,,12,5,0,,0,0,0,0,0,0,0,0,0,0,0,0,0,0,0,0,0,0,0,0,359,0,0,0,0,0,0,0,0,0,0,0,0,0,0,0,0,0,0,0,"Matched (3)"
"602688","6-monoacetylmorphine (6-MAM)",5462507,"2784-73-8","M5E47P1ZCH","trace","GCMS",23apr2025,".",2956,0,1,,12,5,0,,0,0,0,0,0,0,0,0,0,0,0,0,0,0,0,0,0,0,0,0,,0,0,0,0,0,0,0,0,0,0,0,0,0,0,0,0,0,0,0,"Matched (3)"
"602688","4-ANPP",88890,"21409-26-7","Q88EHD0U8G","","GCMS",23apr2025,"9.25",2956,1,0,,12,5,0,,0,0,0,0,0,0,0,0,0,0,0,0,0,0,0,0,0,0,0,0,49,1,1,0,0,0,0,0,0,0,0,0,0,0,0,0,0,1,0,0,"Matched (3)"
"602688","heroin",5462328,"561-27-3","70D95007SX","","GCMS",23apr2025,"9.99",2956,1,0,,12,5,0,,0,0,0,0,0,0,0,0,0,0,0,0,0,0,0,0,0,0,0,0,242,1,1,0,0,0,0,0,0,0,0,0,0,0,0,0,0,0,0,0,"Matched (3)"
"602688","phenethyl 4-ANPP",165365057,"","","trace","GCMS",23apr2025,".",2956,0,1,,12,5,0,,0,0,0,0,0,0,0,0,0,0,0,0,0,0,0,0,0,0,0,0,322,0,1,0,0,0,0,0,0,0,0,0,0,0,0,0,0,1,0,0,"Matched (3)"
"602688","ethyl-4-ANPP",156346345,"","","","GCMS",23apr2025,"9.4",2956,1,0,,12,5,0,,0,0,0,0,0,0,0,0,0,0,0,0,0,0,0,0,0,0,0,0,219,0,0,0,0,0,0,0,0,0,0,0,0,0,0,0,0,1,0,0,"Matched (3)"
"602688","lidocaine",3676,"137-58-6","98PI200987","trace","GCMS",23apr2025,".",2956,0,1,,12,5,0,,0,0,0,0,0,0,0,0,0,0,0,0,0,0,0,0,0,0,0,0,258,0,0,0,0,0,0,0,0,0,0,0,0,0,1,0,0,0,0,0,"Matched (3)"
"602688","bis(2,2,6,6-tetramethyl-4-piperidyl) sebacate",,"","","trace","GCMS",23apr2025,".",2956,0,1,,12,5,0,,0,0,0,0,0,0,0,0,0,0,0,0,0,0,0,0,0,0,1,0,156,0,0,0,0,0,0,0,0,0,0,0,0,0,0,0,0,0,0,0,"Matched (3)"
"602688","xylazine",5707,"7361-61-7","2KFG9TP5V8","trace","GCMS",23apr2025,".",2956,0,1,,12,5,0,,0,0,0,1,1,0,0,0,0,0,0,0,0,0,0,0,0,0,0,0,377,0,1,0,0,0,0,0,0,0,0,0,0,0,0,0,0,0,0,0,"Matched (3)"
"602689","bis(2,2,6,6-tetramethyl-4-piperidyl) sebacate",,"","","","GCMS",20mar2025,"12.57",2957,1,0,,3,3,0,,0,0,0,0,0,0,0,0,0,0,0,0,0,0,0,0,0,0,1,1,156,0,0,0,0,0,0,0,0,0,0,0,0,0,0,0,0,0,0,0,"Matched (3)"
"602689","fentanyl",3345,"437-38-7","UF599785JZ","","GCMS",20mar2025,"10.46",2957,1,0,,3,3,0,,1,1,0,0,0,0,0,0,0,0,0,0,0,0,0,0,0,0,0,0,227,1,1,0,0,0,0,0,0,0,0,0,0,0,0,0,0,0,0,0,"Matched (3)"
"602689","4-ANPP",88890,"21409-26-7","Q88EHD0U8G","","GCMS",20mar2025,"9.26",2957,1,0,,3,3,0,,0,0,0,0,0,0,0,0,0,0,0,0,0,0,0,0,0,0,0,0,49,1,1,0,0,0,0,0,0,0,0,0,0,0,0,0,0,1,0,0,"Matched (3)"
"603305","methamphetamine",10836,"537-46-2","44RAL3456C","trace","GCMS",23apr2025,".",3173,0,1,,12,7,0,,0,0,0,0,0,0,1,0,0,0,0,0,0,0,0,0,0,0,0,0,274,0,0,0,0,0,0,0,0,0,0,0,0,0,0,0,0,0,0,0,"Matched (3)"
"603305","levamisole",26879,"14769-73-4","2880D3468G","trace","GCMS",23apr2025,".",3173,0,1,,12,7,0,,0,0,0,0,0,0,0,0,0,0,0,1,0,0,0,0,0,0,0,0,256,0,0,0,0,0,0,0,0,0,0,0,0,0,1,0,0,0,0,0,"Matched (3)"
"603305","6-monoacetylmorphine (6-MAM)",5462507,"2784-73-8","M5E47P1ZCH","","GCMS",23apr2025,"9.55",3173,1,0,,12,7,0,,0,0,0,0,0,0,0,0,0,0,0,0,0,0,0,0,0,0,0,0,,0,0,0,0,0,0,0,0,0,0,0,0,0,0,0,0,0,0,0,"Matched (3)"
"603305","heroin",5462328,"561-27-3","70D95007SX","","GCMS",23apr2025,"9.99",3173,1,0,,12,7,0,,0,0,0,0,0,0,0,0,0,0,0,0,0,0,0,0,0,0,0,0,242,1,1,0,0,0,0,0,0,0,0,0,0,0,0,0,0,0,0,0,"Matched (3)"
"603305","lidocaine",3676,"137-58-6","98PI200987","","GCMS",23apr2025,"7.18",3173,1,0,,12,7,0,,0,0,0,0,0,0,0,0,0,0,0,0,0,0,0,0,0,0,0,0,258,0,0,0,0,0,0,0,0,0,0,0,0,0,1,0,0,0,0,0,"Matched (3)"
"603305","acetylcodeine",5486550,"6703-27-1","U59401ETXH","trace","GCMS",23apr2025,".",3173,0,1,,12,7,0,,0,0,0,0,0,0,0,0,0,0,0,0,0,0,0,0,0,0,0,0,138,0,1,0,0,0,0,0,0,0,0,0,0,0,0,1,0,0,0,0,"Matched (3)"
"603305","4-ANPP",88890,"21409-26-7","Q88EHD0U8G","","GCMS",23apr2025,"9.25",3173,1,0,,12,7,0,,0,0,0,0,0,0,0,0,0,0,0,0,0,0,0,0,0,0,0,0,49,1,1,0,0,0,0,0,0,0,0,0,0,0,0,0,0,1,0,0,"Matched (3)"
"603305","bis(2,2,6,6-tetramethyl-4-piperidyl) sebacate",,"","","trace","GCMS",23apr2025,".",3173,0,1,,12,7,0,,0,0,0,0,0,0,0,0,0,0,0,0,0,0,0,0,0,0,1,0,156,0,0,0,0,0,0,0,0,0,0,0,0,0,0,0,0,0,0,0,"Matched (3)"
"603305","acetaminophen",1983,"103-90-2","362O9ITL9D","","GCMS",23apr2025,"6.4",3173,1,0,,12,7,0,,0,0,0,0,0,0,0,0,0,0,0,0,0,0,0,0,0,0,0,0,132,0,0,0,0,0,0,0,0,0,0,0,0,0,0,0,0,0,0,0,"Matched (3)"
"603305","cocaine",446220,"50-36-2","I5Y540LHVR","trace","GCMS",23apr2025,".",3173,0,1,,12,7,0,,0,0,0,0,0,0,0,0,1,0,0,0,0,0,0,0,0,0,0,0,175,0,0,0,0,0,0,0,0,0,0,0,0,0,0,0,0,0,0,0,"Matched (3)"
"603305","fentanyl",3345,"437-38-7","UF599785JZ","","GCMS",23apr2025,"10.44",3173,1,0,,12,7,0,,1,1,0,0,0,0,0,0,0,0,0,0,0,0,0,0,0,0,0,0,227,1,1,0,0,0,0,0,0,0,0,0,0,0,0,0,0,0,0,0,"Matched (3)"
"603305","caffeine",2519,"58-08-2","3G6A5W338E","","GCMS",23apr2025,"7.05",3173,1,0,,12,7,0,,0,0,0,0,0,0,0,0,0,1,0,0,0,0,0,0,0,0,0,0,162,0,0,0,0,0,0,0,0,0,0,0,0,0,1,0,0,0,0,0,"Matched (3)"
"603306","ethyl-4-ANPP",156346345,"","","trace","GCMS",23apr2025,".",3174,0,1,,12,5,0,,0,0,0,0,0,0,0,0,0,0,0,0,0,0,0,0,0,0,0,0,219,0,0,0,0,0,0,0,0,0,0,0,0,0,0,0,0,1,0,0,"Matched (3)"
"603306","6-monoacetylmorphine (6-MAM)",5462507,"2784-73-8","M5E47P1ZCH","trace","GCMS",23apr2025,".",3174,0,1,,12,5,0,,0,0,0,0,0,0,0,0,0,0,0,0,0,0,0,0,0,0,0,0,,0,0,0,0,0,0,0,0,0,0,0,0,0,0,0,0,0,0,0,"Matched (3)"
"603306","4-ANPP",88890,"21409-26-7","Q88EHD0U8G","trace","GCMS",23apr2025,".",3174,0,1,,12,5,0,,0,0,0,0,0,0,0,0,0,0,0,0,0,0,0,0,0,0,0,0,49,0,1,0,0,0,0,0,0,0,0,0,0,0,0,0,0,1,0,0,"Matched (3)"
"603306","acetaminophen",1983,"103-90-2","362O9ITL9D","","GCMS",23apr2025,"6.43",3174,1,0,,12,5,0,,0,0,0,0,0,0,0,0,0,0,0,0,0,0,0,0,0,0,0,0,132,0,0,0,0,0,0,0,0,0,0,0,0,0,0,0,0,0,0,0,"Matched (3)"
"603306","cocaine",446220,"50-36-2","I5Y540LHVR","trace","GCMS",23apr2025,".",3174,0,1,,12,5,0,,0,0,0,0,0,0,0,0,1,0,0,0,0,0,0,0,0,0,0,0,175,0,0,0,0,0,0,0,0,0,0,0,0,0,0,0,0,0,0,0,"Matched (3)"
"603306","caffeine",2519,"58-08-2","3G6A5W338E","","GCMS",23apr2025,"7.04",3174,1,0,,12,5,0,,0,0,0,0,0,0,0,0,0,1,0,0,0,0,0,0,0,0,0,0,162,0,0,0,0,0,0,0,0,0,0,0,0,0,1,0,0,0,0,0,"Matched (3)"
"603306","acetylcodeine",5486550,"6703-27-1","U59401ETXH","trace","GCMS",23apr2025,".",3174,0,1,,12,5,0,,0,0,0,0,0,0,0,0,0,0,0,0,0,0,0,0,0,0,0,0,138,0,1,0,0,0,0,0,0,0,0,0,0,0,0,1,0,0,0,0,"Matched (3)"
"603306","fentanyl",3345,"437-38-7","UF599785JZ","","GCMS",23apr2025,"10.44",3174,1,0,,12,5,0,,1,1,0,0,0,0,0,0,0,0,0,0,0,0,0,0,0,0,0,0,227,1,1,0,0,0,0,0,0,0,0,0,0,0,0,0,0,0,0,0,"Matched (3)"
"603306","heroin",5462328,"561-27-3","70D95007SX","","GCMS",23apr2025,"9.99",3174,1,0,,12,5,0,,0,0,0,0,0,0,0,0,0,0,0,0,0,0,0,0,0,0,0,0,242,1,1,0,0,0,0,0,0,0,0,0,0,0,0,0,0,0,0,0,"Matched (3)"
"603306","bis(2,2,6,6-tetramethyl-4-piperidyl) sebacate",,"","","trace","GCMS",23apr2025,".",3174,0,1,,12,5,0,,0,0,0,0,0,0,0,0,0,0,0,0,0,0,0,0,0,0,1,0,156,0,0,0,0,0,0,0,0,0,0,0,0,0,0,0,0,0,0,0,"Matched (3)"
"603306","lidocaine",3676,"137-58-6","98PI200987","","GCMS",23apr2025,"7.18",3174,1,0,,12,5,0,,0,0,0,0,0,0,0,0,0,0,0,0,0,0,0,0,0,0,0,0,258,0,0,0,0,0,0,0,0,0,0,0,0,0,1,0,0,0,0,0,"Matched (3)"
"603306","levamisole",26879,"14769-73-4","2880D3468G","trace","GCMS",23apr2025,".",3174,0,1,,12,5,0,,0,0,0,0,0,0,0,0,0,0,0,1,0,0,0,0,0,0,0,0,256,0,0,0,0,0,0,0,0,0,0,0,0,0,1,0,0,0,0,0,"Matched (3)"
"603307","tetracaine",,"","","","GCMS",23apr2025,"8.4",3175,1,0,,9,3,0,,0,0,0,0,0,0,0,0,0,0,0,0,0,0,0,0,0,0,0,0,359,0,0,0,0,0,0,0,0,0,0,0,0,0,0,0,0,0,0,0,"Matched (3)"
"603307","xylazine",5707,"7361-61-7","2KFG9TP5V8","trace","GCMS",23apr2025,".",3175,0,1,,9,3,0,,0,0,0,1,1,0,0,0,0,0,0,0,0,0,0,0,0,0,0,0,377,0,1,0,0,0,0,0,0,0,0,0,0,0,0,0,0,0,0,0,"Matched (3)"
"603307","caffeine",2519,"58-08-2","3G6A5W338E","trace","GCMS",23apr2025,".",3175,0,1,,9,3,0,,0,0,0,0,0,0,0,0,0,0,0,0,0,0,0,0,0,0,0,0,162,0,0,0,0,0,0,0,0,0,0,0,0,0,1,0,0,0,0,0,"Matched (3)"
"603307","medetomidine",68602,"86347-14-0","MR15E85MQM","trace","GCMS",23apr2025,".",3175,0,1,,9,3,0,,0,0,0,0,0,0,0,0,0,0,0,0,0,0,0,0,0,0,0,0,267,0,0,0,0,0,0,0,0,0,0,0,0,0,0,0,0,0,0,0,"Matched (3)"
"603307","1,3-Diacetin",66924,"105-70-4","G45CU3Z186","","GCMS",23apr2025,"4.74",3175,1,0,,9,3,0,,0,0,0,0,0,0,0,0,0,0,0,0,0,0,0,0,0,0,0,0,2,0,0,0,0,0,0,0,0,0,0,0,0,0,0,0,0,0,0,0,"Matched (3)"
"603307","acetaminophen",1983,"103-90-2","362O9ITL9D","","GCMS",23apr2025,"6.4",3175,1,0,,9,3,0,,0,0,0,0,0,0,0,0,0,0,0,0,0,0,0,0,0,0,0,0,132,0,0,0,0,0,0,0,0,0,0,0,0,0,0,0,0,0,0,0,"Matched (3)"
"603307","fentanyl",3345,"437-38-7","UF599785JZ","trace","GCMS",23apr2025,".",3175,0,1,,9,3,0,,0,1,0,0,0,0,0,0,0,0,0,0,0,0,0,0,0,0,0,0,227,0,1,0,0,0,0,0,0,0,0,0,0,0,0,0,0,0,0,0,"Matched (3)"
"603307","4-ANPP",88890,"21409-26-7","Q88EHD0U8G","trace","GCMS",23apr2025,".",3175,0,1,,9,3,0,,0,0,0,0,0,0,0,0,0,0,0,0,0,0,0,0,0,0,0,0,49,0,1,0,0,0,0,0,0,0,0,0,0,0,0,0,0,1,0,0,"Matched (3)"
"603307","menthol",1254,"1490-04-6","","trace","GCMS",23apr2025,".",3175,0,1,,9,3,0,,0,0,0,0,0,0,0,0,0,0,0,0,0,0,0,0,0,0,0,0,270,0,0,0,0,0,0,0,0,0,0,0,0,0,0,0,0,0,0,0,"Matched (3)"
"603308","4-ANPP",88890,"21409-26-7","Q88EHD0U8G","","GCMS",23apr2025,"9.25",3176,1,0,,6,4,0,,0,0,0,0,0,0,0,0,0,0,0,0,0,0,0,0,0,0,0,0,49,1,1,0,0,0,0,0,0,0,0,0,0,0,0,0,0,1,0,0,"Matched (3)"
"603308","fentanyl",3345,"437-38-7","UF599785JZ","","GCMS",23apr2025,"10.44",3176,1,0,,6,4,0,,1,1,0,0,0,0,0,0,0,0,0,0,0,0,0,0,0,0,0,0,227,1,1,0,0,0,0,0,0,0,0,0,0,0,0,0,0,0,0,0,"Matched (3)"
"603308","bis(2,2,6,6-tetramethyl-4-piperidyl) sebacate",,"","","trace","GCMS",23apr2025,".",3176,0,1,,6,4,0,,0,0,0,0,0,0,0,0,0,0,0,0,0,0,0,0,0,0,1,0,156,0,0,0,0,0,0,0,0,0,0,0,0,0,0,0,0,0,0,0,"Matched (3)"
"603308","lidocaine",3676,"137-58-6","98PI200987","","GCMS",23apr2025,"7.18",3176,1,0,,6,4,0,,0,0,0,0,0,0,0,0,0,0,0,0,0,0,0,0,0,0,0,0,258,0,0,0,0,0,0,0,0,0,0,0,0,0,1,0,0,0,0,0,"Matched (3)"
"603308","tetracaine",,"","","trace","GCMS",23apr2025,".",3176,0,1,,6,4,0,,0,0,0,0,0,0,0,0,0,0,0,0,0,0,0,0,0,0,0,0,359,0,0,0,0,0,0,0,0,0,0,0,0,0,0,0,0,0,0,0,"Matched (3)"
"603308","dimethyl sulfone (methylsulfonylmethane MSM)",6213,"67-71-0","9H4PO4Z4FT","","GCMS",23apr2025,"2.38",3176,1,0,,6,4,0,,0,0,0,0,0,0,0,0,0,0,0,0,0,0,0,0,0,0,0,0,,0,0,0,0,0,0,0,0,0,0,0,0,0,0,0,0,0,0,0,"Matched (3)"
"603309","no compounds of interest detected",,"","","","GCMS",25apr2025,".",3177,1,0,1,1,1,0,,0,0,0,0,0,0,0,0,0,0,0,0,0,0,0,0,0,0,0,0,,0,0,0,0,0,0,0,0,0,0,0,0,0,0,0,0,0,0,0,"Matched (3)"
