sampleid,program,location,county,state,full_state,date_collect,sampletype,collection,expectedsubstance,expect_opioid,expect_fentanyl,expect_xylazine,expect_stimulant,expect_benzo,expect_meth,expect_cocaine,expect_cannabis,expect_hall,color,bright_color,texture,tar,pill,powder,plant,crystals,lustre,sensations,sen_strength,sen_weird,sen_hall,sen_up,sen_down,sen_nice,sen_long,sen_burn,sen_skin,sen_seizure,texture_notes,sensation_notes,overdose,od,overdose_notes,fatal_od,confirmatory,date_complete,primary,trace,lab_null,lab_num_substances_any,lab_num_substances,lab_fentanyl,lab_fentanyl_any,lab_xylazine,lab_xylazine_any,lab_xylazine_trace,lab_meth,lab_meth_any,lab_cocaine,lab_cocaine_any,lab_caffeine,lab_gabapentin,lab_levamisole_any,lab_mdma,lab_tramadol,lab_carfentanil,lab_carfentanil_any,lab_ketamine_any,lab_ketamine,lab_designer_benzos_any,lab_benzos_any,lab_nitazenes_any,lab_opiates_opioids_any,lab_synthetic_cannabinoids_any,lab_meth_impurities_any,lab_mdma_impurities_any,lab_cocaine_impurities_any,lab_common_cuts_any,lab_heroin_impurities_any,lab_cannabinoids_any,lab_fentanyl_impurities_any,lab_pf_fent_impurities_any,lab_substituted_cathinones_any,state_county,statefips,countyfips_3,countyfips
"800631","Blue Mountain Heart to Heart","Clarkston","Asotin County","WA","Washington",16Feb2023,"spatula","spatula","fentanyl",1,1,0,0,0,0,0,0,0,"blue",1,"pill",,1,,,,,"stronger","stronger",,,,,,,,,,"M30","","not overdose related","not involved","",,1,23Mar2023,1,1,,4,3,1,1,0,0,0,0,0,0,0,0,0,0,0,0,0,0,0,0,0,0,0,1,0,0,0,0,0,0,0,1,0,0,"WA | ASOTIN","53","003","53003"
"800636","Blue Mountain Heart to Heart","Clarkston","Asotin County","WA","Washington",20Mar2023,"spatula","spatula","methamphetamine",0,0,0,1,0,1,0,0,0,"clear",0,"crystals",,,,,1,,"",,,,,,,,,,,"","","not overdose related","not involved","",,1,10Apr2023,1,0,,1,1,0,0,0,0,0,1,1,0,0,0,0,0,0,0,0,0,0,0,0,0,0,0,0,0,0,0,0,0,0,0,0,0,"WA | ASOTIN","53","003","53003"
"800909","Blue Mountain Heart to Heart","Clarkston","Asotin County","WA","Washington",10Apr2023,"spatula","spatula","methamphetamine",0,0,0,1,0,1,0,0,0,"clear",0,"crystals",,,,,1,,"stronger","stronger",,,,,,,,,,"","causes cough, tastes like chemicals","not overdose related","not involved","",,1,19Apr2023,1,0,,1,1,0,0,0,0,0,1,1,0,0,0,0,0,0,0,0,0,0,0,0,0,0,0,0,0,0,0,0,0,0,0,0,0,"WA | ASOTIN","53","003","53003"
"800443","Blue Mountain Heart to Heart","Clarkston","Asotin County","WA","Washington",10Apr2023,"spatula","spatula","methamphetamine",0,0,0,1,0,1,0,0,0,"clear",0,"crystals",,,,,1,,"",,,,,,,,,,,"","","not overdose related","not involved","",,1,19Apr2023,1,0,,1,1,0,0,0,0,0,1,1,0,0,0,0,0,0,0,0,0,0,0,0,0,0,0,0,0,0,0,0,0,0,0,0,0,"WA | ASOTIN","53","003","53003"
"800549","Blue Mountain Heart to Heart","Clarkston","Asotin County","WA","Washington",10Apr2023,"spatula","spatula","methamphetamine",0,0,0,1,0,1,0,0,0,"clear",0,"crystals",,,,,1,,"",,,,,,,,,,,"","","not overdose related","not involved","",,1,19Apr2023,1,0,,1,1,0,0,0,0,0,1,1,0,0,0,0,0,0,0,0,0,0,0,0,0,0,0,0,0,0,0,0,0,0,0,0,0,"WA | ASOTIN","53","003","53003"
"800454","Blue Mountain Heart to Heart","Clarkston","Asotin County","WA","Washington",16Feb2023,"spatula","spatula","methamphetamine",0,0,0,1,0,1,0,0,0,"clear",0,"crystals",,,,,1,,"",,,,,,,,,,,"","","not overdose related","not involved","",,1,21Mar2023,1,0,,1,1,0,0,0,0,0,1,1,0,0,0,0,0,0,0,0,0,0,0,0,0,0,0,0,0,0,0,0,0,0,0,0,0,"WA | ASOTIN","53","003","53003"
"800722","Blue Mountain Heart to Heart","Clarkston","Asotin County","WA","Washington",13Mar2023,"swab","swab","methamphetamine",0,0,0,1,0,1,0,0,0,"clear",0,"crystals",,,,,1,,"weaker; more down","weaker",,,,1,,,,,,"","sleepy meth","not overdose related","not involved","",,1,24Mar2023,1,0,,1,1,0,0,0,0,0,1,1,0,0,0,0,0,0,0,0,0,0,0,0,0,0,0,0,0,0,0,0,0,0,0,0,0,"WA | ASOTIN","53","003","53003"
"800698","Blue Mountain Heart to Heart","Clarkston","Asotin County","WA","Washington",03Apr2023,"spatula","spatula","methamphetamine",0,0,0,1,0,1,0,0,0,"clear",0,"crystals",,,,,1,,"stronger","stronger",,,,,,,,,,"","bad chemical taste","not overdose related","not involved","",,1,16Apr2023,1,0,,1,1,0,0,0,0,0,1,1,0,0,0,0,0,0,0,0,0,0,0,0,0,0,0,0,0,0,0,0,0,0,0,0,0,"WA | ASOTIN","53","003","53003"
"800970","Blue Mountain Heart to Heart","Clarkston","Asotin County","WA","Washington",16Feb2023,"spatula","spatula","fentanyl",1,1,0,0,0,0,0,0,0,"blue",1,"pill",,1,,,,,"stronger","stronger",,,,,,,,,,"M30","question about fentanyl analogue","not overdose related","not involved","",,1,23Mar2023,1,1,,3,2,1,1,0,0,0,0,0,0,0,0,0,0,0,0,0,0,0,0,0,0,0,1,0,0,0,0,0,0,0,1,0,0,"WA | ASOTIN","53","003","53003"
"800680","Blue Mountain Heart to Heart","Clarkston","Asotin County","WA","Washington",29Mar2023,"spatula","spatula","fentanyl",1,1,0,0,0,0,0,0,0,"blue",1,"pill",,1,,,,,"weaker","weaker",,,,,,,,,,"M30","","unknown",,"",,1,17Apr2023,1,0,,3,3,1,1,0,0,0,0,0,0,0,0,0,0,0,0,0,0,0,0,0,0,0,1,0,0,0,0,0,0,0,1,0,0,"WA | ASOTIN","53","003","53003"
"800461","Blue Mountain Heart to Heart","Kennewick","Benton County","WA","Washington",24Mar2023,"spatula","spatula","methamphetamine",0,0,0,1,0,1,0,0,0,"clear",0,"crystals",,,,,1,,"",,,,,,,,,,,"","","not overdose related","not involved","",,1,16Apr2023,1,0,,1,1,0,0,0,0,0,1,1,0,0,0,0,0,0,0,0,0,0,0,0,0,0,0,0,0,0,0,0,0,0,0,0,0,"WA | BENTON","53","005","53005"
"800979","Blue Mountain Heart to Heart","Kennewick","Benton County","WA","Washington",07Apr2023,"spatula","spatula","fentanyl",1,1,0,0,0,0,0,0,0,"blue",1,"pill",,1,,,,,"",,,,,,,,,,,"blue M30","","not overdose related","not involved","",,1,19Apr2023,1,0,,5,5,1,1,0,0,0,0,0,0,0,0,0,0,0,0,0,0,0,0,0,0,0,1,0,0,0,0,0,0,0,1,0,0,"WA | BENTON","53","005","53005"
"800523","Blue Mountain Heart to Heart","Kennewick","Benton County","WA","Washington",17Mar2023,"spatula","spatula","methamphetamine",0,0,0,1,0,1,0,0,0,"white",0,"powder",,,1,,,,"",,,,,,,,,,,"","","not overdose related","not involved","",,1,10Apr2023,1,0,,1,1,0,0,0,0,0,1,1,0,0,0,0,0,0,0,0,0,0,0,0,0,0,0,0,0,0,0,0,0,0,0,0,0,"WA | BENTON","53","005","53005"
"800912","Blue Mountain Heart to Heart","Kennewick","Benton County","WA","Washington",07Apr2023,"spatula","spatula","fentanyl",1,1,0,0,0,0,0,0,0,"blue",1,"pill",,1,,,,,"",,,,,,,,,,,"blue M30","","not overdose related","not involved","",,1,19Apr2023,1,1,,6,4,1,1,0,0,0,0,0,0,0,0,0,0,0,0,0,0,0,0,0,0,0,1,0,0,0,0,0,0,0,1,0,0,"WA | BENTON","53","005","53005"
"800428","Blue Mountain Heart to Heart","Kennewick","Benton County","WA","Washington",06Mar2023,"spatula","spatula","methamphetamine",0,0,0,1,0,1,0,0,0,"clear",0,"crystals",,,,,1,,"normal","normal",,,,,,,,,,"","","not overdose related","not involved","",,1,24Mar2023,1,0,,1,1,0,0,0,0,0,1,1,0,0,0,0,0,0,0,0,0,0,0,0,0,0,0,0,0,0,0,0,0,0,0,0,0,"WA | BENTON","53","005","53005"
"800794","Blue Mountain Heart to Heart","Kennewick","Benton County","WA","Washington",07Apr2023,"spatula","spatula","heroin",1,0,0,0,0,0,0,0,0,"brown",0,"tar",,,,,,,"",,,,,,,,,,,"","","not overdose related","not involved","",,1,19Apr2023,1,1,,3,2,0,0,0,0,0,0,0,0,0,0,0,0,0,0,0,0,0,0,0,0,0,1,0,0,0,0,0,1,0,0,0,0,"WA | BENTON","53","005","53005"
"800843","Blue Mountain Heart to Heart","Kennewick","Benton County","WA","Washington",24Mar2023,"spatula","spatula","fentanyl",1,1,0,0,0,0,0,0,0,"blue",1,"pill",,1,,,,,"",,,,,,,,,,,"M30","","not overdose related","not involved","",,1,18Apr2023,1,1,,7,3,1,1,0,0,0,0,0,0,0,0,0,0,0,0,0,0,0,0,0,0,0,1,0,0,0,0,0,0,0,1,0,0,"WA | BENTON","53","005","53005"
"800940","Blue Mountain Heart to Heart","Kennewick","Benton County","WA","Washington",17Feb2023,"spatula","spatula","fentanyl",1,1,0,0,0,0,0,0,0,"blue",1,"pill; powder",,1,1,,,,"",,,,,,,,,,,"blue pill partial, pill burnt and crushed","","not overdose related","not involved","",,1,23Mar2023,1,1,,4,1,0,1,0,0,0,0,0,0,0,0,0,0,0,0,0,0,0,0,0,0,0,1,0,0,0,0,0,0,0,1,0,0,"WA | BENTON","53","005","53005"
"800819","Blue Mountain Heart to Heart","Kennewick","Benton County","WA","Washington",17Feb2023,"spatula","spatula","fentanyl",1,1,0,0,0,0,0,0,0,"blue",1,"pill; powder",,1,1,,,,"",,,,,,,,,,,"blue M30 pill, pill that was crushed","","not overdose related","not involved","",,1,23Mar2023,1,1,,4,2,1,1,0,0,0,0,0,0,0,0,0,0,0,0,0,0,0,0,0,0,0,1,0,0,0,0,1,0,0,1,0,0,"WA | BENTON","53","005","53005"
"800467","Blue Mountain Heart to Heart","Kennewick","Benton County","WA","Washington",07Apr2023,"spatula","spatula","heroin",1,0,0,0,0,0,0,0,0,"brown",0,"tar",,,,,,,"",,,,,,,,,,,"","","not overdose related","not involved","",,1,19Apr2023,1,1,,4,1,0,0,0,0,0,0,0,0,0,0,0,0,0,0,0,0,0,0,0,0,0,1,0,0,0,0,0,1,0,0,0,0,"WA | BENTON","53","005","53005"
"800761","Blue Mountain Heart to Heart","Kennewick","Benton County","WA","Washington",16Feb2023,"spatula","spatula","methamphetamine",0,0,0,1,0,1,0,0,0,"clear",0,"crystals",,,,,1,,"",,,,,,,,,,,"clear shards","","not overdose related","not involved","",,1,21Mar2023,1,0,,1,1,0,0,0,0,0,1,1,0,0,0,0,0,0,0,0,0,0,0,0,0,0,0,0,0,0,0,0,0,0,0,0,0,"WA | BENTON","53","005","53005"
"800512","Blue Mountain Heart to Heart","Kennewick","Benton County","WA","Washington",24Mar2023,"spatula","spatula","methamphetamine",0,0,0,1,0,1,0,0,0,"clear",0,"crystals",,,,,1,,"",,,,,,,,,,,"","","not overdose related","not involved","",,1,16Apr2023,1,0,,1,1,0,0,0,0,0,1,1,0,0,0,0,0,0,0,0,0,0,0,0,0,0,0,0,0,0,0,0,0,0,0,0,0,"WA | BENTON","53","005","53005"
"800922","Blue Mountain Heart to Heart","Kennewick","Benton County","WA","Washington",15Mar2023,"spatula","spatula","methamphetamine",0,0,0,1,0,1,0,0,0,"clear",0,"crystals",,,,,1,,"",,,,,,,,,,,"","","not overdose related","not involved","",,1,30Mar2023,1,0,,1,1,0,0,0,0,0,1,1,0,0,0,0,0,0,0,0,0,0,0,0,0,0,0,0,0,0,0,0,0,0,0,0,0,"WA | BENTON","53","005","53005"
"800585","Blue Mountain Heart to Heart","Kennewick","Benton County","WA","Washington",17Feb2023,"spatula","spatula","methamphetamine",0,0,0,1,0,1,0,0,0,"clear",0,"crystals",,,,,1,,"",,,,,,,,,,,"","","not overdose related","not involved","",,1,22Mar2023,1,0,,1,1,0,0,0,0,0,1,1,0,0,0,0,0,0,0,0,0,0,0,0,0,0,0,0,0,0,0,0,0,0,0,0,0,"WA | BENTON","53","005","53005"
"800484","Blue Mountain Heart to Heart","Kennewick","Benton County","WA","Washington",27Mar2023,"spatula","spatula","methamphetamine",0,0,0,1,0,1,0,0,0,"clear",0,"crystals",,,,,1,,"unpleasant",,1,,,,,,,,,"","","not overdose related","not involved","",,1,14Apr2023,1,0,,1,1,0,0,0,0,0,1,1,0,0,0,0,0,0,0,0,0,0,0,0,0,0,0,0,0,0,0,0,0,0,0,0,0,"WA | BENTON","53","005","53005"
"800614","Blue Mountain Heart to Heart","Kennewick","Benton County","WA","Washington",03Mar2023,"spatula","spatula","methamphetamine",0,0,0,1,0,1,0,0,0,"clear",0,"crystals",,,,,1,,"",,,,,,,,,,,"","","not overdose related","not involved","",,1,24Mar2023,1,0,,1,1,0,0,0,0,0,1,1,0,0,0,0,0,0,0,0,0,0,0,0,0,0,0,0,0,0,0,0,0,0,0,0,0,"WA | BENTON","53","005","53005"
"800628","Jefferson County Public Health","Port Townsend","Jefferson County","WA","Washington",24Feb2023,"pill","pill","fentanyl",1,1,0,0,0,0,0,0,0,"blue",1,"pill",,1,,,,,"weaker","weaker",,,,,,,,,,"","","not overdose related","not involved","",,1,23Mar2023,1,1,,4,3,1,1,0,0,0,0,0,0,0,0,0,0,0,1,0,0,0,0,0,0,0,1,0,0,0,0,0,0,0,1,0,0,"WA | JEFFERSON","53","031","53031"
"800827","Robert Clewis Center","Seattle","King County","WA","Washington",09Mar2023,"spatula","spatula","fentanyl",1,1,0,0,0,0,0,0,0,"white",0,"powder",,,1,,,,"normal; nice","normal",,,,,1,,,,,"","","not overdose related","not involved","",,1,31Mar2023,1,1,,2,1,1,1,0,0,0,0,0,0,0,0,0,0,0,0,0,0,0,0,0,0,0,1,0,0,0,0,0,0,0,1,0,0,"WA | KING","53","033","53033"
"800116","Public Health of Seattle and King County","Seattle","King County","WA","Washington",17Feb2023,"cotton","cotton","ketamine",0,0,0,0,0,0,0,0,1,"white",0,"powder; shiny",,,1,,,"shiny","",,,,,,,,,,,"","","not overdose related","not involved","",,1,21Mar2023,1,1,,5,2,0,0,0,0,0,0,0,1,1,0,0,0,0,0,0,0,1,1,0,0,0,0,0,0,0,1,1,0,0,0,0,0,"WA | KING","53","033","53033"
"800192","Public Health of Seattle and King County","Seattle","King County","WA","Washington",04Apr2023,"swab","swab","fentanyl",1,1,0,0,0,0,0,0,0,"white",0,"rock",,,,,,,"","stronger",,,,,,,,,,"","strong","unknown",,"",,1,14Apr2023,1,0,,4,4,1,1,0,0,0,1,1,0,0,0,0,0,0,0,0,0,0,0,0,0,0,1,0,0,0,0,0,0,0,1,0,0,"WA | KING","53","033","53033"
"800222","Public Health of Seattle and King County","Seattle","King County","WA","Washington",05Apr2023,"swab","swab","methamphetamine",0,0,0,1,0,1,0,0,0,"white",0,"",,,,,,,"",,,,,,,,,,,"","gave participant a rash","not overdose related","not involved","",,1,14Apr2023,1,0,,1,1,0,0,0,0,0,1,1,0,0,0,0,0,0,0,0,0,0,0,0,0,0,0,0,0,0,0,0,0,0,0,0,0,"WA | KING","53","033","53033"
"800262","Public Health of Seattle and King County","Seattle","King County","WA","Washington",22Mar2023,"spatula","spatula","heroin",1,0,0,0,0,0,0,0,0,"brown",0,"tar",,,,,,,"",,,,,,,,,,,"","","unknown",,"",,1,07Apr2023,1,0,,2,2,0,0,0,0,0,0,0,0,0,0,0,0,0,0,0,0,0,0,0,0,0,1,0,0,0,0,0,1,0,0,0,0,"WA | KING","53","033","53033"
"800188","Public Health of Seattle and King County","Seattle","King County","WA","Washington",10Feb2023,"spatula","spatula","cocaine",0,0,0,1,0,0,1,0,0,"white",0,"powder",,,1,,,,"",,,,,,,,,,,"","","unknown",,"",,1,17Mar2023,1,1,,5,1,0,0,0,0,0,0,0,1,1,0,0,0,0,0,0,0,0,0,0,0,0,0,0,0,0,1,0,0,0,0,0,0,"WA | KING","53","033","53033"
"800129","Public Health of Seattle and King County","Seattle","King County","WA","Washington",09Dec2022,"spatula","spatula","methamphetamine",0,0,0,1,0,1,0,0,0,"clear",0,"crystals",,,,,1,,"other",,,,,1,,,,,,""," went to sleep ","unknown",,"",,1,04Jan2023,1,0,,1,1,0,0,0,0,0,1,1,0,0,0,0,0,0,0,0,0,0,0,0,0,0,0,0,0,0,0,0,0,0,0,0,0,"WA | KING","53","033","53033"
"800799","Robert Clewis Center","Seattle","King County","WA","Washington",16Mar2023,"spatula","spatula","benzodiazepine",0,0,0,0,1,0,0,0,0,"green",1,"pill; powder",,1,1,,,,"normal","normal",,,,,,,,,,"","","not overdose related","not involved","",,1,30Mar2023,1,0,,1,1,0,0,0,0,0,0,0,0,0,0,0,0,0,0,0,0,0,0,1,0,0,0,0,0,0,0,0,0,0,0,0,0,"WA | KING","53","033","53033"
"800106","Public Health of Seattle and King County","Seattle","King County","WA","Washington",16Dec2022,"spatula","spatula","unknown",0,0,0,0,0,0,0,0,0,"white",0,"powder; flaky; dull",,,1,,,"dull","",,,,,,,,,,,"","","unknown",,"",,1,05Jan2023,1,1,,7,2,0,0,0,0,0,0,0,1,1,0,0,1,0,0,0,0,0,0,0,0,0,0,0,0,0,1,1,0,0,0,0,0,"WA | KING","53","033","53033"
"800649","Robert Clewis Center","Seattle","King County","WA","Washington",04Apr2023,"unknown","unknown","methamphetamine",0,0,0,1,0,1,0,0,0,"clear",0,"crystals",,,,,1,,"",,,,,,,,,,,"","","not overdose related","not involved","",,1,14Apr2023,1,0,,1,1,0,0,0,0,0,1,1,0,0,0,0,0,0,0,0,0,0,0,0,0,0,0,0,0,0,0,0,0,0,0,0,0,"WA | KING","53","033","53033"
"800177","Public Health of Seattle and King County","Seattle","King County","WA","Washington",31Mar2023,"swab","swab","ketamine",0,0,0,0,0,0,0,0,1,"white",0,"crystals",,,,,1,,"",,,,,,,,,,,"","","not overdose related","not involved","",,1,10Apr2023,1,0,,1,1,0,0,0,0,0,0,0,0,0,0,0,0,0,0,0,0,1,1,0,0,0,0,0,0,0,0,0,0,0,0,0,0,"WA | KING","53","033","53033"
"800218","Public Health of Seattle and King County","Seattle","King County","WA","Washington",05Apr2023,"spatula","spatula","methamphetamine",0,0,0,1,0,1,0,0,0,"",0,"powder; crystals",,,1,,1,,"",,,,,,,,,,,"","","unknown",,"",,1,14Apr2023,1,1,,3,2,0,0,0,0,0,1,1,0,0,0,0,0,0,0,0,0,0,0,0,0,0,0,0,0,0,0,0,0,0,0,0,0,"WA | KING","53","033","53033"
"800522","Robert Clewis Center","Seattle","King County","WA","Washington",16Mar2023,"spatula","spatula","ketamine",0,0,0,0,0,0,0,0,1,"white",0,"crystals",,,,,1,,"nice; normal","normal",,,,,1,,,,,"","","not overdose related","not involved","",,1,30Mar2023,1,0,,1,1,0,0,0,0,0,0,0,0,0,0,0,0,0,0,0,0,1,1,0,0,0,0,0,0,0,0,0,0,0,0,0,0,"WA | KING","53","033","53033"
"800962","Public Health of Seattle and King County","Seattle","King County","WA","Washington",07Apr2023,"spatula","spatula","fentanyl",1,1,0,0,0,0,0,0,0,"white",0,"rock; powder",,,1,,,,"",,,,,,,,,,,"China White","","unknown",,"",,1,14Apr2023,1,0,,2,2,1,1,0,0,0,0,0,0,0,0,0,0,0,0,0,0,0,0,0,0,0,1,0,0,0,0,0,0,0,1,0,0,"WA | KING","53","033","53033"
"800876","Robert Clewis Center","Seattle","King County","WA","Washington",04Apr2023,"spatula","spatula","fentanyl",1,1,0,0,0,0,0,0,0,"blue",1,"fake pill; pill",,1,,,,,"normal","normal",,,,,,,,,,"M30","","not overdose related","not involved","",,1,14Apr2023,1,0,,4,4,1,1,0,0,0,0,0,0,0,0,0,0,0,0,0,0,0,0,0,0,0,1,0,0,0,0,0,0,0,1,0,0,"WA | KING","53","033","53033"
"800984","Robert Clewis Center","Seattle","King County","WA","Washington",16Mar2023,"spatula","spatula","heroin",1,0,0,0,0,0,0,0,0,"black",0,"tar",,,,,,,"normal","normal",,,,,,,,,,"","","not overdose related","not involved","",,1,31Mar2023,1,1,,2,1,0,0,0,0,0,0,0,0,0,0,0,0,0,0,0,0,0,0,0,0,0,1,0,0,0,0,0,1,0,0,0,0,"WA | KING","53","033","53033"
"800252","Public Health of Seattle and King County","Seattle","King County","WA","Washington",22Feb2023,"other","other","LSD",0,0,0,0,0,0,0,0,1,"yellow",1,"oil/wax",,,,,,,"",,,,,,,,,,,"liquid","","not overdose related","not involved","",,1,07Apr2023,0,1,,3,0,0,0,0,0,0,0,0,0,0,0,0,0,0,0,0,0,0,0,0,1,0,1,0,0,0,0,0,0,0,0,0,0,"WA | KING","53","033","53033"
"800175","Public Health of Seattle and King County","Seattle","King County","WA","Washington",30Dec2022,"spatula","spatula","XANAX",0,0,0,0,1,0,0,0,0,"green",1,"pill",,1,,,,,"",,,,,,,,,,,"green pill S903","","not overdose related","not involved","",,1,09Jan2023,1,0,,3,3,0,0,0,0,0,0,0,0,0,0,0,0,0,0,0,0,1,1,0,1,0,0,0,0,0,0,0,0,0,0,0,0,"WA | KING","53","033","53033"
"800184","Public Health of Seattle and King County","Seattle","King County","WA","Washington",04Jan2023,"pill","pill","benzodiazepine",0,0,0,0,1,0,0,0,0,"white",0,"pill",,1,,,,,"",,,,,,,,,,,"V 2090","","unknown",,"",,1,10Jan2023,1,1,,4,2,0,0,0,0,0,0,0,1,1,0,0,0,0,0,0,0,0,0,1,0,0,0,0,0,0,0,0,0,0,0,0,0,"WA | KING","53","033","53033"
"800189","Public Health of Seattle and King County","Seattle","King County","WA","Washington",17Feb2023,"spatula","spatula","cocaine",0,0,0,1,0,0,1,0,0,"white",0,"powder",,,1,,,,"",,,,,,,,,,,"","","not overdose related","not involved","",,1,21Mar2023,1,1,,3,1,0,0,0,0,0,0,0,1,1,0,0,0,0,0,0,0,0,0,0,0,0,0,0,0,0,1,0,0,0,0,0,0,"WA | KING","53","033","53033"
"800172","Public Health of Seattle and King County","Seattle","King County","WA","Washington",16Dec2022,"pill","pill","caffeine",0,0,0,0,0,0,0,0,0,"light blue",1,"pill",,1,,,,,"",,,,,,,,,,,"","not taken","not overdose related","not involved","",,1,06Jan2023,1,0,,2,2,0,0,0,0,0,1,1,0,0,1,0,0,0,0,0,0,0,0,0,0,0,0,0,0,0,0,1,0,0,0,0,0,"WA | KING","53","033","53033"
"800191","Public Health of Seattle and King County","Seattle","King County","WA","Washington",09Dec2022,"unknown","unknown","2C-B",0,0,0,0,0,0,0,0,0,"brown",0,"powder",,,1,,,,"normal; nice","normal",,,,,1,,,,,"","","not overdose related","not involved","",,1,04Jan2023,1,1,,3,2,0,0,0,0,0,0,0,0,0,0,0,0,0,0,0,0,0,0,0,0,0,0,0,0,0,0,0,0,0,0,0,0,"WA | KING","53","033","53033"
"800141","Public Health of Seattle and King County","Seattle","King County","WA","Washington",09Dec2022,"unknown","unknown","MDMA",0,0,0,0,0,0,0,0,1,"off-white",0,"powder; shiny",,,1,,,"shiny","",,,,,,,,,,,"","","not overdose related","not involved","",,1,05Jan2023,1,1,,3,1,0,0,0,0,0,0,1,0,0,0,0,0,1,0,0,0,0,0,0,0,0,0,0,0,0,0,0,0,0,0,0,0,"WA | KING","53","033","53033"
"800514","Robert Clewis Center","Seattle","King County","WA","Washington",04Apr2023,"unknown","unknown","fentanyl",1,1,0,0,0,0,0,0,0,"blue",1,"fake pill",,1,,,,,"",,,,,,,,,,,"","","not overdose related","not involved","",,1,14Apr2023,1,1,,5,4,1,1,0,0,0,0,0,0,0,0,0,0,0,0,0,0,0,0,0,0,0,1,0,0,0,0,0,0,0,1,0,0,"WA | KING","53","033","53033"
"800190","Public Health of Seattle and King County","Seattle","King County","WA","Washington",09Dec2022,"swab","swab","fentanyl",1,1,0,0,0,0,0,0,0,"blue",1,"pill",,1,,,,,"",,,,,,,,,,,"M30 pill","","unknown",,"",,1,10Jan2023,1,1,,4,2,1,1,0,0,0,0,0,0,0,0,0,0,0,0,0,0,0,0,0,0,0,1,0,0,0,0,0,0,0,1,0,0,"WA | KING","53","033","53033"
"800170","Public Health of Seattle and King County","Seattle","King County","WA","Washington",09Dec2022,"spatula","spatula","benzodiazepine",0,0,0,0,1,0,0,0,0,"green",1,"pill",,1,,,,,"",,,,,,,,,,,"XANAX bar","","unknown",,"",,1,04Jan2023,1,0,,2,2,0,0,0,0,0,1,1,0,0,0,0,0,0,0,0,0,0,0,1,0,0,0,0,0,0,0,0,0,0,0,0,0,"WA | KING","53","033","53033"
"800427","Robert Clewis Center","Seattle","King County","WA","Washington",16Mar2023,"spatula","spatula","MDMA",0,0,0,0,0,0,0,0,1,"light purple",1,"crystals",,,,,1,,"normal","normal",,,,,,,,,,"","","not overdose related","not involved","",,1,30Mar2023,1,0,,1,1,0,0,0,0,0,0,0,0,0,0,0,0,1,0,0,0,0,0,0,0,0,0,0,0,0,0,0,0,0,0,0,0,"WA | KING","53","033","53033"
"800253","Public Health of Seattle and King County","Seattle","King County","WA","Washington",25Jan2023,"swab","swab","MDMA",0,0,0,0,0,0,0,0,1,"white",0,"crystals",,,,,1,,"",,,,,,,,,,,"","","unknown",,"",,1,20Mar2023,1,1,,4,2,0,0,0,0,0,0,1,0,1,0,0,0,1,0,0,0,1,1,0,0,0,0,0,0,0,0,0,0,0,0,0,0,"WA | KING","53","033","53033"
"800404","Seattle","Seattle","King County","WA","Washington",14Apr2023,"spatula","spatula","fentanyl",1,1,0,0,0,0,0,0,0,"blue",1,"pill",,1,,,,,"",,,,,,,,,,,"crushed pill","","unknown",,"",,1,19Apr2023,1,1,,6,3,1,1,0,0,0,0,0,0,0,0,0,0,0,0,0,0,0,0,0,0,0,1,0,0,0,0,0,0,0,1,0,0,"WA | KING","53","033","53033"
"800193","Public Health of Seattle and King County","Seattle","King County","WA","Washington",03Jan2023,"swab","swab","fentanyl",1,1,0,0,0,0,0,0,0,"blue",1,"pill",,1,,,,,"",,,,,,,,,,,"M30","","unknown",,"",,1,10Jan2023,1,1,,3,2,1,1,0,0,0,0,0,0,0,0,0,0,0,0,0,0,0,0,0,0,0,1,0,0,0,0,0,0,0,1,0,0,"WA | KING","53","033","53033"
"800246","Public Health of Seattle and King County","Seattle","King County","WA","Washington",04Apr2023,"swab","swab","methamphetamine",0,0,0,1,0,1,0,0,0,"clear",0,"crystals",,,,,1,,"",,,,,1,,,,,,"","sleepy time","not overdose related","not involved","",,1,14Apr2023,1,0,,1,1,0,0,0,0,0,1,1,0,0,0,0,0,0,0,0,0,0,0,0,0,0,0,0,0,0,0,0,0,0,0,0,0,"WA | KING","53","033","53033"
"800182","Public Health of Seattle and King County","Seattle","King County","WA","Washington",30Dec2022,"spatula","spatula","benzodiazepine",0,0,0,0,1,0,0,0,0,"green",1,"pill",,1,,,,,"",,,,,,,,,,,"","","unknown",,"",,1,06Jan2023,1,0,,1,1,0,0,0,0,0,0,0,0,0,0,0,0,0,0,0,0,0,0,1,0,0,0,0,0,0,0,0,0,0,0,0,0,"WA | KING","53","033","53033"
"800160","Public Health of Seattle and King County","Seattle","King County","WA","Washington",06Jan2023,"spatula","spatula","2C-B",0,0,0,0,0,0,0,0,0,"orange",1,"pill",,1,,,,,"",,,,,,,,,,,"Batman oval pill","","not overdose related","not involved","",,1,25Jan2023,1,1,,2,1,0,0,0,0,0,0,0,0,0,0,0,0,1,0,0,0,0,0,0,0,0,0,0,0,0,0,0,0,0,0,0,0,"WA | KING","53","033","53033"
"800985","Robert Clewis Center","Seattle","King County","WA","Washington",04Apr2023,"spatula","spatula","methamphetamine",0,0,0,1,0,1,0,0,0,"clear",0,"crystals",,,,,1,,"normal","normal",,,,,,,,,,"","","not overdose related","not involved","",,1,14Apr2023,1,0,,2,2,0,0,0,0,0,1,1,0,0,0,0,0,0,0,0,0,1,1,0,0,0,0,0,0,0,0,0,0,0,0,0,0,"WA | KING","53","033","53033"
"800908","Robert Clewis Center","Seattle","King County","WA","Washington",16Mar2023,"spatula","spatula","heroin",1,0,0,0,0,0,0,0,0,"black",0,"tar",,,,,,,"normal","normal",,,,,,,,,,"","","not overdose related","not involved","",,1,31Mar2023,1,1,,3,1,0,0,0,0,0,0,0,0,0,0,0,0,0,0,0,0,0,0,0,0,0,1,0,0,0,0,0,1,0,0,0,0,"WA | KING","53","033","53033"
"800693","Seattle","Seattle","King County","WA","Washington",14Apr2023,"spatula","spatula","methamphetamine",0,0,0,1,0,1,0,0,0,"white",0,"crystals",,,,,1,,"",,,,,,,,,,,"","","unknown",,"",,1,19Apr2023,1,0,,1,1,0,0,0,0,0,1,1,0,0,0,0,0,0,0,0,0,0,0,0,0,0,0,0,0,0,0,0,0,0,0,0,0,"WA | KING","53","033","53033"
"800978","Robert Clewis Center","Seattle","King County","WA","Washington",28Mar2023,"spatula","spatula","fentanyl",1,1,0,0,0,0,0,0,0,"white",0,"powder",,,1,,,,"normal","normal",,,,,,,,,,"","","not overdose related","not involved","",,1,10Apr2023,1,1,,5,2,1,1,0,0,0,0,0,0,0,0,0,0,0,0,0,0,0,0,0,0,0,1,0,0,0,0,0,0,0,1,0,0,"WA | KING","53","033","53033"
"800765","Robert Clewis Center","Seattle","King County","WA","Washington",28Mar2023,"spatula","spatula","fentanyl",1,1,0,0,0,0,0,0,0,"white",0,"powder",,,1,,,,"",,,,,,,,,,,"","","involved in OD","Overdose reported","combined with benzo led to fatal OD",1,1,10Apr2023,1,1,,4,2,1,1,0,0,0,0,0,0,0,0,0,0,0,0,0,0,0,0,0,0,0,1,0,0,0,0,0,0,0,1,0,0,"WA | KING","53","033","53033"
"800146","Public Health of Seattle and King County","Seattle","King County","WA","Washington",09Dec2022,"spatula","spatula","benzodiazepine",0,0,0,0,1,0,0,0,0,"yellow",1,"pill",,1,,,,,"stronger","stronger",,,,,,,,,,"","","not overdose related","not involved","",,1,04Jan2023,1,0,,1,1,0,0,0,0,0,0,0,0,0,0,0,0,0,0,0,0,0,0,1,0,0,0,0,0,0,0,0,0,0,0,0,0,"WA | KING","53","033","53033"
"800156","Public Health of Seattle and King County","Seattle","King County","WA","Washington",03Mar2023,"spatula","spatula","heroin",1,0,0,0,0,0,0,0,0,"black",0,"tar",,,,,,,"",,,,,,,,,,,"","","unknown",,"",,1,30Mar2023,1,0,,2,2,0,0,0,0,0,0,0,0,0,0,0,0,0,0,0,0,0,0,0,0,0,1,0,0,0,0,0,1,0,0,0,0,"WA | KING","53","033","53033"
"800174","Public Health of Seattle and King County","Seattle","King County","WA","Washington",09Dec2022,"pill","pill","fentanyl",1,1,0,0,0,0,0,0,0,"blue",1,"pill",,1,,,,,"",,,,,,,,,,,"M30 pill","","unknown",,"",,1,04Jan2023,1,1,,6,4,1,1,0,0,0,0,1,0,0,0,0,0,0,0,0,0,0,0,0,0,0,1,0,0,0,0,0,0,0,1,0,0,"WA | KING","53","033","53033"
"800131","Public Health of Seattle and King County","Seattle","King County","WA","Washington",09Dec2022,"spatula","spatula","fentanyl",1,1,0,0,0,0,0,0,0,"blue",1,"pill",,1,,,,,"",,,,,,,,,,,"M30 pill","","unknown",,"",,1,04Jan2023,1,1,,4,3,1,1,0,0,0,0,0,0,0,0,0,0,0,0,0,0,0,0,0,0,0,1,0,0,0,0,0,0,0,1,0,0,"WA | KING","53","033","53033"
"800216","Public Health of Seattle and King County","Seattle","King County","WA","Washington",04Apr2023,"spatula","spatula","fentanyl",1,1,0,0,0,0,0,0,0,"white",0,"rock",,,,,,,"stronger","stronger",,,,,,,,,,"","","not overdose related","not involved","",,1,14Apr2023,1,0,,3,3,1,1,0,0,0,0,0,0,0,0,0,0,0,0,0,0,0,0,0,0,0,1,0,0,0,0,0,0,0,1,0,0,"WA | KING","53","033","53033"
"800165","Public Health of Seattle and King County","Seattle","King County","WA","Washington",04Jan2023,"pill","pill","benzodiazepine; unknown",0,0,0,0,1,0,0,0,0,"yellow",1,"pill",,1,,,,,"normal","normal",,,,,,,,,,"pill 3-C M","","unknown",,"",,1,10Jan2023,1,0,,1,1,0,0,0,0,0,0,0,0,0,0,0,0,0,0,0,0,0,0,0,1,0,0,0,0,0,0,0,0,0,0,0,0,"WA | KING","53","033","53033"
"800105","Public Health of Seattle and King County","Seattle","King County","WA","Washington",21Dec2022,"spatula","spatula","ketamine",0,0,0,0,0,0,0,0,1,"white",0,"crystals",,,,,1,,"",,,,,,,,,,,"","","unknown",,"",,1,09Jan2023,1,1,,2,1,0,0,0,0,0,0,0,0,0,0,0,0,0,0,0,0,1,1,0,0,0,0,0,0,0,0,0,0,0,0,0,0,"WA | KING","53","033","53033"
"800127","Public Health of Seattle and King County","Seattle","King County","WA","Washington",09Dec2022,"swab","swab","unknown",0,0,0,0,0,0,0,0,0,"black",0,"tar",1,,,,,,"",,,,,,,,,,,"black tar, coal-like","","unknown",,"",,1,25Jan2023,1,1,,8,4,0,1,0,0,0,0,0,0,0,0,0,0,0,0,0,0,0,0,0,0,0,1,0,0,0,0,0,1,0,1,0,0,"WA | KING","53","033","53033"
"800493","Robert Clewis Center","Seattle","King County","WA","Washington",09Mar2023,"swab","swab","fentanyl",1,1,0,0,0,0,0,0,0,"blue",1,"pill",,1,,,,,"normal","normal",,,,,,,,,,"pill residue from foil, pill that has been smoke","","not overdose related","not involved","",,1,13Apr2023,1,1,,5,4,1,1,0,0,0,1,1,0,0,0,0,0,0,0,0,0,0,0,0,0,0,1,0,0,0,0,0,0,0,1,0,0,"WA | KING","53","033","53033"
"800537","Robert Clewis Center","Seattle","King County","WA","Washington",23Mar2023,"spatula","spatula","methamphetamine",0,0,0,1,0,1,0,0,0,"orange",1,"pill",,1,,,,,"normal","normal",,,,,,,,,,"","","not overdose related","not involved","",,1,10Apr2023,1,0,,1,1,0,0,0,0,0,1,1,0,0,0,0,0,0,0,0,0,0,0,0,0,0,0,0,0,0,0,0,0,0,0,0,0,"WA | KING","53","033","53033"
"800119","Public Health of Seattle and King County","Seattle","King County","WA","Washington",09Dec2022,"spatula","spatula","heroin",1,0,0,0,0,0,0,0,0,"black; brown",0,"tar",,,,,,,"",,,,,,,,,,,"","","unknown",,"",,1,04Jan2023,1,1,,3,2,1,1,0,0,0,0,0,0,0,0,0,0,0,0,0,0,0,0,0,0,0,1,0,0,0,0,1,1,0,0,0,0,"WA | KING","53","033","53033"
"800143","Public Health of Seattle and King County","Seattle","King County","WA","Washington",09Dec2022,"swab","swab","heroin",1,0,0,0,0,0,0,0,0,"black",0,"tar",,,,,,,"normal","normal",,,,,,,,,,"","","unknown",,"",,1,04Jan2023,1,1,,4,3,0,0,0,0,0,0,0,0,0,0,0,0,0,0,0,0,0,0,0,0,0,1,0,0,0,0,0,1,0,0,0,0,"WA | KING","53","033","53033"
"800267","Public Health of Seattle and King County","Seattle","King County","WA","Washington",27Jan2023,"spatula","spatula","unknown",0,0,0,0,0,0,0,0,0,"yellow",1,"oil/wax",,,,,,,"",,,,,,,,,,,"","","unknown",,"",,1,31Jan2023,1,0,,1,1,0,0,0,0,0,0,0,0,0,0,0,0,0,0,0,0,0,0,0,0,0,0,0,0,0,0,0,0,0,0,0,0,"WA | KING","53","033","53033"
"800238","Public Health of Seattle and King County","Seattle","King County","WA","Washington",15Feb2023,"spatula","spatula","methamphetamine",0,0,0,1,0,1,0,0,0,"",0,"powder; dull",,,1,,,"dull","more down",,,,,1,,,,,,"","","not overdose related","not involved","",,1,22Mar2023,1,0,,1,1,0,0,0,0,0,1,1,0,0,0,0,0,0,0,0,0,0,0,0,0,0,0,0,0,0,0,0,0,0,0,0,0,"WA | KING","53","033","53033"
"800152","Public Health of Seattle and King County","Seattle","King County","WA","Washington",04Jan2023,"pill","pill","fentanyl",1,1,0,0,0,0,0,0,0,"blue",1,"pill",,1,,,,,"normal","normal",,,,,,,,,,"M30","","unknown",,"",,1,10Jan2023,1,1,,3,2,1,1,0,0,0,0,0,0,0,0,0,0,0,0,0,0,0,0,0,0,0,1,0,0,0,0,0,0,0,1,0,0,"WA | KING","53","033","53033"
"800123","Public Health of Seattle and King County","Seattle","King County","WA","Washington",04Jan2023,"unknown","unknown","crack",0,0,0,1,0,0,1,0,0,"white",0,"crystals",,,,,1,,"more down",,,,,1,,,,,,"","","not overdose related","not involved","",,1,09Jan2023,1,1,,3,1,0,0,0,0,0,0,0,1,1,0,0,0,0,0,0,0,0,0,0,0,0,0,0,0,0,1,0,0,0,0,0,0,"WA | KING","53","033","53033"
"800675","Seattle","Seattle","King County","WA","Washington",14Apr2023,"spatula","spatula","cocaine",0,0,0,1,0,0,1,0,0,"white",0,"powder; chunky",,,1,,,,"",,,,,,,,,,,"","","not overdose related","not involved","",,1,19Apr2023,1,1,,2,1,0,0,0,0,0,0,0,1,1,0,0,0,0,0,0,0,0,0,0,0,0,0,0,0,0,0,0,0,0,0,0,0,"WA | KING","53","033","53033"
"800480","Robert Clewis Center","Seattle","King County","WA","Washington",16Mar2023,"spatula","spatula","cocaine",0,0,0,1,0,0,1,0,0,"white",0,"powder; chunky",,,1,,,,"normal; nice","normal",,,,,1,,,,,"","","not overdose related","not involved","",,1,30Mar2023,1,0,,1,1,0,0,0,0,0,0,0,1,1,0,0,0,0,0,0,0,0,0,0,0,0,0,0,0,0,0,0,0,0,0,0,0,"WA | KING","53","033","53033"
"800171","Public Health of Seattle and King County","Seattle","King County","WA","Washington",09Dec2022,"swab","swab","ketamine",0,0,0,0,0,0,0,0,1,"white",0,"powder",,,1,,,,"",,,,,,,,,,,"","","unknown",,"",,1,04Jan2023,1,1,,2,1,0,0,0,0,0,0,0,0,0,0,0,0,0,0,0,0,1,1,0,0,0,0,0,0,0,0,0,0,0,0,0,0,"WA | KING","53","033","53033"
"800130","Public Health of Seattle and King County","Seattle","King County","WA","Washington",27Jan2023,"spatula","spatula","methamphetamine",0,0,0,1,0,1,0,0,0,"white",0,"crystals",,,,,1,,"",,,,,,,,,,,"","","unknown",,"",,1,31Jan2023,1,0,,1,1,0,0,0,0,0,1,1,0,0,0,0,0,0,0,0,0,0,0,0,0,0,0,0,0,0,0,0,0,0,0,0,0,"WA | KING","53","033","53033"
"800133","Public Health of Seattle and King County","Seattle","King County","WA","Washington",15Feb2023,"swab","swab","methamphetamine",0,0,0,1,0,1,0,0,0,"",0,"crystals",,,,,1,,"normal","normal",,,,,,,,,,"","","unknown",,"",,1,22Mar2023,1,0,,1,1,0,0,0,0,0,1,1,0,0,0,0,0,0,0,0,0,0,0,0,0,0,0,0,0,0,0,0,0,0,0,0,0,"WA | KING","53","033","53033"
"800149","Public Health of Seattle and King County","Seattle","King County","WA","Washington",30Dec2022,"spatula","spatula","methamphetamine",0,0,0,1,0,1,0,0,0,"",0,"crystals",,,,,1,,"normal","normal",,,,,,,,,,"","","not overdose related","not involved","",,1,09Jan2023,1,0,,1,1,0,0,0,0,0,1,1,0,0,0,0,0,0,0,0,0,0,0,0,0,0,0,0,0,0,0,0,0,0,0,0,0,"WA | KING","53","033","53033"
"800117","Public Health of Seattle and King County","Seattle","King County","WA","Washington",10Feb2023,"pill","pill","unknown",0,0,0,0,0,0,0,0,0,"white",0,"pill",,1,,,,,"",,,,,,,,,,,"","","unknown",,"",,1,16Mar2023,1,1,,2,1,0,0,0,0,0,0,0,0,0,1,0,0,0,0,0,0,0,0,0,0,0,0,0,0,0,0,1,0,0,0,0,0,"WA | KING","53","033","53033"
"800898","Robert Clewis Center","Seattle","King County","WA","Washington",23Mar2023,"spatula","spatula","fentanyl",1,1,0,0,0,0,0,0,0,"white",0,"powder",,,1,,,,"normal","normal",,,,,,,,,,"","","involved in OD","Overdose reported","combined with benzo led to fatal OD",1,1,10Apr2023,1,1,,5,2,1,1,0,0,0,0,0,0,1,0,0,0,0,0,0,0,0,0,0,0,0,1,0,0,0,0,0,0,0,1,0,0,"WA | KING","53","033","53033"
"800770","Robert Clewis Center","Seattle","King County","WA","Washington",23Mar2023,"spatula","spatula","fentanyl",1,1,0,0,0,0,0,0,0,"white",0,"powder",,,1,,,,"",,,,,,,,,,,"","energetic","not overdose related","not involved","",,1,10Apr2023,1,1,,5,2,1,1,0,0,0,0,0,0,0,0,0,0,0,0,0,0,0,0,0,0,0,1,0,0,0,0,0,0,0,1,0,0,"WA | KING","53","033","53033"
"800155","Public Health of Seattle and King County","Seattle","King County","WA","Washington",31Mar2023,"swab","swab","ketamine",0,0,0,0,0,0,0,0,1,"white",0,"powder",,,1,,,,"",,,,,,,,,,,"","","not overdose related","not involved","",,1,10Apr2023,1,0,,1,1,0,0,0,0,0,0,0,0,0,0,0,0,0,0,0,0,1,1,0,0,0,0,0,0,0,0,0,0,0,0,0,0,"WA | KING","53","033","53033"
"800750","Robert Clewis Center","Seattle","King County","WA","Washington",23Mar2023,"spatula","spatula","crack",0,0,0,1,0,0,1,0,0,"white",0,"crystals",,,,,1,,"normal","normal",,,,,,,,,,"","","not overdose related","not involved","",,1,10Apr2023,1,1,,5,1,0,0,0,0,0,0,0,1,1,0,0,0,0,0,0,0,0,0,0,0,0,0,0,0,0,1,1,0,0,0,0,0,"WA | KING","53","033","53033"
"800196","Public Health of Seattle and King County","Seattle","King County","WA","Washington",04Jan2023,"unknown","unknown","MDMA",0,0,0,0,0,0,0,0,1,"brown",0,"crystals",,,,,1,,"normal","normal",,,,,,,,,,"","","unknown",,"",,1,10Jan2023,1,1,,2,1,0,0,0,0,0,0,1,0,0,0,0,0,1,0,0,0,0,0,0,0,0,0,0,0,0,0,0,0,0,0,0,0,"WA | KING","53","033","53033"
"800125","Public Health of Seattle and King County","Seattle","King County","WA","Washington",27Jan2023,"swab","swab","MDA",0,0,0,0,0,0,0,0,1,"gray",0,"crystals",,,,,1,,"normal","normal",,,,,,,,,,"","","not overdose related","not involved","",,1,30Jan2023,1,0,,2,2,0,0,0,0,0,0,0,0,0,0,0,0,0,0,0,0,1,1,0,0,0,0,0,0,0,0,0,0,0,0,0,0,"WA | KING","53","033","53033"
"800153","Public Health of Seattle and King County","Seattle","King County","WA","Washington",16Dec2022,"spatula","spatula","ketamine",0,0,0,0,0,0,0,0,1,"white",0,"crystals; powder; flaky; dull",,,1,,1,"dull","normal","normal",,,,,,,,,,"","","not overdose related","not involved","",,1,05Jan2023,1,1,,2,1,0,0,0,0,0,0,0,0,0,0,0,0,0,0,0,0,1,1,0,0,0,0,0,0,0,0,0,0,0,0,0,0,"WA | KING","53","033","53033"
"800186","Public Health of Seattle and King County","Seattle","King County","WA","Washington",09Dec2022,"swab","swab","methamphetamine",0,0,0,1,0,1,0,0,0,"clear",0,"crystals",,,,,1,,"normal","normal",,,,,,,,,,"","","not overdose related","not involved","",,1,04Jan2023,1,0,,1,1,0,0,0,0,0,1,1,0,0,0,0,0,0,0,0,0,0,0,0,0,0,0,0,0,0,0,0,0,0,0,0,0,"WA | KING","53","033","53033"
"800102","Public Health of Seattle and King County","Seattle","King County","WA","Washington",04Jan2023,"spatula","spatula","unknown",0,0,0,0,0,0,0,0,0,"",0,"crystals; powder",,,1,,1,,"",,,,,,,,,,,"","","unknown",,"",,1,10Jan2023,1,0,,1,1,0,0,0,0,0,1,1,0,0,0,0,0,0,0,0,0,0,0,0,0,0,0,0,0,0,0,0,0,0,0,0,0,"WA | KING","53","033","53033"
"800103","Public Health of Seattle and King County","Seattle","King County","WA","Washington",17Mar2023,"spatula","spatula","heroin",1,0,0,0,0,0,0,0,0,"brown",0,"tar",,,,,,,"",,,,,,,,,,,"","","not overdose related","not involved","",,1,31Mar2023,1,1,,2,1,0,0,0,0,0,0,0,0,0,0,0,0,0,0,0,0,0,0,0,0,0,1,0,0,0,0,0,1,0,0,0,0,"WA | KING","53","033","53033"
"800107","Public Health of Seattle and King County","Seattle","King County","WA","Washington",24Mar2023,"spatula","spatula","amphetamine",0,0,0,0,0,0,0,0,0,"orange",1,"pill",,1,,,,,"normal","normal",,,,,,,,,,"orange round pill, Adderall","energetic","not overdose related","not involved","",,1,10Apr2023,1,0,,1,1,0,0,0,0,0,1,1,0,0,0,0,0,0,0,0,0,0,0,0,0,0,0,0,0,0,0,0,0,0,0,0,0,"WA | KING","53","033","53033"
"800110","Public Health of Seattle and King County","Seattle","King County","WA","Washington",24Mar2023,"unknown","unknown","methamphetamine",0,0,0,1,0,1,0,0,0,"clear",0,"crystals",,,,,1,,"",,,,,,,,,,,"","","unknown",,"",,1,10Apr2023,1,0,,1,1,0,0,0,0,0,1,1,0,0,0,0,0,0,0,0,0,0,0,0,0,0,0,0,0,0,0,0,0,0,0,0,0,"WA | KING","53","033","53033"
"800137","Public Health of Seattle and King County","Seattle","King County","WA","Washington",16Dec2022,"spatula","spatula","benzodiazepine",0,0,0,0,1,0,0,0,0,"white",0,"pill",,1,,,,,"",,,,,,,,,,,"","not taken","unknown",,"",,1,06Jan2023,1,0,,1,1,0,0,0,0,0,0,0,0,0,0,0,0,0,0,0,0,0,0,1,0,0,0,0,0,0,0,0,0,0,0,0,0,"WA | KING","53","033","53033"
"800162","Public Health of Seattle and King County","Seattle","King County","WA","Washington",03Mar2023,"swab","swab","unknown",0,0,0,0,0,0,0,0,0,"white",0,"powder",,,1,,,,"",,,,,,,,,,,"","","unknown",,"",,1,24Mar2023,1,1,,3,2,0,0,0,0,0,0,1,1,1,0,0,0,0,0,0,0,0,0,0,0,0,0,0,0,0,0,0,0,0,0,0,0,"WA | KING","53","033","53033"
"800112","Public Health of Seattle and King County","Seattle","King County","WA","Washington",09Dec2022,"spatula","spatula","DMT",0,0,0,0,0,0,0,0,1,"off-white",0,"powder; dull",,,1,,,"dull","nice",,,,,,1,,,,,"","","not overdose related","not involved","",,1,04Jan2023,1,1,,3,1,0,0,0,0,0,0,0,0,0,0,0,0,0,0,0,0,0,0,0,0,0,0,0,0,0,0,0,0,0,0,0,0,"WA | KING","53","033","53033"
"800142","Public Health of Seattle and King County","Seattle","King County","WA","Washington",16Dec2022,"spatula","spatula","MDMA",0,0,0,0,0,0,0,0,1,"brown",0,"dull; powder; crystals",,,1,,1,"dull","",,,,,,,,,,,"","","unknown",,"",,1,05Jan2023,1,0,,1,1,0,0,0,0,0,0,0,0,0,0,0,0,1,0,0,0,0,0,0,0,0,0,0,0,0,0,0,0,0,0,0,0,"WA | KING","53","033","53033"
"800167","Public Health of Seattle and King County","Seattle","King County","WA","Washington",10Feb2023,"spatula","spatula","unknown",0,0,0,0,0,0,0,0,0,"green",1,"",,,,,,,"",,,,,,,,,,,"green sugar gummy","","unknown",,"",,1,16Mar2023,1,0,,1,1,0,0,0,0,0,0,0,0,0,0,0,0,0,0,0,0,0,0,0,0,0,0,0,0,0,0,0,0,1,0,0,0,"WA | KING","53","033","53033"
"800154","Public Health of Seattle and King County","Seattle","King County","WA","Washington",10Mar2023,"spatula","spatula","ketamine",0,0,0,0,0,0,0,0,1,"white",0,"crystals",,,,,1,,"",,,,,,,,,,,"","","not overdose related","not involved","",,1,30Mar2023,1,0,,1,1,0,0,0,0,0,0,0,0,0,0,0,0,0,0,0,0,1,1,0,0,0,0,0,0,0,0,0,0,0,0,0,0,"WA | KING","53","033","53033"
"800737","Robert Clewis Center","Seattle","King County","WA","Washington",04Apr2023,"spatula","spatula","ketamine",0,0,0,0,0,0,0,0,1,"pink",1,"crystals",,,,,1,,"normal","normal",,,,,,,,,,"","","not overdose related","not involved","",,1,13Apr2023,1,0,,1,1,0,0,0,0,0,0,0,0,0,0,0,0,0,0,0,0,1,1,0,0,0,0,0,0,0,0,0,0,0,0,0,0,"WA | KING","53","033","53033"
"800168","Public Health of Seattle and King County","Seattle","King County","WA","Washington",15Mar2023,"spatula","spatula","fentanyl",1,1,0,0,0,0,0,0,0,"brown",0,"oil/wax",1,,,,,,"normal","normal",,,,,,,,,,"amber substance that had been burnt, was a powder","","not overdose related","not involved","",,1,13Apr2023,1,1,,5,4,1,1,0,0,0,0,0,0,0,0,0,0,0,0,0,0,0,0,0,0,0,1,0,0,0,0,0,0,0,1,0,0,"WA | KING","53","033","53033"
"800121","Public Health of Seattle and King County","Seattle","King County","WA","Washington",09Dec2022,"pill","pill","amphetamine",0,0,0,0,0,0,0,0,0,"orange",1,"pill",,1,,,,,"",,,,,,,,,,,"pressed oval Adderall 30mg pill","","unknown",,"",,1,04Jan2023,1,0,,1,1,0,0,0,0,0,1,1,0,0,0,0,0,0,0,0,0,0,0,0,0,0,0,0,0,0,0,0,0,0,0,0,0,"WA | KING","53","033","53033"
"800545","Robert Clewis Center","Seattle","King County","WA","Washington",07Mar2023,"unknown","unknown","benzodiazepine",0,0,0,0,1,0,0,0,0,"orange",1,"pill",,1,,,,,"",,,,,,,,,,,"orange capsule","","not overdose related","not involved","",,1,30Mar2023,1,0,,1,1,0,0,0,0,0,0,0,0,0,0,0,0,0,0,0,0,0,0,0,0,0,0,0,0,0,0,0,0,0,0,0,0,"WA | KING","53","033","53033"
"800176","Public Health of Seattle and King County","Seattle","King County","WA","Washington",30Dec2022,"spatula","spatula","ketamine",0,0,0,0,0,0,0,0,1,"white",0,"crystals",,,,,1,,"nice; weaker","weaker",,,,,1,,,,,"","heady, relaxing, euphoric, tasted salty","not overdose related","not involved","",,1,09Jan2023,1,1,,3,1,0,0,0,0,0,0,0,0,0,0,0,0,1,0,0,0,1,1,0,0,0,0,0,0,0,0,0,0,0,0,0,0,"WA | KING","53","033","53033"
"800147","Public Health of Seattle and King County","Seattle","King County","WA","Washington",17Feb2023,"spatula","spatula","MDMA",0,0,0,0,0,0,0,0,1,"",0,"crystals",,,,,1,,"",,,,,,,,,,,"","","unknown",,"",,1,21Mar2023,1,0,,1,1,0,0,0,0,0,0,0,0,0,0,0,0,1,0,0,0,0,0,0,0,0,0,0,0,0,0,0,0,0,0,0,0,"WA | KING","53","033","53033"
"800161","Public Health of Seattle and King County","Seattle","King County","WA","Washington",17Mar2023,"swab","swab","cocaine",0,0,0,1,0,0,1,0,0,"white",0,"powder",,,1,,,,"nice",,,,,,1,,,,,"","","not overdose related","not involved","",,1,30Mar2023,1,0,,1,1,0,0,0,0,0,0,0,1,1,0,0,0,0,0,0,0,0,0,0,0,0,0,0,0,0,0,0,0,0,0,0,0,"WA | KING","53","033","53033"
"800120","Public Health of Seattle and King County","Seattle","King County","WA","Washington",06Jan2023,"spatula","spatula","fentanyl; methamphetamine",1,1,0,1,0,1,0,0,0,"",0,"crystals",,,,,1,,"",,,,,,,,,,,"","","unknown",,"",,1,31Jan2023,1,0,,1,1,0,0,0,0,0,1,1,0,0,0,0,0,0,0,0,0,0,0,0,0,0,0,0,0,0,0,0,0,0,0,0,0,"WA | KING","53","033","53033"
"800727","Public Health of Seattle and King County","Seattle","King County","WA","Washington",07Apr2023,"spatula","spatula","cocaine",0,0,0,1,0,0,1,0,0,"white",0,"powder",,,1,,,,"",,,,,,,,,,,"","","not overdose related","not involved","",,1,13Apr2023,1,1,,2,1,0,0,0,0,0,0,0,1,1,0,0,0,0,0,0,0,0,0,0,0,0,0,0,0,0,0,0,0,0,0,0,0,"WA | KING","53","033","53033"
"800159","Public Health of Seattle and King County","Seattle","King County","WA","Washington",31Mar2023,"swab","swab","ketamine",0,0,0,0,0,0,0,0,1,"white",0,"crystals",,,,,1,,"",,,,,,,,,,,"","","not overdose related","not involved","",,1,10Apr2023,1,0,,1,1,0,0,0,0,0,0,0,0,0,0,0,0,0,0,0,0,1,1,0,0,0,0,0,0,0,0,0,0,0,0,0,0,"WA | KING","53","033","53033"
"800139","Public Health of Seattle and King County","Seattle","King County","WA","Washington",,"spatula","spatula","cocaine",0,0,0,1,0,0,1,0,0,"white",0,"powder",,,1,,,,"normal; nice","normal",,,,,1,,,,,"","","not overdose related","not involved","",,1,25Jan2023,1,1,,4,1,0,0,0,0,0,0,0,1,1,0,0,0,0,0,0,0,0,0,0,0,0,0,0,0,0,1,0,0,0,0,0,0,"WA | KING","53","033","53033"
"800650","Robert Clewis Center","Seattle","King County","WA","Washington",02Mar2023,"spatula","spatula","cocaine",0,0,0,1,0,0,1,0,0,"white",0,"powder",,,1,,,,"nice",,,,,,1,,,,,"","abnormally jittery, normal euphoria","not overdose related","not involved","",,1,21Mar2023,1,1,,5,1,0,0,0,0,0,0,0,1,1,0,0,0,0,0,0,0,0,0,0,0,0,0,0,0,0,1,0,0,0,0,0,0,"WA | KING","53","033","53033"
"800136","Public Health of Seattle and King County","Seattle","King County","WA","Washington",30Dec2022,"spatula","spatula","unknown",0,0,0,0,0,0,0,0,0,"white",0,"pill",,1,,,,,"",,,,,,,,,,,"white oval pill M 523 10/325","","unknown",,"",,1,09Jan2023,1,0,,3,3,1,1,0,0,0,0,0,0,0,0,0,0,0,0,0,0,0,0,0,0,0,1,0,0,0,0,0,0,0,1,0,0,"WA | KING","53","033","53033"
"800195","Public Health of Seattle and King County","Seattle","King County","WA","Washington",30Dec2022,"spatula","spatula","MDMA",0,0,0,0,0,0,0,0,1,"purple",1,"crystals",,,,,1,,"",,,,,,,,,,,"","","not overdose related","not involved","",,1,06Jan2023,1,0,,1,1,0,0,0,0,0,0,0,0,0,0,0,0,1,0,0,0,0,0,0,0,0,0,0,0,0,0,0,0,0,0,0,0,"WA | KING","53","033","53033"
"800179","Public Health of Seattle and King County","Seattle","King County","WA","Washington",16Dec2022,"spatula","spatula","ketamine",0,0,0,0,0,0,0,0,1,"white",0,"powder",,,1,,,,"",,,,,,,,,,,"","","unknown",,"",,1,09Jan2023,1,1,,2,1,0,0,0,0,0,0,0,0,0,0,0,0,0,0,0,0,1,1,0,0,0,0,0,0,0,0,0,0,0,0,0,0,"WA | KING","53","033","53033"
"800173","Public Health of Seattle and King County","Seattle","King County","WA","Washington",09Dec2022,"spatula","spatula","benzodiazepine",0,0,0,0,1,0,0,0,0,"white",0,"pill",,1,,,,,"",,,,,,,,,,,"white bar","","unknown",,"",,1,05Jan2023,1,0,,1,1,0,0,0,0,0,0,0,0,0,0,0,0,0,0,0,0,0,0,1,0,0,0,0,0,0,0,0,0,0,0,0,0,"WA | KING","53","033","53033"
"800187","Public Health of Seattle and King County","Seattle","King County","WA","Washington",27Jan2023,"spatula","spatula","MDMA",0,0,0,0,0,0,0,0,1,"light brown",0,"powder; chunky",,,1,,,,"",,,,,,,,,,,"","","unknown",,"",,1,30Jan2023,1,0,,1,1,0,0,0,0,0,0,0,0,0,0,0,0,1,0,0,0,0,0,0,0,0,0,0,0,0,0,0,0,0,0,0,0,"WA | KING","53","033","53033"
"800287","Public Health of Seattle and King County","Seattle","King County","WA","Washington",15Feb2023,"spatula","spatula","fentanyl",1,1,0,0,0,0,0,0,0,"blue",1,"pill",,1,,,,,"normal","normal",,,,,,,,,,"","","unknown",,"",,1,23Mar2023,1,1,,5,3,1,1,0,0,0,1,1,0,0,0,0,0,0,0,0,0,0,0,0,0,0,1,0,0,0,0,0,0,0,1,0,0,"WA | KING","53","033","53033"
"800151","Public Health of Seattle and King County","Seattle","King County","WA","Washington",10Feb2023,"spatula","spatula","MDMA",0,0,0,0,0,0,0,0,1,"brown",0,"crystals",,,,,1,,"",,,,,,,,,,,"","","unknown",,"",,1,20Mar2023,1,0,,1,1,0,0,0,0,0,0,0,0,0,0,0,0,1,0,0,0,0,0,0,0,0,0,0,0,0,0,0,0,0,0,0,0,"WA | KING","53","033","53033"
"800181","Public Health of Seattle and King County","Seattle","King County","WA","Washington",27Jan2023,"spatula","spatula","fentanyl; cocaine",1,1,0,1,0,0,1,0,0,"white",0,"powder; dull",,,1,,,"dull","",,,,,,,,,,,"","","involved in OD","Overdose reported","",,1,31Jan2023,1,1,,11,2,0,1,0,0,0,0,1,1,1,0,0,0,0,0,0,0,0,0,0,0,0,1,0,0,0,1,0,1,0,0,0,0,"WA | KING","53","033","53033"
"800197","Public Health of Seattle and King County","Seattle","King County","WA","Washington",07Apr2023,"spatula","spatula","methamphetamine",0,0,0,1,0,1,0,0,0,"clear",0,"crystals",,,,,1,,"",,,,,,,,,,,"","","unknown",,"",,1,14Apr2023,1,0,,1,1,0,0,0,0,0,1,1,0,0,0,0,0,0,0,0,0,0,0,0,0,0,0,0,0,0,0,0,0,0,0,0,0,"WA | KING","53","033","53033"
"800229","Public Health of Seattle and King County","Seattle","King County","WA","Washington",10Feb2023,"spatula","spatula","MDMA",0,0,0,0,0,0,0,0,1,"purple",1,"crystals",,,,,1,,"",,,,,,,,,,,"","","unknown",,"",,1,20Mar2023,1,1,,2,1,0,0,0,0,0,0,0,0,0,0,0,0,1,0,0,0,1,0,0,0,0,0,0,0,0,0,0,0,0,0,0,0,"WA | KING","53","033","53033"
"800241","Public Health of Seattle and King County","Seattle","King County","WA","Washington",05Apr2023,"swab","swab","methamphetamine",0,0,0,1,0,1,0,0,0,"clear",0,"crystals; powder",,,1,,1,,"weird",,1,,,,,,,,,"","","unknown",,"",,1,14Apr2023,1,0,,1,1,0,0,0,0,0,1,1,0,0,0,0,0,0,0,0,0,0,0,0,0,0,0,0,0,0,0,0,0,0,0,0,0,"WA | KING","53","033","53033"
"800243","Public Health of Seattle and King County","Seattle","King County","WA","Washington",21Mar2023,"swab","swab","fentanyl",1,1,0,0,0,0,0,0,0,"white",0,"powder; dull",,,1,,,"dull","",,,,,,,,,,,"fine powder","","unknown",,"",,1,07Apr2023,1,1,,5,3,1,1,0,0,0,0,0,1,1,0,0,0,0,0,0,0,0,0,0,0,0,1,0,0,0,0,0,0,0,1,0,0,"WA | KING","53","033","53033"
"800271","Public Health of Seattle and King County","Seattle","King County","WA","Washington",15Feb2023,"spatula","spatula","cocaine",0,0,0,1,0,0,1,0,0,"white",0,"powder",,,1,,,,"normal","normal",,,,,,,,,,"","","unknown",,"",,1,17Mar2023,1,1,,4,1,0,0,0,0,0,0,0,1,1,0,0,0,0,0,0,0,0,0,0,0,0,0,0,0,0,1,0,0,0,0,0,0,"WA | KING","53","033","53033"
"800277","Public Health of Seattle and King County","Seattle","King County","WA","Washington",27Jan2023,"swab","swab","methamphetamine",0,0,0,1,0,1,0,0,0,"clear",0,"crystals",,,,,1,,"",,,,,,,,,,,"","","unknown",,"",,1,31Jan2023,1,1,,3,1,0,0,0,0,0,0,0,1,1,0,0,0,0,0,0,0,1,0,0,0,0,0,0,0,0,0,0,0,0,0,0,0,"WA | KING","53","033","53033"
"800278","Public Health of Seattle and King County","Seattle","King County","WA","Washington",25Jan2023,"spatula","spatula","cathinone (bath salts)",0,0,0,0,0,0,0,0,0,"off-white",0,"crystals",,,,,1,,"",,,,,,,,,,,"","","unknown",,"",,1,07Apr2023,0,0,1,0,0,0,0,0,0,0,0,0,0,0,0,0,0,0,0,0,0,0,0,0,0,0,0,0,0,0,0,0,0,0,0,0,0,"WA | KING","53","033","53033"
"800166","Public Health of Seattle and King County","Seattle","King County","WA","Washington",03Mar2023,"spatula","spatula","methamphetamine",0,0,0,1,0,1,0,0,0,"white",0,"crystals",,,,,1,,"",,,,,,,,,,,"","","not overdose related","not involved","",,1,24Mar2023,1,0,,1,1,0,0,0,0,0,1,1,0,0,0,0,0,0,0,0,0,0,0,0,0,0,0,0,0,0,0,0,0,0,0,0,0,"WA | KING","53","033","53033"
"800214","Public Health of Seattle and King County","Seattle","King County","WA","Washington",27Jan2023,"spatula","spatula","MDMA",0,0,0,0,0,0,0,0,1,"purple",1,"crystals",,,,,1,,"",,,,,,,,,,,"","","unknown",,"",,1,31Jan2023,1,0,,1,1,0,0,0,0,0,0,0,0,0,0,0,0,1,0,0,0,0,0,0,0,0,0,0,0,0,0,0,0,0,0,0,0,"WA | KING","53","033","53033"
"800178","Public Health of Seattle and King County","Seattle","King County","WA","Washington",10Feb2023,"spatula","spatula","unknown",0,0,0,0,0,0,0,0,0,"white",0,"powder",,,1,,,,"",,,,,,,,,,,"","","unknown",,"",,1,16Mar2023,1,1,,2,1,0,0,0,0,0,0,0,0,0,0,0,0,0,0,0,0,1,1,0,0,0,0,0,0,0,0,0,0,0,0,0,0,"WA | KING","53","033","53033"
"800150","Public Health of Seattle and King County","Seattle","King County","WA","Washington",16Dec2022,"spatula","spatula","cocaine",0,0,0,1,0,0,1,0,0,"white",0,"crystals",,,,,1,,"",,,,,,,,,,,"","","unknown",,"",,1,09Jan2023,1,1,,3,1,0,0,0,0,0,0,0,1,1,0,0,0,0,0,0,0,0,0,0,0,0,0,0,0,0,1,0,0,0,0,0,0,"WA | KING","53","033","53033"
"800462","Seattle","Seattle","King County","WA","Washington",14Apr2023,"spatula","spatula","methamphetamine",0,0,0,1,0,1,0,0,0,"white",0,"crystals",,,,,1,,"",,,,,,,,,,,"","","unknown",,"",,1,19Apr2023,1,0,,1,1,0,0,0,0,0,1,1,0,0,0,0,0,0,0,0,0,0,0,0,0,0,0,0,0,0,0,0,0,0,0,0,0,"WA | KING","53","033","53033"
"800582","Tacoma Needle Exchange","Tacoma","Pierce County","WA","Washington",05Apr2023,"spatula","spatula","methamphetamine",0,0,0,1,0,1,0,0,0,"",0,"crystals; powder; shiny",,,1,,1,"shiny","normal","normal",,,,,,,,,,"","","not overdose related","not involved","",,1,16Apr2023,1,0,,1,1,0,0,0,0,0,1,1,0,0,0,0,0,0,0,0,0,0,0,0,0,0,0,0,0,0,0,0,0,0,0,0,0,"WA | PIERCE","53","053","53053"
"800410","Jefferson County Public Health","Tacoma","Pierce County","WA","Washington",31Mar2023,"spatula","spatula","fentanyl",1,1,0,0,0,0,1,0,0,"white",0,"powder; chunky",,,1,,,,"",,,,,,,,,,,"","hard rush, euphoria, tastes like cocaine","involved in OD","Overdose reported","",,1,14Apr2023,1,1,,3,2,1,1,0,0,0,0,0,0,1,0,0,0,0,0,0,0,0,0,0,0,0,1,0,0,0,0,0,0,0,1,0,0,"WA | PIERCE","53","053","53053"
"800444","Tacoma Needle Exchange","Tacoma","Pierce County","WA","Washington",05Apr2023,"unknown","unknown","fentanyl; GHB",1,1,0,0,0,0,0,0,0,"blue",1,"fake pill",,1,,,,,"weird",,1,,,,,,,,,"blue pill M, metamizole","","not overdose related","not involved","",,1,19Aug2023,1,1,,6,3,1,1,0,0,0,0,0,0,0,0,0,0,0,0,0,0,0,0,0,0,0,1,0,0,0,0,0,0,0,1,0,0,"WA | PIERCE","53","053","53053"
"800824","Tacoma Needle Exchange","Tacoma","Pierce County","WA","Washington",12Apr2023,"spatula","spatula","heroin",1,0,0,0,0,0,0,0,0,"brown",0,"powder; chunky",,,1,,,,"",,,,,,,,,,,"","did not use","not overdose related","not involved","",,1,19Apr2023,1,1,,3,1,0,0,0,0,0,0,0,0,0,0,0,0,0,0,0,0,0,0,0,0,0,1,0,0,0,0,0,1,0,0,0,0,"WA | PIERCE","53","053","53053"
"800455","Tacoma Needle Exchange","Bonney Lake","Pierce County","WA","Washington",29Mar2023,"spatula","spatula","heroin",1,0,0,0,0,0,0,0,0,"",0,"powder; flaky",,,1,,,,"normal","normal",,,,,,,,,,"","","not overdose related","not involved","",,1,17Apr2023,1,1,,5,2,0,0,0,0,0,0,0,0,0,0,0,0,0,0,0,0,0,0,0,0,0,1,0,0,0,0,0,1,0,0,0,0,"WA | PIERCE","53","053","53053"
"800943","Tacoma Needle Exchange","Tacoma","Pierce County","WA","Washington",20Mar2023,"swab","swab","fentanyl",1,1,0,0,0,0,0,0,0,"brown",0,"pill",,1,,,,,"",,,,,,,,,,,"pipe residue","","not overdose related","not involved","",,1,10Apr2023,1,1,,3,2,1,1,0,0,0,0,0,0,0,0,0,0,0,0,0,0,0,0,0,0,0,1,0,0,0,0,0,0,0,1,0,0,"WA | PIERCE","53","053","53053"
"800815","Tacoma Needle Exchange","Tacoma","Pierce County","WA","Washington",12Apr2023,"pill","pill","fentanyl",1,1,0,0,0,0,0,0,0,"blue",1,"pill",,1,,,,,"",,,,,,,,,,,"blue M30 pill","","not overdose related","not involved","",,1,19Apr2023,1,1,,5,3,1,1,0,0,0,0,0,0,0,0,0,0,0,0,0,0,0,0,0,0,0,1,0,0,0,0,0,0,0,1,0,0,"WA | PIERCE","53","053","53053"
"800728","Tacoma Needle Exchange","Tacoma","Pierce County","WA","Washington",24Mar2023,"spatula","spatula","fentanyl",1,1,0,0,0,0,0,0,0,"white",0,"powder",,,1,,,,"stronger","stronger",,,,1,,,,,,"","potent and sleepy","not overdose related","not involved","",,1,10Apr2023,1,1,,4,3,1,1,0,0,0,0,0,0,0,0,0,0,0,0,0,0,0,0,0,0,0,1,0,0,0,0,0,0,0,1,0,0,"WA | PIERCE","53","053","53053"
"800570","Tacoma Needle Exchange","Tacoma","Pierce County","WA","Washington",27Mar2023,"spatula","spatula","fentanyl",1,1,0,0,0,0,0,0,0,"white",0,"powder; chunky",,,1,,,,"normal; nice","normal",,,,,1,,,,,"","","not overdose related","not involved","",,1,10Apr2023,1,1,,5,2,1,1,0,0,0,0,0,0,0,0,0,0,0,0,0,0,0,0,0,0,0,1,0,0,0,0,0,0,0,1,0,0,"WA | PIERCE","53","053","53053"
"800440","Tacoma Needle Exchange","Tacoma","Pierce County","WA","Washington",24Mar2023,"spatula","spatula","fentanyl",1,1,0,0,0,0,0,0,0,"blue",1,"powder; pill",,1,1,,,,"",,,,,1,,,,,,"","euphoric high, sleepy, it was good","not overdose related","not involved","",,1,17Apr2023,1,0,,2,2,1,1,0,0,0,0,0,0,0,0,0,0,0,0,0,0,0,0,0,0,0,1,0,0,0,0,0,0,0,0,0,0,"WA | PIERCE","53","053","53053"
"800694","Tacoma Needle Exchange","Tacoma","Pierce County","WA","Washington",05Apr2023,"pill","pill","XANAX",0,0,0,0,1,0,0,0,0,"green",1,"pill",,1,,,,,"weird",,1,,,,,,,,,"green pill 59 XANAX","","not overdose related","not involved","",,1,16Apr2023,1,0,,1,1,0,0,0,0,0,0,0,0,0,0,0,0,0,0,0,0,0,0,1,0,0,0,0,0,0,0,0,0,0,0,0,0,"WA | PIERCE","53","053","53053"
"800456","Tacoma Needle Exchange","Tacoma","Pierce County","WA","Washington",01Mar2023,"spatula","spatula","heroin",1,0,0,0,0,0,0,0,0,"brown",0,"powder; chunky",,,1,,,,"nice",,,,,,1,,,,,"brown flakes","","not overdose related","not involved","",,1,19Apr2023,1,0,,2,2,0,0,0,0,0,0,0,0,0,0,0,0,0,0,0,0,0,0,0,0,0,1,0,0,0,0,0,1,0,0,0,0,"WA | PIERCE","53","053","53053"
"800543","Tacoma Needle Exchange","Tacoma","Pierce County","WA","Washington",20Mar2023,"spatula","spatula","methamphetamine",0,0,0,1,0,1,0,0,0,"off-white",0,"crystals",,,,,1,,"normal","normal",,,,,,,,,,"","","not overdose related","not involved","",,1,10Apr2023,1,0,,1,1,0,0,0,0,0,1,1,0,0,0,0,0,0,0,0,0,0,0,0,0,0,0,0,0,0,0,0,0,0,0,0,0,"WA | PIERCE","53","053","53053"
"800779","Robert Clewis Center","Tacoma","Pierce County","WA","Washington",28Mar2023,"spatula","spatula","cocaine",0,0,0,1,0,0,1,0,0,"white",0,"powder; chunky",,,1,,,,"",,,,,,,,,,,"","","not overdose related","not involved","",,1,10Apr2023,1,1,,3,2,0,0,0,0,0,0,0,1,1,0,0,0,0,0,0,0,0,0,0,0,0,0,0,0,0,0,1,0,0,0,0,0,"WA | PIERCE","53","053","53053"
"800479","Tacoma Needle Exchange","Tacoma","Pierce County","WA","Washington",21Mar2023,"spatula","spatula","heroin",1,0,0,0,0,0,0,0,0,"brown",0,"powder; chunky",,,1,,,,"nice",,,,,,1,,,,,"","","not overdose related","not involved","",,1,17Apr2023,1,1,,5,1,0,0,0,0,0,0,1,0,0,0,0,0,0,0,0,0,0,0,0,0,0,1,0,0,0,0,1,1,0,0,0,0,"WA | PIERCE","53","053","53053"
"800945","Robert Clewis Center","Everett","Snohomish County","WA","Washington",04Apr2023,"spatula","spatula","heroin",1,0,0,0,0,0,0,0,0,"black; brown",0,"tar",,,,,,,"normal","normal",,,,,,,,,,"","","not overdose related","not involved","",,1,14Apr2023,1,1,,5,2,0,0,0,0,0,0,0,0,0,0,0,0,0,0,0,0,0,0,0,0,0,1,0,0,0,0,1,1,0,0,0,0,"WA | SNOHOMISH","53","061","53061"
"800771","Robert Clewis Center","Everett","Snohomish County","WA","Washington",01Mar2023,"spatula","spatula","fentanyl",1,1,0,0,0,0,0,0,0,"white",0,"powder",,,1,,,,"",,,,,,,,,,,"","numbing taste, falling easily","not overdose related","not involved","",,1,24Mar2023,1,1,,6,2,1,1,0,0,0,0,0,0,0,0,0,0,0,0,0,0,0,0,0,0,0,1,0,0,0,0,0,0,0,1,0,0,"WA | SNOHOMISH","53","061","53061"
"800786","Compassionate Addiction Treatment","Spokane","Spokane County","WA","Washington",20Feb2023,"swab","swab","fentanyl",1,1,0,0,0,0,0,0,0,"blue",1,"pill",,1,,,,,"",,,,,,,,,,,"blue M 80 pill little round","","unknown",,"",,1,23Mar2023,1,1,,6,2,1,1,0,0,0,0,0,0,0,0,0,0,0,0,0,0,0,0,0,0,0,1,0,0,0,0,0,0,0,1,0,0,"WA | SPOKANE","53","063","53063"
"800469","Compassionate Addiction Treatment","Spokane","Spokane County","WA","Washington",04Apr2023,"spatula","spatula","methamphetamine",0,0,0,1,0,1,0,0,0,"clear; white",0,"crystals; powder",,,1,,1,,"",,,,,,,,,,,"","has not used yet","unknown",,"",,1,18Apr2023,0,1,,1,0,0,0,0,0,0,0,1,0,0,0,0,0,0,0,0,0,0,0,0,0,0,0,0,0,0,0,0,0,0,0,0,0,"WA | SPOKANE","53","063","53063"
"800904","Compassionate Addiction Treatment","Spokane","Spokane County","WA","Washington",04Apr2023,"spatula","spatula","methamphetamine",0,0,0,1,0,1,0,0,0,"clear",0,"crystals",,,,,1,,"",,,,,,,,,,,"","","unknown",,"",,1,14Apr2023,1,0,,1,1,0,0,0,0,0,1,1,0,0,0,0,0,0,0,0,0,0,0,0,0,0,0,0,0,0,0,0,0,0,0,0,0,"WA | SPOKANE","53","063","53063"
"800901","Compassionate Addiction Treatment","Spokane","Spokane County","WA","Washington",20Mar2023,"pill","pill","fentanyl",1,1,0,0,0,0,0,0,0,"blue",1,"pill; fake pill",,1,,,,,"stronger","stronger",,,,,,,,,,"M30","","unknown",,"",,1,14Apr2023,1,1,,6,3,1,1,0,0,0,0,0,0,0,0,0,0,0,0,0,0,0,0,0,0,0,1,0,0,0,0,0,0,0,1,0,0,"WA | SPOKANE","53","063","53063"
"800483","Compassionate Addiction Treatment","Spokane","Spokane County","WA","Washington",04Apr2023,"swab","swab","methamphetamine",0,0,0,1,0,1,0,0,0,"brown",0,"crystals",,,,,1,,"",,,,,,,,,,,"brown crystal pipe residue","","unknown",,"",,1,14Apr2023,1,1,,3,1,0,0,0,0,0,1,1,0,0,0,0,0,0,0,0,0,0,0,0,0,0,0,0,0,0,0,0,0,0,0,0,0,"WA | SPOKANE","53","063","53063"
"800939","Compassionate Addiction Treatment","Spokane","Spokane County","WA","Washington",09Mar2023,"spatula","spatula","methamphetamine",0,0,0,1,0,1,0,0,0,"brown",0,"crystals",,,,,1,,"weird; weaker; more down","weaker",1,,,1,,,,,,"brown crystal pipe residue","","unknown",,"",,1,14Apr2023,1,1,,5,2,0,1,0,0,0,1,1,0,0,0,0,0,0,0,0,0,0,0,0,0,0,1,0,0,0,0,0,0,1,0,0,0,"WA | SPOKANE","53","063","53063"
"800466","Compassionate Addiction Treatment","Spokane","Spokane County","WA","Washington",16Feb2023,"swab","swab","fentanyl",1,1,0,0,0,0,0,0,0,"",0,"",,,,,,,"",,,,,,,,,,,"pipe residue","not sure","unknown",,"",,1,23Mar2023,1,0,,3,3,1,1,0,0,0,0,0,0,0,0,0,0,0,0,0,0,0,0,0,0,0,1,0,0,0,0,0,0,0,1,0,0,"WA | SPOKANE","53","063","53063"
"800684","Compassionate Addiction Treatment","Spokane","Spokane County","WA","Washington",17Mar2023,"unknown","unknown","methamphetamine",0,0,0,1,0,1,0,0,0,"clear",0,"crystals; powder; shiny; flaky",,,1,,1,"shiny","weird; weaker; hallucinations","weaker",1,1,,,,,,,,"","","not overdose related","not involved","",,1,14Apr2023,1,0,,1,1,0,0,0,0,0,1,1,0,0,0,0,0,0,0,0,0,0,0,0,0,0,0,0,0,0,0,0,0,0,0,0,0,"WA | SPOKANE","53","063","53063"
"800784","Compassionate Addiction Treatment","Spokane","Spokane County","WA","Washington",20Feb2023,"spatula","spatula","fentanyl",1,1,0,0,0,0,0,0,0,"blue",1,"powder; chunky",,,1,,,,"",,,,,,,,,,,"crushed blue powder","","unknown",,"",,1,23Mar2023,1,0,,3,3,1,1,0,0,0,0,0,0,0,0,0,0,0,0,0,0,0,0,0,0,0,1,0,0,0,0,0,0,0,1,0,0,"WA | SPOKANE","53","063","53063"
"800555","Compassionate Addiction Treatment","Spokane","Spokane County","WA","Washington",16Mar2023,"spatula","spatula","methamphetamine",0,0,0,1,0,1,0,0,0,"white; clear",0,"crystals; powder; shiny; flaky",,,1,,1,"shiny","weaker","weaker",,,,,,,,,,"","","unknown",,"",,1,14Apr2023,1,1,,2,1,0,0,0,0,0,1,1,0,0,0,0,0,0,0,0,0,0,0,0,0,0,0,0,0,0,0,0,0,1,0,0,0,"WA | SPOKANE","53","063","53063"
"800511","Blue Mountain Heart to Heart","Walla Walla","Walla Walla County","WA","Washington",16Feb2023,"spatula","spatula","methamphetamine",0,0,0,1,0,1,0,0,0,"clear",0,"crystals",,,,,1,,"",,,,,,,,,,,"","","not overdose related","not involved","",,1,21Mar2023,1,0,,1,1,0,0,0,0,0,1,1,0,0,0,0,0,0,0,0,0,0,0,0,0,0,0,0,0,0,0,0,0,0,0,0,0,"WA | WALLA WALLA","53","071","53071"
"800626","Blue Mountain Heart to Heart","Walla Walla","Walla Walla County","WA","Washington",17Mar2023,"spatula","spatula","methamphetamine",0,0,0,1,0,1,0,0,0,"clear",0,"crystals",,,,,1,,"",,,,,,,,,,,"","","not overdose related","not involved","",,1,10Apr2023,1,0,,1,1,0,0,0,0,0,1,1,0,0,0,0,0,0,0,0,0,0,0,0,0,0,0,0,0,0,0,0,0,0,0,0,0,"WA | WALLA WALLA","53","071","53071"
"800647","Blue Mountain Heart to Heart","Walla Walla","Walla Walla County","WA","Washington",04Apr2023,"spatula","spatula","methamphetamine",0,0,0,1,0,1,0,0,0,"clear",0,"crystals",,,,,1,,"",,,,,,,,,,,"","","not overdose related","not involved","",,1,16Apr2023,1,0,,1,1,0,0,0,0,0,1,1,0,0,0,0,0,0,0,0,0,0,0,0,0,0,0,0,0,0,0,0,0,0,0,0,0,"WA | WALLA WALLA","53","071","53071"
"800474","Blue Mountain Heart to Heart","Walla Walla","Walla Walla County","WA","Washington",10Mar2023,"spatula","spatula","fentanyl",1,1,0,0,0,0,0,0,0,"white",0,"powder",,,1,,,,"",,,,,,,,,1,,"","numbing mouth feel","not overdose related","not involved","",,1,24Mar2023,1,1,,4,2,1,1,0,0,0,0,0,0,0,0,0,0,0,0,0,0,0,0,0,0,0,1,0,0,0,0,0,0,0,1,0,0,"WA | WALLA WALLA","53","071","53071"
"800747","Blue Mountain Heart to Heart","Walla Walla","Walla Walla County","WA","Washington",28Mar2023,"spatula","spatula","methamphetamine",0,0,0,1,0,1,0,0,0,"clear",0,"crystals",,,,,1,,"",,,,,,,,,,,"","","not overdose related","not involved","",,1,14Apr2023,1,0,,1,1,0,0,0,0,0,1,1,0,0,0,0,0,0,0,0,0,0,0,0,0,0,0,0,0,0,0,0,0,0,0,0,0,"WA | WALLA WALLA","53","071","53071"
"800565","Blue Mountain Heart to Heart","Walla Walla","Walla Walla County","WA","Washington",31Mar2023,"spatula","spatula","fentanyl",1,1,0,0,0,0,0,0,0,"blue",1,"pill",,1,,,,,"more down",,,,,1,,,,,,"M30","","not overdose related","not involved","",,1,14Apr2023,1,1,,7,4,1,1,0,0,0,0,0,0,0,0,0,0,0,0,0,0,0,0,0,0,0,1,0,0,0,0,0,0,0,1,0,0,"WA | WALLA WALLA","53","071","53071"
"800613","Blue Mountain Heart to Heart","Walla Walla","Walla Walla County","WA","Washington",11Apr2023,"spatula","spatula","methamphetamine",0,0,0,1,0,1,0,0,0,"clear",0,"crystals",,,,,1,,"",,,,,,,,,,,"","","not overdose related","not involved","",,1,19Apr2023,1,0,,1,1,0,0,0,0,0,1,1,0,0,0,0,0,0,0,0,0,0,0,0,0,0,0,0,0,0,0,0,0,0,0,0,0,"WA | WALLA WALLA","53","071","53071"
"800931","Blue Mountain Heart to Heart","Walla Walla","Walla Walla County","WA","Washington",31Mar2023,"spatula","spatula","methamphetamine",0,0,0,1,0,1,0,0,0,"clear",0,"crystals",,,,,1,,"weaker","weaker",,,,,,,,,,"","","not overdose related","not involved","",,1,14Apr2023,1,0,,1,1,0,0,0,0,0,1,1,0,0,0,0,0,0,0,0,0,0,0,0,0,0,0,0,0,0,0,0,0,0,0,0,0,"WA | WALLA WALLA","53","071","53071"
"800437","Blue Mountain Heart to Heart","Walla Walla","Walla Walla County","WA","Washington",16Feb2023,"spatula","spatula","methamphetamine",0,0,0,1,0,1,0,0,0,"clear",0,"crystals",,,,,1,,"",,,,,,,,,,,"","","not overdose related","not involved","",,1,21Mar2023,1,0,,1,1,0,0,0,0,0,1,1,0,0,0,0,0,0,0,0,0,0,0,0,0,0,0,0,0,0,0,0,0,0,0,0,0,"WA | WALLA WALLA","53","071","53071"
"800788","Blue Mountain Heart to Heart","Walla Walla","Walla Walla County","WA","Washington",22Mar2023,"spatula","spatula","inositol",0,0,0,0,0,0,0,0,0,"white",0,"powder; chunky",,,1,,,,"",,,,,,,,,,,"","","not overdose related","not involved","",,1,10Apr2023,1,0,,2,2,1,1,0,0,0,0,0,0,0,0,0,0,0,0,0,0,0,0,0,0,0,1,0,0,0,0,0,0,0,1,0,0,"WA | WALLA WALLA","53","071","53071"
"800534","Blue Mountain Heart to Heart","Walla Walla","Walla Walla County","WA","Washington",23Feb2023,"spatula","spatula","MDMA",0,0,0,0,0,0,0,0,1,"purple",1,"crystals",,,,,1,,"",,,,,,,,,,,"","","not overdose related","not involved","",,1,21Mar2023,1,0,,1,1,0,0,0,0,0,0,0,0,0,0,0,0,1,0,0,0,0,0,0,0,0,0,0,0,0,0,0,0,0,0,0,0,"WA | WALLA WALLA","53","071","53071"
"800893","Blue Mountain Heart to Heart","Walla Walla","Walla Walla County","WA","Washington",14Mar2023,"spatula","spatula","fentanyl",1,1,0,0,0,0,0,0,0,"blue",1,"pill",,1,,,,,"",,,,,,,,,,,"","","not overdose related","not involved","",,1,13Apr2023,1,1,,5,3,1,1,0,1,1,0,0,0,0,0,0,0,0,0,0,0,0,0,0,0,0,1,0,0,0,0,0,0,0,1,0,0,"WA | WALLA WALLA","53","071","53071"
"800402","Blue Mountain Heart to Heart","Walla Walla","Walla Walla County","WA","Washington",11Apr2023,"spatula","spatula","methamphetamine",0,0,0,1,0,1,0,0,0,"tan; clear",0,"crystals",,,,,1,,"",,,,,,,,,,,"tan clearish burnt","","not overdose related","not involved","",,1,19Apr2023,1,0,,1,1,0,0,0,0,0,1,1,0,0,0,0,0,0,0,0,0,0,0,0,0,0,0,0,0,0,0,0,0,0,0,0,0,"WA | WALLA WALLA","53","071","53071"
"800810","Blue Mountain Heart to Heart","Walla Walla","Walla Walla County","WA","Washington",23Mar2023,"spatula","spatula","methamphetamine",0,0,0,1,0,1,0,0,0,"clear",0,"crystals",,,,,1,,"",,,,,,,,,,,"","","not overdose related","not involved","",,1,16Apr2023,1,0,,1,1,0,0,0,0,0,1,1,0,0,0,0,0,0,0,0,0,0,0,0,0,0,0,0,0,0,0,0,0,0,0,0,0,"WA | WALLA WALLA","53","071","53071"
"800875","Blue Mountain Heart to Heart","Walla Walla","Walla Walla County","WA","Washington",09Mar2023,"spatula","spatula","methamphetamine",0,0,0,1,0,1,0,0,0,"clear",0,"crystals",,,,,1,,"",,,,,,,,,,,"","","not overdose related","not involved","",,1,24Mar2023,1,0,,1,1,0,0,0,0,0,1,1,0,0,0,0,0,0,0,0,0,0,0,0,0,0,0,0,0,0,0,0,0,0,0,0,0,"WA | WALLA WALLA","53","071","53071"
"800845","Blue Mountain Heart to Heart","Walla Walla","Walla Walla County","WA","Washington",04Apr2023,"spatula","spatula","methamphetamine",0,0,0,1,0,1,0,0,0,"clear",0,"crystals",,,,,1,,"",,,,,,,,,,,"","","not overdose related","not involved","",,1,16Apr2023,1,0,,1,1,0,0,0,0,0,1,1,0,0,0,0,0,0,0,0,0,0,0,0,0,0,0,0,0,0,0,0,0,0,0,0,0,"WA | WALLA WALLA","53","071","53071"
"800873","Blue Mountain Heart to Heart","Walla Walla","Walla Walla County","WA","Washington",10Apr2023,"spatula","spatula","methamphetamine",0,0,0,1,0,1,0,0,0,"clear",0,"crystals",,,,,1,,"",,,,,,,,,,,"","","not overdose related","not involved","",,1,19Apr2023,1,0,,1,1,0,0,0,0,0,1,1,0,0,0,0,0,0,0,0,0,0,0,0,0,0,0,0,0,0,0,0,0,0,0,0,0,"WA | WALLA WALLA","53","071","53071"
"800465","Blue Mountain Heart to Heart","Walla Walla","Walla Walla County","WA","Washington",14Mar2023,"pill","pill","hydrocodone",0,0,0,0,0,0,0,0,0,"white",0,"pill",,1,,,,,"normal","normal",,,,,,,,,,"","","not overdose related","not involved","",,1,13Apr2023,1,0,,2,2,0,0,0,0,0,0,0,0,0,0,0,0,0,0,0,0,0,0,0,0,0,1,0,0,0,0,0,0,0,0,0,0,"WA | WALLA WALLA","53","071","53071"
"800822","Blue Mountain Heart to Heart","Walla Walla","Walla Walla County","WA","Washington",16Mar2023,"spatula","spatula","methamphetamine",0,0,0,1,0,1,0,0,0,"clear",0,"crystals",,,,,1,,"",,,,,,,,,,,"","","not overdose related","not involved","",,1,30Mar2023,1,0,,1,1,0,0,0,0,0,1,1,0,0,0,0,0,0,0,0,0,0,0,0,0,0,0,0,0,0,0,0,0,0,0,0,0,"WA | WALLA WALLA","53","071","53071"
"800879","Blue Mountain Heart to Heart","Walla Walla","Walla Walla County","WA","Washington",10Apr2023,"spatula","spatula","methamphetamine",0,0,0,1,0,1,0,0,0,"clear",0,"crystals",,,,,1,,"",,,,,,,,,,,"","","not overdose related","not involved","",,1,19Apr2023,1,0,,1,1,0,0,0,0,0,1,1,0,0,0,0,0,0,0,0,0,0,0,0,0,0,0,0,0,0,0,0,0,0,0,0,0,"WA | WALLA WALLA","53","071","53071"
"800473","Blue Mountain Heart to Heart","Walla Walla","Walla Walla County","WA","Washington",14Mar2023,"spatula","spatula","methamphetamine",0,0,0,1,0,1,0,0,0,"clear",0,"crystals",,,,,1,,"",,,,,,,,,,,"","","not overdose related","not involved","",,1,30Mar2023,1,0,,1,1,0,0,0,0,0,1,1,0,0,0,0,0,0,0,0,0,0,0,0,0,0,0,0,0,0,0,0,0,0,0,0,0,"WA | WALLA WALLA","53","071","53071"
"800663","Blue Mountain Heart to Heart","Walla Walla","Walla Walla County","WA","Washington",05Apr2023,"spatula","spatula","fentanyl",1,1,0,0,0,0,0,0,0,"blue",1,"pill",,1,,,,,"",,,,,,,,,,,"blue M30","","not overdose related","not involved","",,1,19Apr2023,1,1,,6,4,1,1,0,0,0,0,0,0,0,0,0,0,0,0,0,0,0,0,0,0,0,1,0,0,0,0,0,0,0,1,0,0,"WA | WALLA WALLA","53","071","53071"
"800961","Blue Mountain Heart to Heart","Walla Walla","Walla Walla County","WA","Washington",23Mar2023,"spatula","spatula","methamphetamine",0,0,0,1,0,1,0,0,0,"clear",0,"crystals",,,,,1,,"normal","normal",,,,,,,,,,"","","not overdose related","not involved","",,1,16Apr2023,1,0,,1,1,0,0,0,0,0,1,1,0,0,0,0,0,0,0,0,0,0,0,0,0,0,0,0,0,0,0,0,0,0,0,0,0,"WA | WALLA WALLA","53","071","53071"
"800917","Blue Mountain Heart to Heart","Walla Walla","Walla Walla County","WA","Washington",07Apr2023,"spatula","spatula","methamphetamine",0,0,0,1,0,1,0,0,0,"clear",0,"crystals",,,,,1,,"",,,,,,,,,,,"","","not overdose related","not involved","",,1,19Apr2023,1,0,,1,1,0,0,0,0,0,1,1,0,0,0,0,0,0,0,0,0,0,0,0,0,0,0,0,0,0,0,0,0,0,0,0,0,"WA | WALLA WALLA","53","071","53071"
"800637","Blue Mountain Heart to Heart","Walla Walla","Walla Walla County","WA","Washington",16Feb2023,"spatula","spatula","methamphetamine",0,0,0,1,0,1,0,0,0,"clear",0,"crystals",,,,,1,,"",,,,,,,,,,,"","","not overdose related","not involved","",,1,21Mar2023,1,0,,1,1,0,0,0,0,0,1,1,0,0,0,0,0,0,0,0,0,0,0,0,0,0,0,0,0,0,0,0,0,0,0,0,0,"WA | WALLA WALLA","53","071","53071"
"800536","Blue Mountain Heart to Heart","Walla Walla","Walla Walla County","WA","Washington",22Mar2023,"spatula","spatula","methamphetamine",0,0,0,1,0,1,0,0,0,"white",0,"powder",,,1,,,,"normal","normal",,,,,,,,,,"","","not overdose related","not involved","",,1,10Apr2023,1,0,,1,1,0,0,0,0,0,1,1,0,0,0,0,0,0,0,0,0,0,0,0,0,0,0,0,0,0,0,0,0,0,0,0,0,"WA | WALLA WALLA","53","071","53071"
"800725","Blue Mountain Heart to Heart","Walla Walla","Walla Walla County","WA","Washington",05Apr2023,"spatula","spatula","methamphetamine",0,0,0,1,0,1,0,0,0,"clear",0,"crystals",,,,,1,,"",,,,,,,,,,,"","","not overdose related","not involved","",,1,19Apr2023,1,0,,1,1,0,0,0,0,0,1,1,0,0,0,0,0,0,0,0,0,0,0,0,0,0,0,0,0,0,0,0,0,0,0,0,0,"WA | WALLA WALLA","53","071","53071"
"800888","Blue Mountain Heart to Heart","Walla Walla","Walla Walla County","WA","Washington",23Feb2023,"spatula","spatula","heroin",1,0,0,0,0,0,0,0,0,"brown",0,"tar",,,,,,,"",,,,,,,,,,,"","","not overdose related","not involved","",,1,24Mar2023,1,1,,5,2,0,0,0,0,0,0,0,0,0,0,0,0,0,0,0,0,0,0,0,0,0,1,0,0,0,0,1,1,0,0,0,0,"WA | WALLA WALLA","53","071","53071"
"800468","Blue Mountain Heart to Heart","Walla Walla","Walla Walla County","WA","Washington",23Feb2023,"spatula","spatula","fentanyl",1,1,0,0,0,0,0,0,0,"blue",1,"pill",,1,,,,,"",,,,,,,,,,,"","","not overdose related","not involved","",,1,23Mar2023,1,1,,4,2,1,1,0,0,0,0,0,0,0,0,0,0,0,0,0,0,0,0,0,0,0,1,0,0,0,0,0,0,0,1,0,0,"WA | WALLA WALLA","53","071","53071"
"800918","Blue Mountain Heart to Heart","Walla Walla","Walla Walla County","WA","Washington",04Apr2023,"spatula","spatula","methamphetamine",0,0,0,1,0,1,0,0,0,"clear",0,"crystals",,,,,1,,"",,,,,,,,,,,"","","not overdose related","not involved","",,1,16Apr2023,1,0,,1,1,0,0,0,0,0,1,1,0,0,0,0,0,0,0,0,0,0,0,0,0,0,0,0,0,0,0,0,0,0,0,0,0,"WA | WALLA WALLA","53","071","53071"
"800903","Blue Mountain Heart to Heart","Walla Walla","Walla Walla County","WA","Washington",07Mar2023,"spatula","spatula","methamphetamine",0,0,0,1,0,1,0,0,0,"clear",0,"crystals",,,,,1,,"",,,,,,,,,,,"","","not overdose related","not involved","",,1,24Mar2023,1,0,,1,1,0,0,0,0,0,1,1,0,0,0,0,0,0,0,0,0,0,0,0,0,0,0,0,0,0,0,0,0,0,0,0,0,"WA | WALLA WALLA","53","071","53071"
"800656","Blue Mountain Heart to Heart","Walla Walla","Walla Walla County","WA","Washington",09Mar2023,"spatula","spatula","methamphetamine",0,0,0,1,0,1,0,0,0,"clear",0,"crystals",,,,,1,,"",,,,,,,,,,,"","","not overdose related","not involved","",,1,24Mar2023,1,0,,1,1,0,0,0,0,0,1,1,0,0,0,0,0,0,0,0,0,0,0,0,0,0,0,0,0,0,0,0,0,0,0,0,0,"WA | WALLA WALLA","53","071","53071"
"800949","Blue Mountain Heart to Heart","Walla Walla","Walla Walla County","WA","Washington",04Apr2023,"spatula","spatula","methamphetamine",0,0,0,1,0,1,0,0,0,"clear",0,"crystals",,,,,1,,"",,,,,,,,,,,"","","not overdose related","not involved","",,1,16Apr2023,1,0,,1,1,0,0,0,0,0,1,1,0,0,0,0,0,0,0,0,0,0,0,0,0,0,0,0,0,0,0,0,0,0,0,0,0,"WA | WALLA WALLA","53","071","53071"
"800605","Blue Mountain Heart to Heart","Walla Walla","Walla Walla County","WA","Washington",16Feb2023,"spatula","spatula","methamphetamine",0,0,0,1,0,1,0,0,0,"clear",0,"crystals",,,,,1,,"",,,,,,,,,,,"","","not overdose related","not involved","",,1,21Mar2023,1,0,,1,1,0,0,0,0,0,1,1,0,0,0,0,0,0,0,0,0,0,0,0,0,0,0,0,0,0,0,0,0,0,0,0,0,"WA | WALLA WALLA","53","071","53071"
"800830","Blue Mountain Heart to Heart","Walla Walla","Walla Walla County","WA","Washington",11Apr2023,"spatula","spatula","methamphetamine",0,0,0,1,0,1,0,0,0,"clear",0,"crystals",,,,,1,,"",,,,,,,,,,,"","Diesel flavor","not overdose related","not involved","",,1,19Apr2023,1,0,,1,1,0,0,0,0,0,1,1,0,0,0,0,0,0,0,0,0,0,0,0,0,0,0,0,0,0,0,0,0,0,0,0,0,"WA | WALLA WALLA","53","071","53071"
"800972","Outside In","Portland","Washington County","WA","Oregon",05Apr2023,"pill","pill","amphetamine",0,0,0,0,0,0,0,0,0,"white",0,"fake pill; pill",,1,,,,,"",,,,,,,,,,,"small round white pill","","not overdose related","not involved","",,1,19Apr2023,1,0,,1,1,0,0,0,0,0,0,0,0,0,0,0,0,0,0,0,0,0,0,0,0,0,0,0,0,0,0,0,0,0,0,0,0,"WA | WASHINGTON","","",""
"800757","Outside In","Portland","Washington County","WA","Oregon",05Apr2023,"pill","pill","unknown",0,0,0,0,0,0,0,0,0,"orange",1,"fake pill",,1,,,,,"",,,,,,,,,,,"well made, orange oval pill 30mg 974","","not overdose related","not involved","",,1,16Apr2023,1,0,,1,1,0,0,0,0,0,1,1,0,0,0,0,0,0,0,0,0,0,0,0,0,0,0,0,0,0,0,0,0,0,0,0,0,"WA | WASHINGTON","","",""
"800414","Outside In","Portland","Washington County","WA","Oregon",05Apr2023,"pill","pill","unknown",0,0,0,0,0,0,0,0,0,"yellow",1,"powder",,,1,,,,"",,,,,,,,,,,"yellow fine powder residue","","unknown",,"",,1,19Apr2023,0,1,,1,0,0,0,0,0,0,0,0,0,0,0,0,0,0,0,0,0,0,0,1,0,0,0,0,0,0,0,0,0,0,0,0,0,"WA | WASHINGTON","","",""
"800860","Outside In","Portland","Washington County","WA","Oregon",03Apr2023,"swab","swab","heroin",1,0,0,0,0,0,0,0,0,"brown",0,"tar; sticky",,,,,,,"normal","normal",,,,,,,,,,"cooker residue, water","","unknown",,"",,1,17Apr2023,1,1,,9,3,0,1,0,0,0,0,0,0,0,0,0,0,0,0,0,0,0,0,0,0,0,1,0,0,0,0,0,1,0,1,0,0,"WA | WASHINGTON","","",""
