sampleid,substance,pubchemcid,cas,unii,abundance,method,date_complete,card,primary,trace,lab_null,lab_num_substances_any,lab_num_substances,confirmatory,lab_fentanyl,lab_fentanyl_any,lab_xylazine,lab_xylazine_any,lab_xylazine_trace,lab_meth,lab_meth_any,lab_cocaine,lab_cocaine_any,lab_caffeine,lab_gabapentin,lab_levamisole_any,lab_mdma,lab_tramadol,lab_carfentanil,lab_carfentanil_any,lab_ketamine_any,lab_ketamine,lab_btmps_any,lab_btmps,chemdict,lab_opioid,lab_opioid_any,lab_synthetic_cannabinoid,lab_synthetic_cannabinoid_any,lab_potent_benzodiazepine,lab_potent_benzodiazepine_any,lab_benzodiazepine,lab_benzodiazepine_any,lab_nitazene,lab_nitazene_any,lab_meth_impurities_any,lab_mdma_impurities_any,lab_cocaine_impurities_any,lab_common_cuts_any,lab_heroin_impurities_any,lab_cannabinoids_any,lab_fentanyl_impurities_any,lab_pf_fent_impurities_any,lab_substituted_cathinones_any,_merge
"300403","methamphetamine",10836,"537-46-2","44RAL3456C","","GCMS",16aug2022,212,1,0,,1,1,0,0,0,0,0,0,1,1,0,0,0,0,0,0,0,0,0,0,0,0,0,231,0,0,0,0,0,0,0,0,0,0,0,0,0,0,0,0,0,0,0,"Matched (3)"
"300404","1-phenyl-1-propanamine",18054,"2941-20-0","","","GCMS",16aug2022,213,1,0,,5,5,0,0,0,0,0,0,0,0,0,0,0,0,0,0,0,0,0,0,0,0,0,11,0,0,0,0,0,0,0,0,0,0,0,0,0,0,0,0,0,0,0,"Matched (3)"
"300404","phenethyl 4-ANPP",165365057,"","","","GCMS",16aug2022,213,1,0,,5,5,0,0,0,0,0,0,0,0,0,0,0,0,0,0,0,0,0,0,0,0,0,281,1,1,0,0,0,0,0,0,0,0,0,0,0,0,0,0,1,0,0,"Matched (3)"
"300404","fentanyl",3345,"437-38-7","UF599785JZ","","GCMS",16aug2022,213,1,0,,5,5,0,1,1,0,0,0,0,0,0,0,0,0,0,0,0,0,0,0,0,0,0,191,1,1,0,0,0,0,0,0,0,0,0,0,0,0,0,0,0,0,0,"Matched (3)"
"300404","methamphetamine",10836,"537-46-2","44RAL3456C","","GCMS",16aug2022,213,1,0,,5,5,0,0,0,0,0,0,1,1,0,0,0,0,0,0,0,0,0,0,0,0,0,231,0,0,0,0,0,0,0,0,0,0,0,0,0,0,0,0,0,0,0,"Matched (3)"
"300404","4-ANPP",88890,"21409-26-7","Q88EHD0U8G","","GCMS",16aug2022,213,1,0,,5,5,0,0,0,0,0,0,0,0,0,0,0,0,0,0,0,0,0,0,0,0,0,44,1,1,0,0,0,0,0,0,0,0,0,0,0,0,0,0,1,0,0,"Matched (3)"
"300405","methamphetamine",10836,"537-46-2","44RAL3456C","","GCMS",20jul2022,214,1,0,,1,1,0,0,0,0,0,0,1,1,0,0,0,0,0,0,0,0,0,0,0,0,0,231,0,0,0,0,0,0,0,0,0,0,0,0,0,0,0,0,0,0,0,"Matched (3)"
"300406","acetylcodeine",5486550,"6703-27-1","U59401ETXH","trace","GCMS",29jul2022,215,0,1,,10,4,0,0,0,0,0,0,0,0,0,0,0,0,0,0,0,0,0,0,0,0,0,119,0,1,0,0,0,0,0,0,0,0,0,0,0,0,1,0,0,0,0,"Matched (3)"
"300406","quinine",3034034,"72402-53-0","A7V27PHC7A","trace","Derivatized GCMS",29jul2022,215,0,1,,10,4,0,0,0,0,0,0,0,0,0,0,0,0,0,0,0,0,0,0,0,0,0,294,0,0,0,0,0,0,0,0,0,0,0,0,0,1,0,0,0,0,0,"Matched (3)"
"300406","non-specific sugars",,"","","","Derivatized GCMS",29jul2022,215,1,0,,10,4,0,0,0,0,0,0,0,0,0,0,0,0,0,0,0,0,0,0,0,0,0,259,0,0,0,0,0,0,0,0,0,0,0,0,0,1,0,0,0,0,0,"Matched (3)"
"300406","phenethyl 4-ANPP",165365057,"","","trace","GCMS",29jul2022,215,0,1,,10,4,0,0,0,0,0,0,0,0,0,0,0,0,0,0,0,0,0,0,0,0,0,281,0,1,0,0,0,0,0,0,0,0,0,0,0,0,0,0,1,0,0,"Matched (3)"
"300406","diphenhydramine",3100,"58-73-1","8GTS82S83M","trace","GCMS",29jul2022,215,0,1,,10,4,0,0,0,0,0,0,0,0,0,0,0,0,0,0,0,0,0,0,0,0,0,176,0,0,0,0,0,0,0,0,0,0,0,0,0,1,0,0,0,0,0,"Matched (3)"
"300406","gabapentin",3446,"60142-96-3","6CW7F3G59X","trace","GCMS",29jul2022,215,0,1,,10,4,0,0,0,0,0,0,0,0,0,0,0,0,0,0,0,0,0,0,0,0,0,196,0,0,0,0,0,0,0,0,0,0,0,0,0,0,0,0,0,0,0,"Matched (3)"
"300406","heroin",5462328,"561-27-3","70D95007SX","","GCMS",29jul2022,215,1,0,,10,4,0,0,0,0,0,0,0,0,0,0,0,0,0,0,0,0,0,0,0,0,0,201,1,1,0,0,0,0,0,0,0,0,0,0,0,0,0,0,0,0,0,"Matched (3)"
"300406","metonitazene",53316366,"14680-51-4","A7FF4K4CWB","","GCMS",29jul2022,215,1,0,,10,4,0,0,0,0,0,0,0,0,0,0,0,0,0,0,0,0,0,0,0,0,0,243,1,1,0,0,0,0,0,0,1,1,0,0,0,0,0,0,0,0,0,"Matched (3)"
"300406","methadone",4095,"76-99-3","UC6VBE7V1Z","trace","GCMS",29jul2022,215,0,1,,10,4,0,0,0,0,0,0,0,0,0,0,0,0,0,0,0,0,0,0,0,0,0,230,0,1,0,0,0,0,0,0,0,0,0,0,0,0,0,0,0,0,0,"Matched (3)"
"300406","fentanyl",3345,"437-38-7","UF599785JZ","","GCMS",29jul2022,215,1,0,,10,4,0,1,1,0,0,0,0,0,0,0,0,0,0,0,0,0,0,0,0,0,0,191,1,1,0,0,0,0,0,0,0,0,0,0,0,0,0,0,0,0,0,"Matched (3)"
"300408","4-ANPP",88890,"21409-26-7","Q88EHD0U8G","","GCMS",29jul2022,217,1,0,,15,11,0,0,0,0,0,0,0,0,0,0,0,0,0,0,0,0,0,0,0,0,0,44,1,1,0,0,0,0,0,0,0,0,0,0,0,0,0,0,1,0,0,"Matched (3)"
"300408","gabapentin",3446,"60142-96-3","6CW7F3G59X","","GCMS",29jul2022,217,1,0,,15,11,0,0,0,0,0,0,0,0,0,0,0,1,0,0,0,0,0,0,0,0,0,196,0,0,0,0,0,0,0,0,0,0,0,0,0,0,0,0,0,0,0,"Matched (3)"
"300408","N-piperidinyl etonitazene",162623834,"734496-28-7","7AF6EZ8PMY","","GCMS",29jul2022,217,1,0,,15,11,0,0,0,0,0,0,0,0,0,0,0,0,0,0,0,0,0,0,0,0,0,105,1,1,0,0,0,0,0,0,1,1,0,0,0,0,0,0,0,0,0,"Matched (3)"
"300408","methamphetamine",10836,"537-46-2","44RAL3456C","trace","GCMS",29jul2022,217,0,1,,15,11,0,0,0,0,0,0,0,1,0,0,0,0,0,0,0,0,0,0,0,0,0,231,0,0,0,0,0,0,0,0,0,0,0,0,0,0,0,0,0,0,0,"Matched (3)"
"300408","phenethyl 4-ANPP",165365057,"","","trace","GCMS",29jul2022,217,0,1,,15,11,0,0,0,0,0,0,0,0,0,0,0,0,0,0,0,0,0,0,0,0,0,281,0,1,0,0,0,0,0,0,0,0,0,0,0,0,0,0,1,0,0,"Matched (3)"
"300408","1,3-Diacetin",66924,"105-70-4","G45CU3Z186","","GCMS",29jul2022,217,1,0,,15,11,0,0,0,0,0,0,0,0,0,0,0,0,0,0,0,0,0,0,0,0,0,2,0,0,0,0,0,0,0,0,0,0,0,0,0,0,0,0,0,0,0,"Matched (3)"
"300408","methadone",4095,"76-99-3","UC6VBE7V1Z","","GCMS",29jul2022,217,1,0,,15,11,0,0,0,0,0,0,0,0,0,0,0,0,0,0,0,0,0,0,0,0,0,230,1,1,0,0,0,0,0,0,0,0,0,0,0,0,0,0,0,0,0,"Matched (3)"
"300408","acetylcodeine",5486550,"6703-27-1","U59401ETXH","trace","GCMS",29jul2022,217,0,1,,15,11,0,0,0,0,0,0,0,0,0,0,0,0,0,0,0,0,0,0,0,0,0,119,0,1,0,0,0,0,0,0,0,0,0,0,0,0,1,0,0,0,0,"Matched (3)"
"300408","inositol",892,"551-72-4","8LQ63P85IC","","Derivatized GCMS",29jul2022,217,1,0,,15,11,0,0,0,0,0,0,0,0,0,0,0,0,0,0,0,0,0,0,0,0,0,209,0,0,0,0,0,0,0,0,0,0,0,0,0,1,0,0,0,0,0,"Matched (3)"
"300408","non-specific sugars",,"","","","Derivatized GCMS",29jul2022,217,1,0,,15,11,0,0,0,0,0,0,0,0,0,0,0,0,0,0,0,0,0,0,0,0,0,259,0,0,0,0,0,0,0,0,0,0,0,0,0,1,0,0,0,0,0,"Matched (3)"
"300408","heroin",5462328,"561-27-3","70D95007SX","","GCMS",29jul2022,217,1,0,,15,11,0,0,0,0,0,0,0,0,0,0,0,0,0,0,0,0,0,0,0,0,0,201,1,1,0,0,0,0,0,0,0,0,0,0,0,0,0,0,0,0,0,"Matched (3)"
"300408","fentanyl",3345,"437-38-7","UF599785JZ","","GCMS",29jul2022,217,1,0,,15,11,0,1,1,0,0,0,0,0,0,0,0,0,0,0,0,0,0,0,0,0,0,191,1,1,0,0,0,0,0,0,0,0,0,0,0,0,0,0,0,0,0,"Matched (3)"
"300408","quinine",3034034,"72402-53-0","A7V27PHC7A","","Derivatized GCMS",29jul2022,217,1,0,,15,11,0,0,0,0,0,0,0,0,0,0,0,0,0,0,0,0,0,0,0,0,0,294,0,0,0,0,0,0,0,0,0,0,0,0,0,1,0,0,0,0,0,"Matched (3)"
"300408","diphenhydramine",3100,"58-73-1","8GTS82S83M","trace","GCMS",29jul2022,217,0,1,,15,11,0,0,0,0,0,0,0,0,0,0,0,0,0,0,0,0,0,0,0,0,0,176,0,0,0,0,0,0,0,0,0,0,0,0,0,1,0,0,0,0,0,"Matched (3)"
"300408","metonitazene",53316366,"14680-51-4","A7FF4K4CWB","","GCMS",29jul2022,217,1,0,,15,11,0,0,0,0,0,0,0,0,0,0,0,0,0,0,0,0,0,0,0,0,0,243,1,1,0,0,0,0,0,0,1,1,0,0,0,0,0,0,0,0,0,"Matched (3)"
"300409","phenethyl 4-ANPP",165365057,"","","","GCMS",16aug2022,218,1,0,,4,4,0,0,0,0,0,0,0,0,0,0,0,0,0,0,0,0,0,0,0,0,0,281,1,1,0,0,0,0,0,0,0,0,0,0,0,0,0,0,1,0,0,"Matched (3)"
"300409","1-phenyl-1-propanamine",18054,"2941-20-0","","","GCMS",16aug2022,218,1,0,,4,4,0,0,0,0,0,0,0,0,0,0,0,0,0,0,0,0,0,0,0,0,0,11,0,0,0,0,0,0,0,0,0,0,0,0,0,0,0,0,0,0,0,"Matched (3)"
"300409","methamphetamine",10836,"537-46-2","44RAL3456C","","GCMS",16aug2022,218,1,0,,4,4,0,0,0,0,0,0,1,1,0,0,0,0,0,0,0,0,0,0,0,0,0,231,0,0,0,0,0,0,0,0,0,0,0,0,0,0,0,0,0,0,0,"Matched (3)"
"300409","fentanyl",3345,"437-38-7","UF599785JZ","","GCMS",16aug2022,218,1,0,,4,4,0,1,1,0,0,0,0,0,0,0,0,0,0,0,0,0,0,0,0,0,0,191,1,1,0,0,0,0,0,0,0,0,0,0,0,0,0,0,0,0,0,"Matched (3)"
"300410","methamphetamine",10836,"537-46-2","44RAL3456C","","GCMS",20jul2022,219,1,0,,1,1,0,0,0,0,0,0,1,1,0,0,0,0,0,0,0,0,0,0,0,0,0,231,0,0,0,0,0,0,0,0,0,0,0,0,0,0,0,0,0,0,0,"Matched (3)"
"300414","4-ANPP",88890,"21409-26-7","Q88EHD0U8G","","GCMS",16aug2022,222,1,0,,3,3,0,0,0,0,0,0,0,0,0,0,0,0,0,0,0,0,0,0,0,0,0,44,1,1,0,0,0,0,0,0,0,0,0,0,0,0,0,0,1,0,0,"Matched (3)"
"300414","fentanyl",3345,"437-38-7","UF599785JZ","","GCMS",16aug2022,222,1,0,,3,3,0,1,1,0,0,0,0,0,0,0,0,0,0,0,0,0,0,0,0,0,0,191,1,1,0,0,0,0,0,0,0,0,0,0,0,0,0,0,0,0,0,"Matched (3)"
"300414","caffeine",2519,"58-08-2","3G6A5W338E","","GCMS",16aug2022,222,1,0,,3,3,0,0,0,0,0,0,0,0,0,0,1,0,0,0,0,0,0,0,0,0,0,140,0,0,0,0,0,0,0,0,0,0,0,0,0,1,0,0,0,0,0,"Matched (3)"
"300425","fentanyl",3345,"437-38-7","UF599785JZ","","GCMS",20jul2022,232,1,0,,3,2,0,1,1,0,0,0,0,0,0,0,0,0,0,0,0,0,0,0,0,0,0,191,1,1,0,0,0,0,0,0,0,0,0,0,0,0,0,0,0,0,0,"Matched (3)"
"300425","non-specific sugars",,"","","","Derivatized GCMS",20jul2022,232,1,0,,3,2,0,0,0,0,0,0,0,0,0,0,0,0,0,0,0,0,0,0,0,0,0,259,0,0,0,0,0,0,0,0,0,0,0,0,0,1,0,0,0,0,0,"Matched (3)"
"300425","4-ANPP",88890,"21409-26-7","Q88EHD0U8G","trace","GCMS",20jul2022,232,0,1,,3,2,0,0,0,0,0,0,0,0,0,0,0,0,0,0,0,0,0,0,0,0,0,44,0,1,0,0,0,0,0,0,0,0,0,0,0,0,0,0,1,0,0,"Matched (3)"
"300426","methamphetamine",10836,"537-46-2","44RAL3456C","","GCMS",16aug2022,233,1,0,,1,1,0,0,0,0,0,0,1,1,0,0,0,0,0,0,0,0,0,0,0,0,0,231,0,0,0,0,0,0,0,0,0,0,0,0,0,0,0,0,0,0,0,"Matched (3)"
"300442","methamphetamine",10836,"537-46-2","44RAL3456C","","GCMS",20jul2022,247,1,0,,1,1,0,0,0,0,0,0,1,1,0,0,0,0,0,0,0,0,0,0,0,0,0,231,0,0,0,0,0,0,0,0,0,0,0,0,0,0,0,0,0,0,0,"Matched (3)"
"300443","1-phenyl-1-propanamine",18054,"2941-20-0","","","GCMS",16aug2022,248,1,0,,5,5,0,0,0,0,0,0,0,0,0,0,0,0,0,0,0,0,0,0,0,0,0,11,0,0,0,0,0,0,0,0,0,0,0,0,0,0,0,0,0,0,0,"Matched (3)"
"300443","caffeine",2519,"58-08-2","3G6A5W338E","","GCMS",16aug2022,248,1,0,,5,5,0,0,0,0,0,0,0,0,0,0,1,0,0,0,0,0,0,0,0,0,0,140,0,0,0,0,0,0,0,0,0,0,0,0,0,1,0,0,0,0,0,"Matched (3)"
"300443","4-ANPP",88890,"21409-26-7","Q88EHD0U8G","","GCMS",16aug2022,248,1,0,,5,5,0,0,0,0,0,0,0,0,0,0,0,0,0,0,0,0,0,0,0,0,0,44,1,1,0,0,0,0,0,0,0,0,0,0,0,0,0,0,1,0,0,"Matched (3)"
"300443","phenethyl 4-ANPP",165365057,"","","","GCMS",16aug2022,248,1,0,,5,5,0,0,0,0,0,0,0,0,0,0,0,0,0,0,0,0,0,0,0,0,0,281,1,1,0,0,0,0,0,0,0,0,0,0,0,0,0,0,1,0,0,"Matched (3)"
"300443","fentanyl",3345,"437-38-7","UF599785JZ","","GCMS",16aug2022,248,1,0,,5,5,0,1,1,0,0,0,0,0,0,0,0,0,0,0,0,0,0,0,0,0,0,191,1,1,0,0,0,0,0,0,0,0,0,0,0,0,0,0,0,0,0,"Matched (3)"
"300447","fentanyl",3345,"437-38-7","UF599785JZ","","GCMS",20jul2022,252,1,0,,8,7,0,1,1,0,0,0,0,0,0,0,0,0,0,0,0,0,0,0,0,0,0,191,1,1,0,0,0,0,0,0,0,0,0,0,0,0,0,0,0,0,0,"Matched (3)"
"300447","4-ANPP",88890,"21409-26-7","Q88EHD0U8G","","GCMS",20jul2022,252,1,0,,8,7,0,0,0,0,0,0,0,0,0,0,0,0,0,0,0,0,0,0,0,0,0,44,1,1,0,0,0,0,0,0,0,0,0,0,0,0,0,0,1,0,0,"Matched (3)"
"300447","1-phenyl-1-propanamine",18054,"2941-20-0","","","GCMS",20jul2022,252,1,0,,8,7,0,0,0,0,0,0,0,0,0,0,0,0,0,0,0,0,0,0,0,0,0,11,0,0,0,0,0,0,0,0,0,0,0,0,0,0,0,0,0,0,0,"Matched (3)"
"300447","phenethyl 4-ANPP",165365057,"","","","GCMS",20jul2022,252,1,0,,8,7,0,0,0,0,0,0,0,0,0,0,0,0,0,0,0,0,0,0,0,0,0,281,1,1,0,0,0,0,0,0,0,0,0,0,0,0,0,0,1,0,0,"Matched (3)"
"300447","ethyl-4-ANPP",156346345,"","","","GCMS",20jul2022,252,1,0,,8,7,0,0,0,0,0,0,0,0,0,0,0,0,0,0,0,0,0,0,0,0,0,,0,0,0,0,0,0,0,0,0,0,0,0,0,0,0,0,1,0,0,"Matched (3)"
"300447","non-specific sugars",,"","","","Derivatized GCMS",20jul2022,252,1,0,,8,7,0,0,0,0,0,0,0,0,0,0,0,0,0,0,0,0,0,0,0,0,0,259,0,0,0,0,0,0,0,0,0,0,0,0,0,1,0,0,0,0,0,"Matched (3)"
"300447","1,3-Diacetin",66924,"105-70-4","G45CU3Z186","trace","GCMS",20jul2022,252,0,1,,8,7,0,0,0,0,0,0,0,0,0,0,0,0,0,0,0,0,0,0,0,0,0,2,0,0,0,0,0,0,0,0,0,0,0,0,0,0,0,0,0,0,0,"Matched (3)"
"300447","N-phenylpropanamide",12107,"620-71-3","UYP5ZQI00T","","GCMS",20jul2022,252,1,0,,8,7,0,0,0,0,0,0,0,0,0,0,0,0,0,0,0,0,0,0,0,0,0,104,0,0,0,0,0,0,0,0,0,0,0,0,0,0,0,0,1,0,0,"Matched (3)"
"300454","methamphetamine",10836,"537-46-2","44RAL3456C","","GCMS",20jul2022,259,1,0,,1,1,0,0,0,0,0,0,1,1,0,0,0,0,0,0,0,0,0,0,0,0,0,231,0,0,0,0,0,0,0,0,0,0,0,0,0,0,0,0,0,0,0,"Matched (3)"
"300468","methamphetamine",10836,"537-46-2","44RAL3456C","","GCMS",16aug2022,273,1,0,,1,1,0,0,0,0,0,0,1,1,0,0,0,0,0,0,0,0,0,0,0,0,0,231,0,0,0,0,0,0,0,0,0,0,0,0,0,0,0,0,0,0,0,"Matched (3)"
"300469","methamphetamine",10836,"537-46-2","44RAL3456C","","GCMS",20jul2022,274,1,0,,1,1,0,0,0,0,0,0,1,1,0,0,0,0,0,0,0,0,0,0,0,0,0,231,0,0,0,0,0,0,0,0,0,0,0,0,0,0,0,0,0,0,0,"Matched (3)"
"300502","non-specific organic acids",,"","","","GCMS",19oct2022,302,1,0,,2,1,0,0,0,0,0,0,0,0,0,0,0,0,0,0,0,0,0,0,0,0,0,256,0,0,0,0,0,0,0,0,0,0,0,0,0,0,0,0,0,0,0,"Matched (3)"
"300502","methamphetamine",10836,"537-46-2","44RAL3456C","trace","GCMS",19oct2022,302,0,1,,2,1,0,0,0,0,0,0,0,1,0,0,0,0,0,0,0,0,0,0,0,0,0,231,0,0,0,0,0,0,0,0,0,0,0,0,0,0,0,0,0,0,0,"Matched (3)"
"300503","fentanyl",3345,"437-38-7","UF599785JZ","","GCMS",11oct2022,303,1,0,,4,3,0,1,1,0,0,0,0,0,0,0,0,0,0,0,0,0,0,0,0,0,0,191,1,1,0,0,0,0,0,0,0,0,0,0,0,0,0,0,0,0,0,"Matched (3)"
"300503","4-ANPP",88890,"21409-26-7","Q88EHD0U8G","trace","GCMS",11oct2022,303,0,1,,4,3,0,0,0,0,0,0,0,0,0,0,0,0,0,0,0,0,0,0,0,0,0,44,0,1,0,0,0,0,0,0,0,0,0,0,0,0,0,0,1,0,0,"Matched (3)"
"300503","lidocaine",3676,"137-58-6","98PI200987","","GCMS",11oct2022,303,1,0,,4,3,0,0,0,0,0,0,0,0,0,0,0,0,0,0,0,0,0,0,0,0,0,216,0,0,0,0,0,0,0,0,0,0,0,0,0,1,0,0,0,0,0,"Matched (3)"
"300503","tramadol",33741,"123154-38-1","39J1LGJ30J","","GCMS",11oct2022,303,1,0,,4,3,0,0,0,0,0,0,0,0,0,0,0,0,0,0,1,0,0,0,0,0,0,313,1,1,0,0,0,0,0,0,0,0,0,0,0,0,0,0,0,0,0,"Matched (3)"
"300520","valeryl fentanyl",21595398,"122882-90-0","VUG0EQK700","trace","GCMS",28oct2022,318,0,1,,7,5,0,0,0,0,0,0,0,0,0,0,0,0,0,0,0,0,0,0,0,0,0,318,0,1,0,0,0,0,0,0,0,0,0,0,0,0,0,0,0,0,0,"Matched (3)"
"300520","procaine",4914,"59-46-1","4Z8Y51M438","","GCMS",28oct2022,318,1,0,,7,5,0,0,0,0,0,0,0,0,0,0,0,0,0,0,0,0,0,0,0,0,0,287,0,0,0,0,0,0,0,0,0,0,0,0,0,1,0,0,0,0,0,"Matched (3)"
"300520","fentanyl",3345,"437-38-7","UF599785JZ","","GCMS",28oct2022,318,1,0,,7,5,0,1,1,0,0,0,0,0,0,0,0,0,0,0,0,0,0,0,0,0,0,191,1,1,0,0,0,0,0,0,0,0,0,0,0,0,0,0,0,0,0,"Matched (3)"
"300520","xylazine",5707,"7361-61-7","2KFG9TP5V8","","GCMS",28oct2022,318,1,0,,7,5,0,0,0,1,1,0,0,0,0,0,0,0,0,0,0,0,0,0,0,0,0,324,1,1,0,0,0,0,0,0,0,0,0,0,0,0,0,0,0,0,0,"Matched (3)"
"300520","p-fluorofentanyl",62300,"90736-23-5","I45R05QM0Z","","GCMS",28oct2022,318,1,0,,7,5,0,0,0,0,0,0,0,0,0,0,0,0,0,0,0,0,0,0,0,0,0,275,1,1,0,0,0,0,0,0,0,0,0,0,0,0,0,0,0,0,0,"Matched (3)"
"300520","caffeine",2519,"58-08-2","3G6A5W338E","trace","GCMS",28oct2022,318,0,1,,7,5,0,0,0,0,0,0,0,0,0,0,0,0,0,0,0,0,0,0,0,0,0,140,0,0,0,0,0,0,0,0,0,0,0,0,0,1,0,0,0,0,0,"Matched (3)"
"300520","4-ANPP",88890,"21409-26-7","Q88EHD0U8G","","GCMS",28oct2022,318,1,0,,7,5,0,0,0,0,0,0,0,0,0,0,0,0,0,0,0,0,0,0,0,0,0,44,1,1,0,0,0,0,0,0,0,0,0,0,0,0,0,0,1,0,0,"Matched (3)"
"300527","non-specific organic acids",,"","","","GCMS",31oct2022,321,1,0,,1,1,0,0,0,0,0,0,0,0,0,0,0,0,0,0,0,0,0,0,0,0,0,256,0,0,0,0,0,0,0,0,0,0,0,0,0,0,0,0,0,0,0,"Matched (3)"
"300536","methamphetamine",10836,"537-46-2","44RAL3456C","","GCMS",11oct2022,326,1,0,,1,1,0,0,0,0,0,0,1,1,0,0,0,0,0,0,0,0,0,0,0,0,0,231,0,0,0,0,0,0,0,0,0,0,0,0,0,0,0,0,0,0,0,"Matched (3)"
"300537","fentanyl",3345,"437-38-7","UF599785JZ","trace","GCMS",18oct2022,327,0,1,,2,1,0,0,1,0,0,0,0,0,0,0,0,0,0,0,0,0,0,0,0,0,0,191,0,1,0,0,0,0,0,0,0,0,0,0,0,0,0,0,0,0,0,"Matched (3)"
"300537","methamphetamine",10836,"537-46-2","44RAL3456C","","GCMS",18oct2022,327,1,0,,2,1,0,0,0,0,0,0,1,1,0,0,0,0,0,0,0,0,0,0,0,0,0,231,0,0,0,0,0,0,0,0,0,0,0,0,0,0,0,0,0,0,0,"Matched (3)"
"300542","4-ANPP",88890,"21409-26-7","Q88EHD0U8G","","GCMS",31jan2023,331,1,0,,4,2,0,0,0,0,0,0,0,0,0,0,0,0,0,0,0,0,0,0,0,0,0,44,1,1,0,0,0,0,0,0,0,0,0,0,0,0,0,0,1,0,0,"Matched (3)"
"300542","ethyl-4-ANPP",156346345,"","","trace","GCMS",31jan2023,331,0,1,,4,2,0,0,0,0,0,0,0,0,0,0,0,0,0,0,0,0,0,0,0,0,0,,0,0,0,0,0,0,0,0,0,0,0,0,0,0,0,0,1,0,0,"Matched (3)"
"300542","fentanyl",3345,"437-38-7","UF599785JZ","","GCMS",31jan2023,331,1,0,,4,2,0,1,1,0,0,0,0,0,0,0,0,0,0,0,0,0,0,0,0,0,0,191,1,1,0,0,0,0,0,0,0,0,0,0,0,0,0,0,0,0,0,"Matched (3)"
"300542","1,3-Diacetin",66924,"105-70-4","G45CU3Z186","trace","GCMS",31jan2023,331,0,1,,4,2,0,0,0,0,0,0,0,0,0,0,0,0,0,0,0,0,0,0,0,0,0,2,0,0,0,0,0,0,0,0,0,0,0,0,0,0,0,0,0,0,0,"Matched (3)"
"300544","fentanyl",3345,"437-38-7","UF599785JZ","","GCMS",28nov2022,332,1,0,,7,4,0,1,1,0,0,0,0,0,0,0,0,0,0,0,0,0,0,0,0,0,0,191,1,1,0,0,0,0,0,0,0,0,0,0,0,0,0,0,0,0,0,"Matched (3)"
"300544","4-ANPP",88890,"21409-26-7","Q88EHD0U8G","","GCMS",28nov2022,332,1,0,,7,4,0,0,0,0,0,0,0,0,0,0,0,0,0,0,0,0,0,0,0,0,0,44,1,1,0,0,0,0,0,0,0,0,0,0,0,0,0,0,1,0,0,"Matched (3)"
"300544","phenethyl 4-ANPP",165365057,"","","trace","GCMS",28nov2022,332,0,1,,7,4,0,0,0,0,0,0,0,0,0,0,0,0,0,0,0,0,0,0,0,0,0,281,0,1,0,0,0,0,0,0,0,0,0,0,0,0,0,0,1,0,0,"Matched (3)"
"300544","quinine",3034034,"72402-53-0","A7V27PHC7A","trace","GCMS",28nov2022,332,0,1,,7,4,0,0,0,0,0,0,0,0,0,0,0,0,0,0,0,0,0,0,0,0,0,294,0,0,0,0,0,0,0,0,0,0,0,0,0,1,0,0,0,0,0,"Matched (3)"
"300544","xylazine",5707,"7361-61-7","2KFG9TP5V8","","GCMS",28nov2022,332,1,0,,7,4,0,0,0,1,1,0,0,0,0,0,0,0,0,0,0,0,0,0,0,0,0,324,1,1,0,0,0,0,0,0,0,0,0,0,0,0,0,0,0,0,0,"Matched (3)"
"300544","procaine",4914,"59-46-1","4Z8Y51M438","","GCMS",28nov2022,332,1,0,,7,4,0,0,0,0,0,0,0,0,0,0,0,0,0,0,0,0,0,0,0,0,0,287,0,0,0,0,0,0,0,0,0,0,0,0,0,1,0,0,0,0,0,"Matched (3)"
"300544","N-phenylpropanamide",12107,"620-71-3","UYP5ZQI00T","trace","GCMS",28nov2022,332,0,1,,7,4,0,0,0,0,0,0,0,0,0,0,0,0,0,0,0,0,0,0,0,0,0,104,0,0,0,0,0,0,0,0,0,0,0,0,0,0,0,0,1,0,0,"Matched (3)"
"300547","methamphetamine",10836,"537-46-2","44RAL3456C","","GCMS",28aug2022,334,1,0,,1,1,0,0,0,0,0,0,1,1,0,0,0,0,0,0,0,0,0,0,0,0,0,231,0,0,0,0,0,0,0,0,0,0,0,0,0,0,0,0,0,0,0,"Matched (3)"
"300562","methamphetamine",10836,"537-46-2","44RAL3456C","","GCMS",28oct2022,346,1,0,,1,1,0,0,0,0,0,0,1,1,0,0,0,0,0,0,0,0,0,0,0,0,0,231,0,0,0,0,0,0,0,0,0,0,0,0,0,0,0,0,0,0,0,"Matched (3)"
"300564","phenethyl 4-ANPP",165365057,"","","","GCMS",25aug2022,348,1,0,,4,3,0,0,0,0,0,0,0,0,0,0,0,0,0,0,0,0,0,0,0,0,0,281,1,1,0,0,0,0,0,0,0,0,0,0,0,0,0,0,1,0,0,"Matched (3)"
"300564","p-fluorofentanyl",62300,"90736-23-5","I45R05QM0Z","trace","GCMS",25aug2022,348,0,1,,4,3,0,0,0,0,0,0,0,0,0,0,0,0,0,0,0,0,0,0,0,0,0,275,0,1,0,0,0,0,0,0,0,0,0,0,0,0,0,0,0,0,0,"Matched (3)"
"300564","fentanyl",3345,"437-38-7","UF599785JZ","","GCMS",25aug2022,348,1,0,,4,3,0,1,1,0,0,0,0,0,0,0,0,0,0,0,0,0,0,0,0,0,0,191,1,1,0,0,0,0,0,0,0,0,0,0,0,0,0,0,0,0,0,"Matched (3)"
"300564","4-ANPP",88890,"21409-26-7","Q88EHD0U8G","","GCMS",25aug2022,348,1,0,,4,3,0,0,0,0,0,0,0,0,0,0,0,0,0,0,0,0,0,0,0,0,0,44,1,1,0,0,0,0,0,0,0,0,0,0,0,0,0,0,1,0,0,"Matched (3)"
"300567","procaine",4914,"59-46-1","4Z8Y51M438","trace","GCMS",28oct2022,351,0,1,,6,2,0,0,0,0,0,0,0,0,0,0,0,0,0,0,0,0,0,0,0,0,0,287,0,0,0,0,0,0,0,0,0,0,0,0,0,1,0,0,0,0,0,"Matched (3)"
"300567","ethyl-4-ANPP",156346345,"","","trace","GCMS",28oct2022,351,0,1,,6,2,0,0,0,0,0,0,0,0,0,0,0,0,0,0,0,0,0,0,0,0,0,,0,0,0,0,0,0,0,0,0,0,0,0,0,0,0,0,1,0,0,"Matched (3)"
"300567","fentanyl",3345,"437-38-7","UF599785JZ","","GCMS",28oct2022,351,1,0,,6,2,0,1,1,0,0,0,0,0,0,0,0,0,0,0,0,0,0,0,0,0,0,191,1,1,0,0,0,0,0,0,0,0,0,0,0,0,0,0,0,0,0,"Matched (3)"
"300567","p-fluorofentanyl",62300,"90736-23-5","I45R05QM0Z","trace","GCMS",28oct2022,351,0,1,,6,2,0,0,0,0,0,0,0,0,0,0,0,0,0,0,0,0,0,0,0,0,0,275,0,1,0,0,0,0,0,0,0,0,0,0,0,0,0,0,0,0,0,"Matched (3)"
"300567","4-ANPP",88890,"21409-26-7","Q88EHD0U8G","","GCMS",28oct2022,351,1,0,,6,2,0,0,0,0,0,0,0,0,0,0,0,0,0,0,0,0,0,0,0,0,0,44,1,1,0,0,0,0,0,0,0,0,0,0,0,0,0,0,1,0,0,"Matched (3)"
"300567","tramadol",33741,"123154-38-1","39J1LGJ30J","trace","GCMS",28oct2022,351,0,1,,6,2,0,0,0,0,0,0,0,0,0,0,0,0,0,0,1,0,0,0,0,0,0,313,0,1,0,0,0,0,0,0,0,0,0,0,0,0,0,0,0,0,0,"Matched (3)"
"300569","methamphetamine",10836,"537-46-2","44RAL3456C","","GCMS",11may2023,353,1,0,,1,1,0,0,0,0,0,0,1,1,0,0,0,0,0,0,0,0,0,0,0,0,0,231,0,0,0,0,0,0,0,0,0,0,0,0,0,0,0,0,0,0,0,"Matched (3)"
"300571","fentanyl",3345,"437-38-7","UF599785JZ","","GCMS",05dec2022,354,1,0,,6,4,0,1,1,0,0,0,0,0,0,0,0,0,0,0,0,0,0,0,0,0,0,191,1,1,0,0,0,0,0,0,0,0,0,0,0,0,0,0,0,0,0,"Matched (3)"
"300571","xylazine",5707,"7361-61-7","2KFG9TP5V8","trace","GCMS",05dec2022,354,0,1,,6,4,0,0,0,0,1,1,0,0,0,0,0,0,0,0,0,0,0,0,0,0,0,324,0,1,0,0,0,0,0,0,0,0,0,0,0,0,0,0,0,0,0,"Matched (3)"
"300571","N-phenylpropanamide",12107,"620-71-3","UYP5ZQI00T","","GCMS",05dec2022,354,1,0,,6,4,0,0,0,0,0,0,0,0,0,0,0,0,0,0,0,0,0,0,0,0,0,104,0,0,0,0,0,0,0,0,0,0,0,0,0,0,0,0,1,0,0,"Matched (3)"
"300571","4-ANPP",88890,"21409-26-7","Q88EHD0U8G","","GCMS",05dec2022,354,1,0,,6,4,0,0,0,0,0,0,0,0,0,0,0,0,0,0,0,0,0,0,0,0,0,44,1,1,0,0,0,0,0,0,0,0,0,0,0,0,0,0,1,0,0,"Matched (3)"
"300571","delta-9-THC",16078,"8/3/1972","7J8897W37S","","GCMS",05dec2022,354,1,0,,6,4,0,0,0,0,0,0,0,0,0,0,0,0,0,0,0,0,0,0,0,0,0,157,0,0,0,0,0,0,0,0,0,0,0,0,0,0,0,1,0,0,0,"Matched (3)"
"300571","methamphetamine",10836,"537-46-2","44RAL3456C","trace","GCMS",05dec2022,354,0,1,,6,4,0,0,0,0,0,0,0,1,0,0,0,0,0,0,0,0,0,0,0,0,0,231,0,0,0,0,0,0,0,0,0,0,0,0,0,0,0,0,0,0,0,"Matched (3)"
"300578","methamphetamine",10836,"537-46-2","44RAL3456C","","GCMS",11oct2022,359,1,0,,1,1,0,0,0,0,0,0,1,1,0,0,0,0,0,0,0,0,0,0,0,0,0,231,0,0,0,0,0,0,0,0,0,0,0,0,0,0,0,0,0,0,0,"Matched (3)"
"300579","1-phenyl-1-propanamine",18054,"2941-20-0","","","GCMS",19oct2022,360,1,0,,8,7,0,0,0,0,0,0,0,0,0,0,0,0,0,0,0,0,0,0,0,0,0,11,0,0,0,0,0,0,0,0,0,0,0,0,0,0,0,0,0,0,0,"Matched (3)"
"300579","phenethyl 4-ANPP",165365057,"","","","GCMS",19oct2022,360,1,0,,8,7,0,0,0,0,0,0,0,0,0,0,0,0,0,0,0,0,0,0,0,0,0,281,1,1,0,0,0,0,0,0,0,0,0,0,0,0,0,0,1,0,0,"Matched (3)"
"300579","4-ANPP",88890,"21409-26-7","Q88EHD0U8G","","GCMS",19oct2022,360,1,0,,8,7,0,0,0,0,0,0,0,0,0,0,0,0,0,0,0,0,0,0,0,0,0,44,1,1,0,0,0,0,0,0,0,0,0,0,0,0,0,0,1,0,0,"Matched (3)"
"300579","fentanyl",3345,"437-38-7","UF599785JZ","","GCMS",19oct2022,360,1,0,,8,7,0,1,1,0,0,0,0,0,0,0,0,0,0,0,0,0,0,0,0,0,0,191,1,1,0,0,0,0,0,0,0,0,0,0,0,0,0,0,0,0,0,"Matched (3)"
"300579","cocaine",446220,"50-36-2","I5Y540LHVR","trace","GCMS",19oct2022,360,0,1,,8,7,0,0,0,0,0,0,0,0,0,1,0,0,0,0,0,0,0,0,0,0,0,150,0,0,0,0,0,0,0,0,0,0,0,0,0,0,0,0,0,0,0,"Matched (3)"
"300579","heroin",5462328,"561-27-3","70D95007SX","","GCMS",19oct2022,360,1,0,,8,7,0,0,0,0,0,0,0,0,0,0,0,0,0,0,0,0,0,0,0,0,0,201,1,1,0,0,0,0,0,0,0,0,0,0,0,0,0,0,0,0,0,"Matched (3)"
"300579","methamphetamine",10836,"537-46-2","44RAL3456C","","GCMS",19oct2022,360,1,0,,8,7,0,0,0,0,0,0,1,1,0,0,0,0,0,0,0,0,0,0,0,0,0,231,0,0,0,0,0,0,0,0,0,0,0,0,0,0,0,0,0,0,0,"Matched (3)"
"300579","non-specific organic acids",,"","","","GCMS",19oct2022,360,1,0,,8,7,0,0,0,0,0,0,0,0,0,0,0,0,0,0,0,0,0,0,0,0,0,256,0,0,0,0,0,0,0,0,0,0,0,0,0,0,0,0,0,0,0,"Matched (3)"
"300594","clonazolam",12317881,"33887-02-4","HJH52YYC1X","","GCMS",11oct2022,369,1,0,,3,2,0,0,0,0,0,0,0,0,0,0,0,0,0,0,0,0,0,0,0,0,0,149,0,0,0,0,1,1,1,1,0,0,0,0,0,0,0,0,0,0,0,"Matched (3)"
"300594","non-specific organic acids",,"","","","GCMS",11oct2022,369,1,0,,3,2,0,0,0,0,0,0,0,0,0,0,0,0,0,0,0,0,0,0,0,0,0,256,0,0,0,0,0,0,0,0,0,0,0,0,0,0,0,0,0,0,0,"Matched (3)"
"300594","8-aminoclonazolam",,"","","trace","GCMS",11oct2022,369,0,1,,3,2,0,0,0,0,0,0,0,0,0,0,0,0,0,0,0,0,0,0,0,0,0,69,0,0,0,0,0,1,0,1,0,0,0,0,0,0,0,0,0,0,0,"Matched (3)"
"300812","fentanyl",3345,"437-38-7","UF599785JZ","","GCMS",27mar2023,528,1,0,,3,3,0,1,1,0,0,0,0,0,0,0,0,0,0,0,0,0,0,0,0,0,0,191,1,1,0,0,0,0,0,0,0,0,0,0,0,0,0,0,0,0,0,"Matched (3)"
"300812","xylazine",5707,"7361-61-7","2KFG9TP5V8","","GCMS",27mar2023,528,1,0,,3,3,0,0,0,1,1,0,0,0,0,0,0,0,0,0,0,0,0,0,0,0,0,324,1,1,0,0,0,0,0,0,0,0,0,0,0,0,0,0,0,0,0,"Matched (3)"
"300812","4-ANPP",88890,"21409-26-7","Q88EHD0U8G","","GCMS",27mar2023,528,1,0,,3,3,0,0,0,0,0,0,0,0,0,0,0,0,0,0,0,0,0,0,0,0,0,44,1,1,0,0,0,0,0,0,0,0,0,0,0,0,0,0,1,0,0,"Matched (3)"
"300833","ethyl-4-ANPP",156346345,"","","trace","GCMS",31jan2023,544,0,1,,4,2,0,0,0,0,0,0,0,0,0,0,0,0,0,0,0,0,0,0,0,0,0,,0,0,0,0,0,0,0,0,0,0,0,0,0,0,0,0,1,0,0,"Matched (3)"
"300833","4-ANPP",88890,"21409-26-7","Q88EHD0U8G","","GCMS",31jan2023,544,1,0,,4,2,0,0,0,0,0,0,0,0,0,0,0,0,0,0,0,0,0,0,0,0,0,44,1,1,0,0,0,0,0,0,0,0,0,0,0,0,0,0,1,0,0,"Matched (3)"
"300833","phenethyl bromide",7666,"103-63-9","96O442668X","trace","GCMS",31jan2023,544,0,1,,4,2,0,0,0,0,0,0,0,0,0,0,0,0,0,0,0,0,0,0,0,0,0,,0,0,0,0,0,0,0,0,0,0,0,0,0,0,0,0,0,0,0,"Matched (3)"
"300833","fentanyl",3345,"437-38-7","UF599785JZ","","GCMS",31jan2023,544,1,0,,4,2,0,1,1,0,0,0,0,0,0,0,0,0,0,0,0,0,0,0,0,0,0,191,1,1,0,0,0,0,0,0,0,0,0,0,0,0,0,0,0,0,0,"Matched (3)"
"300858","4-ANPP",88890,"21409-26-7","Q88EHD0U8G","","GCMS",05jan2023,561,1,0,,3,3,0,0,0,0,0,0,0,0,0,0,0,0,0,0,0,0,0,0,0,0,0,44,1,1,0,0,0,0,0,0,0,0,0,0,0,0,0,0,1,0,0,"Matched (3)"
"300858","fentanyl",3345,"437-38-7","UF599785JZ","","GCMS",05jan2023,561,1,0,,3,3,0,1,1,0,0,0,0,0,0,0,0,0,0,0,0,0,0,0,0,0,0,191,1,1,0,0,0,0,0,0,0,0,0,0,0,0,0,0,0,0,0,"Matched (3)"
"300858","methamphetamine",10836,"537-46-2","44RAL3456C","","GCMS",05jan2023,561,1,0,,3,3,0,0,0,0,0,0,1,1,0,0,0,0,0,0,0,0,0,0,0,0,0,231,0,0,0,0,0,0,0,0,0,0,0,0,0,0,0,0,0,0,0,"Matched (3)"
"300859","N-phenylpropanamide",12107,"620-71-3","UYP5ZQI00T","","GCMS",28nov2022,562,1,0,,4,3,0,0,0,0,0,0,0,0,0,0,0,0,0,0,0,0,0,0,0,0,0,104,0,0,0,0,0,0,0,0,0,0,0,0,0,0,0,0,1,0,0,"Matched (3)"
"300859","4-ANPP",88890,"21409-26-7","Q88EHD0U8G","trace","GCMS",28nov2022,562,0,1,,4,3,0,0,0,0,0,0,0,0,0,0,0,0,0,0,0,0,0,0,0,0,0,44,0,1,0,0,0,0,0,0,0,0,0,0,0,0,0,0,1,0,0,"Matched (3)"
"300859","fentanyl",3345,"437-38-7","UF599785JZ","","GCMS",28nov2022,562,1,0,,4,3,0,1,1,0,0,0,0,0,0,0,0,0,0,0,0,0,0,0,0,0,0,191,1,1,0,0,0,0,0,0,0,0,0,0,0,0,0,0,0,0,0,"Matched (3)"
"300859","xylazine",5707,"7361-61-7","2KFG9TP5V8","","GCMS",28nov2022,562,1,0,,4,3,0,0,0,1,1,0,0,0,0,0,0,0,0,0,0,0,0,0,0,0,0,324,1,1,0,0,0,0,0,0,0,0,0,0,0,0,0,0,0,0,0,"Matched (3)"
"300863","delta-9-THC",16078,"8/3/1972","7J8897W37S","trace","GCMS",04jan2023,565,0,1,,4,2,0,0,0,0,0,0,0,0,0,0,0,0,0,0,0,0,0,0,0,0,0,157,0,0,0,0,0,0,0,0,0,0,0,0,0,0,0,1,0,0,0,"Matched (3)"
"300863","cocaine",446220,"50-36-2","I5Y540LHVR","","GCMS",04jan2023,565,1,0,,4,2,0,0,0,0,0,0,0,0,1,1,0,0,0,0,0,0,0,0,0,0,0,150,0,0,0,0,0,0,0,0,0,0,0,0,0,0,0,0,0,0,0,"Matched (3)"
"300863","phenacetin",4754,"62-44-2","ER0CTH01H9","","GCMS",04jan2023,565,1,0,,4,2,0,0,0,0,0,0,0,0,0,0,0,0,0,0,0,0,0,0,0,0,0,280,0,0,0,0,0,0,0,0,0,0,0,0,0,1,0,0,0,0,0,"Matched (3)"
"300863","ketamine",3821,"6740-88-1","690G0D6V8H","trace","GCMS",04jan2023,565,0,1,,4,2,0,0,0,0,0,0,0,0,0,0,0,0,0,0,0,0,0,1,0,0,0,212,0,0,0,0,0,0,0,0,0,0,0,0,0,0,0,0,0,0,0,"Matched (3)"
"300869","fentanyl",3345,"437-38-7","UF599785JZ","","GCMS",15may2023,569,1,0,,6,3,0,1,1,0,0,0,0,0,0,0,0,0,0,0,0,0,0,0,0,0,0,191,1,1,0,0,0,0,0,0,0,0,0,0,0,0,0,0,0,0,0,"Matched (3)"
"300869","ethyl-4-ANPP",156346345,"","","trace","GCMS",15may2023,569,0,1,,6,3,0,0,0,0,0,0,0,0,0,0,0,0,0,0,0,0,0,0,0,0,0,,0,0,0,0,0,0,0,0,0,0,0,0,0,0,0,0,1,0,0,"Matched (3)"
"300869","tramadol",33741,"123154-38-1","39J1LGJ30J","","GCMS",15may2023,569,1,0,,6,3,0,0,0,0,0,0,0,0,0,0,0,0,0,0,1,0,0,0,0,0,0,313,1,1,0,0,0,0,0,0,0,0,0,0,0,0,0,0,0,0,0,"Matched (3)"
"300869","phenethyl 4-ANPP",165365057,"","","trace","GCMS",15may2023,569,0,1,,6,3,0,0,0,0,0,0,0,0,0,0,0,0,0,0,0,0,0,0,0,0,0,281,0,1,0,0,0,0,0,0,0,0,0,0,0,0,0,0,1,0,0,"Matched (3)"
"300869","1-phenethyl-4-hydroxypiperidine",,"","","trace","GCMS",15may2023,569,0,1,,6,3,0,0,0,0,0,0,0,0,0,0,0,0,0,0,0,0,0,0,0,0,0,9,0,1,0,0,0,0,0,0,0,0,0,0,0,0,0,0,0,0,0,"Matched (3)"
"300869","4-ANPP",88890,"21409-26-7","Q88EHD0U8G","","GCMS",15may2023,569,1,0,,6,3,0,0,0,0,0,0,0,0,0,0,0,0,0,0,0,0,0,0,0,0,0,44,1,1,0,0,0,0,0,0,0,0,0,0,0,0,0,0,1,0,0,"Matched (3)"
"300889","methamphetamine",10836,"537-46-2","44RAL3456C","","GCMS",04jul2023,583,1,0,,1,1,0,0,0,0,0,0,1,1,0,0,0,0,0,0,0,0,0,0,0,0,0,231,0,0,0,0,0,0,0,0,0,0,0,0,0,0,0,0,0,0,0,"Matched (3)"
"300891","cocaine",446220,"50-36-2","I5Y540LHVR","","GCMS",04jan2023,585,1,0,,3,1,0,0,0,0,0,0,0,0,1,1,0,0,0,0,0,0,0,0,0,0,0,150,0,0,0,0,0,0,0,0,0,0,0,0,0,0,0,0,0,0,0,"Matched (3)"
"300891","ketamine",3821,"6740-88-1","690G0D6V8H","trace","GCMS",04jan2023,585,0,1,,3,1,0,0,0,0,0,0,0,0,0,0,0,0,0,0,0,0,0,1,0,0,0,212,0,0,0,0,0,0,0,0,0,0,0,0,0,0,0,0,0,0,0,"Matched (3)"
"300891","methyl ecgonidine (MED)",119478,"43021-26-7","58C337KP3E","trace","GCMS",04jan2023,585,0,1,,3,1,0,0,0,0,0,0,0,0,0,0,0,0,0,0,0,0,0,0,0,0,0,,0,0,0,0,0,0,0,0,0,0,0,0,0,0,0,0,0,0,0,"Matched (3)"
"300892","methamphetamine",10836,"537-46-2","44RAL3456C","","GCMS",04jul2023,586,1,0,,1,1,0,0,0,0,0,0,1,1,0,0,0,0,0,0,0,0,0,0,0,0,0,231,0,0,0,0,0,0,0,0,0,0,0,0,0,0,0,0,0,0,0,"Matched (3)"
"300893","methamphetamine",10836,"537-46-2","44RAL3456C","","GCMS",04jan2023,587,1,0,,1,1,0,0,0,0,0,0,1,1,0,0,0,0,0,0,0,0,0,0,0,0,0,231,0,0,0,0,0,0,0,0,0,0,0,0,0,0,0,0,0,0,0,"Matched (3)"
"400409","4-ANPP",88890,"21409-26-7","Q88EHD0U8G","","GCMS",26jul2023,915,1,0,,7,3,0,0,0,0,0,0,0,0,0,0,0,0,0,0,0,0,0,0,0,0,0,44,1,1,0,0,0,0,0,0,0,0,0,0,0,0,0,0,1,0,0,"Matched (3)"
"400409","caffeine",2519,"58-08-2","3G6A5W338E","trace","GCMS",26jul2023,915,0,1,,7,3,0,0,0,0,0,0,0,0,0,0,0,0,0,0,0,0,0,0,0,0,0,140,0,0,0,0,0,0,0,0,0,0,0,0,0,1,0,0,0,0,0,"Matched (3)"
"400409","xylazine",5707,"7361-61-7","2KFG9TP5V8","trace","GCMS",26jul2023,915,0,1,,7,3,0,0,0,0,1,1,0,0,0,0,0,0,0,0,0,0,0,0,0,0,0,324,0,1,0,0,0,0,0,0,0,0,0,0,0,0,0,0,0,0,0,"Matched (3)"
"400409","tramadol",33741,"123154-38-1","39J1LGJ30J","trace","GCMS",26jul2023,915,0,1,,7,3,0,0,0,0,0,0,0,0,0,0,0,0,0,0,1,0,0,0,0,0,0,313,0,1,0,0,0,0,0,0,0,0,0,0,0,0,0,0,0,0,0,"Matched (3)"
"400409","fentanyl",3345,"437-38-7","UF599785JZ","","GCMS",26jul2023,915,1,0,,7,3,0,1,1,0,0,0,0,0,0,0,0,0,0,0,0,0,0,0,0,0,0,191,1,1,0,0,0,0,0,0,0,0,0,0,0,0,0,0,0,0,0,"Matched (3)"
"400409","cocaine",446220,"50-36-2","I5Y540LHVR","trace","GCMS",26jul2023,915,0,1,,7,3,0,0,0,0,0,0,0,0,0,1,0,0,0,0,0,0,0,0,0,0,0,150,0,0,0,0,0,0,0,0,0,0,0,0,0,0,0,0,0,0,0,"Matched (3)"
"400409","acetaminophen",1983,"103-90-2","362O9ITL9D","","GCMS",26jul2023,915,1,0,,7,3,0,0,0,0,0,0,0,0,0,0,0,0,0,0,0,0,0,0,0,0,0,114,0,0,0,0,0,0,0,0,0,0,0,0,0,0,0,0,0,0,0,"Matched (3)"
"400415","methamphetamine",10836,"537-46-2","44RAL3456C","","GCMS",24mar2023,919,1,0,,1,1,0,0,0,0,0,0,1,1,0,0,0,0,0,0,0,0,0,0,0,0,0,231,0,0,0,0,0,0,0,0,0,0,0,0,0,0,0,0,0,0,0,"Matched (3)"
"400423","dimethyl sulfone (methylsulfonylmethane MSM)",6213,"67-71-0","9H4PO4Z4FT","trace","GCMS",04dec2023,924,0,1,,2,1,0,0,0,0,0,0,0,0,0,0,0,0,0,0,0,0,0,0,0,0,0,,0,0,0,0,0,0,0,0,0,0,0,0,0,0,0,0,0,0,0,"Matched (3)"
"400423","methamphetamine",10836,"537-46-2","44RAL3456C","","GCMS",04dec2023,924,1,0,,2,1,0,0,0,0,0,0,1,1,0,0,0,0,0,0,0,0,0,0,0,0,0,231,0,0,0,0,0,0,0,0,0,0,0,0,0,0,0,0,0,0,0,"Matched (3)"
"400447","fentanyl",3345,"437-38-7","UF599785JZ","","GCMS",25jul2024,941,1,0,,2,2,0,1,1,0,0,0,0,0,0,0,0,0,0,0,0,0,0,0,0,0,0,191,1,1,0,0,0,0,0,0,0,0,0,0,0,0,0,0,0,0,0,"Matched (3)"
"400447","4-ANPP",88890,"21409-26-7","Q88EHD0U8G","","GCMS",25jul2024,941,1,0,,2,2,0,0,0,0,0,0,0,0,0,0,0,0,0,0,0,0,0,0,0,0,0,44,1,1,0,0,0,0,0,0,0,0,0,0,0,0,0,0,1,0,0,"Matched (3)"
"400448","methamphetamine",10836,"537-46-2","44RAL3456C","","GCMS",05sep2023,942,1,0,,2,2,0,0,0,0,0,0,1,1,0,0,0,0,0,0,0,0,0,0,0,0,0,231,0,0,0,0,0,0,0,0,0,0,0,0,0,0,0,0,0,0,0,"Matched (3)"
"400448","dimethyl sulfone (methylsulfonylmethane MSM)",6213,"67-71-0","9H4PO4Z4FT","","GCMS",05sep2023,942,1,0,,2,2,0,0,0,0,0,0,0,0,0,0,0,0,0,0,0,0,0,0,0,0,0,,0,0,0,0,0,0,0,0,0,0,0,0,0,0,0,0,0,0,0,"Matched (3)"
"400452","fentanyl",3345,"437-38-7","UF599785JZ","","GCMS",03oct2023,945,1,0,,5,3,0,1,1,0,0,0,0,0,0,0,0,0,0,0,0,0,0,0,0,0,0,191,1,1,0,0,0,0,0,0,0,0,0,0,0,0,0,0,0,0,0,"Matched (3)"
"400452","acetaminophen",1983,"103-90-2","362O9ITL9D","","GCMS",03oct2023,945,1,0,,5,3,0,0,0,0,0,0,0,0,0,0,0,0,0,0,0,0,0,0,0,0,0,114,0,0,0,0,0,0,0,0,0,0,0,0,0,0,0,0,0,0,0,"Matched (3)"
"400452","4-ANPP",88890,"21409-26-7","Q88EHD0U8G","","GCMS",03oct2023,945,1,0,,5,3,0,0,0,0,0,0,0,0,0,0,0,0,0,0,0,0,0,0,0,0,0,44,1,1,0,0,0,0,0,0,0,0,0,0,0,0,0,0,1,0,0,"Matched (3)"
"400452","xylazine",5707,"7361-61-7","2KFG9TP5V8","trace","GCMS",03oct2023,945,0,1,,5,3,0,0,0,0,1,1,0,0,0,0,0,0,0,0,0,0,0,0,0,0,0,324,0,1,0,0,0,0,0,0,0,0,0,0,0,0,0,0,0,0,0,"Matched (3)"
"400452","phenethyl 4-ANPP",165365057,"","","trace","GCMS",03oct2023,945,0,1,,5,3,0,0,0,0,0,0,0,0,0,0,0,0,0,0,0,0,0,0,0,0,0,281,0,1,0,0,0,0,0,0,0,0,0,0,0,0,0,0,1,0,0,"Matched (3)"
"400476","3,4-MDMA",1615,"42542-10-9","KE1SEN21RM","","GCMS",03oct2023,962,1,0,,1,1,0,0,0,0,0,0,0,0,0,0,0,0,0,1,0,0,0,0,0,0,0,31,0,0,0,0,0,0,0,0,0,0,0,0,0,0,0,0,0,0,0,"Matched (3)"
"400483","acetaminophen",1983,"103-90-2","362O9ITL9D","","GCMS",26jul2023,967,1,0,,5,3,0,0,0,0,0,0,0,0,0,0,0,0,0,0,0,0,0,0,0,0,0,114,0,0,0,0,0,0,0,0,0,0,0,0,0,0,0,0,0,0,0,"Matched (3)"
"400483","fentanyl",3345,"437-38-7","UF599785JZ","","GCMS",26jul2023,967,1,0,,5,3,0,1,1,0,0,0,0,0,0,0,0,0,0,0,0,0,0,0,0,0,0,191,1,1,0,0,0,0,0,0,0,0,0,0,0,0,0,0,0,0,0,"Matched (3)"
"400483","tramadol",33741,"123154-38-1","39J1LGJ30J","trace","GCMS",26jul2023,967,0,1,,5,3,0,0,0,0,0,0,0,0,0,0,0,0,0,0,1,0,0,0,0,0,0,313,0,1,0,0,0,0,0,0,0,0,0,0,0,0,0,0,0,0,0,"Matched (3)"
"400483","4-ANPP",88890,"21409-26-7","Q88EHD0U8G","","GCMS",26jul2023,967,1,0,,5,3,0,0,0,0,0,0,0,0,0,0,0,0,0,0,0,0,0,0,0,0,0,44,1,1,0,0,0,0,0,0,0,0,0,0,0,0,0,0,1,0,0,"Matched (3)"
"400483","caffeine",2519,"58-08-2","3G6A5W338E","trace","GCMS",26jul2023,967,0,1,,5,3,0,0,0,0,0,0,0,0,0,0,0,0,0,0,0,0,0,0,0,0,0,140,0,0,0,0,0,0,0,0,0,0,0,0,0,1,0,0,0,0,0,"Matched (3)"
"400488","methamphetamine",10836,"537-46-2","44RAL3456C","","GCMS",05jul2023,971,1,0,,1,1,0,0,0,0,0,0,1,1,0,0,0,0,0,0,0,0,0,0,0,0,0,231,0,0,0,0,0,0,0,0,0,0,0,0,0,0,0,0,0,0,0,"Matched (3)"
"400497","fentanyl",3345,"437-38-7","UF599785JZ","","GCMS",26jul2023,975,1,0,,4,3,0,1,1,0,0,0,0,0,0,0,0,0,0,0,0,0,0,0,0,0,0,191,1,1,0,0,0,0,0,0,0,0,0,0,0,0,0,0,0,0,0,"Matched (3)"
"400497","diphenhydramine",3100,"58-73-1","8GTS82S83M","","GCMS",26jul2023,975,1,0,,4,3,0,0,0,0,0,0,0,0,0,0,0,0,0,0,0,0,0,0,0,0,0,176,0,0,0,0,0,0,0,0,0,0,0,0,0,1,0,0,0,0,0,"Matched (3)"
"400497","methamphetamine",10836,"537-46-2","44RAL3456C","trace","GCMS",26jul2023,975,0,1,,4,3,0,0,0,0,0,0,0,1,0,0,0,0,0,0,0,0,0,0,0,0,0,231,0,0,0,0,0,0,0,0,0,0,0,0,0,0,0,0,0,0,0,"Matched (3)"
"400497","4-ANPP",88890,"21409-26-7","Q88EHD0U8G","","GCMS",26jul2023,975,1,0,,4,3,0,0,0,0,0,0,0,0,0,0,0,0,0,0,0,0,0,0,0,0,0,44,1,1,0,0,0,0,0,0,0,0,0,0,0,0,0,0,1,0,0,"Matched (3)"
"400499","gabapentin",3446,"60142-96-3","6CW7F3G59X","","GCMS",06jul2023,977,1,0,,1,1,0,0,0,0,0,0,0,0,0,0,0,1,0,0,0,0,0,0,0,0,0,196,0,0,0,0,0,0,0,0,0,0,0,0,0,0,0,0,0,0,0,"Matched (3)"
"500374","ketamine",3821,"6740-88-1","690G0D6V8H","trace","GCMS",15mar2024,1359,0,1,,1,0,0,0,0,0,0,0,0,0,0,0,0,0,0,0,0,0,0,1,0,0,0,212,0,0,0,0,0,0,0,0,0,0,0,0,0,0,0,0,0,0,0,"Matched (3)"
"500450","methamphetamine",10836,"537-46-2","44RAL3456C","","GCMS",04dec2023,1380,1,0,,1,1,0,0,0,0,0,0,1,1,0,0,0,0,0,0,0,0,0,0,0,0,0,231,0,0,0,0,0,0,0,0,0,0,0,0,0,0,0,0,0,0,0,"Matched (3)"
"500674","methamphetamine",10836,"537-46-2","44RAL3456C","","GCMS",06oct2023,1447,1,0,,1,1,0,0,0,0,0,0,1,1,0,0,0,0,0,0,0,0,0,0,0,0,0,231,0,0,0,0,0,0,0,0,0,0,0,0,0,0,0,0,0,0,0,"Matched (3)"
"500746","fentanyl",3345,"437-38-7","UF599785JZ","","GCMS",05sep2023,1462,1,0,,2,1,0,1,1,0,0,0,0,0,0,0,0,0,0,0,0,0,0,0,0,0,0,191,1,1,0,0,0,0,0,0,0,0,0,0,0,0,0,0,0,0,0,"Matched (3)"
"500746","4-ANPP",88890,"21409-26-7","Q88EHD0U8G","trace","GCMS",05sep2023,1462,0,1,,2,1,0,0,0,0,0,0,0,0,0,0,0,0,0,0,0,0,0,0,0,0,0,44,0,1,0,0,0,0,0,0,0,0,0,0,0,0,0,0,1,0,0,"Matched (3)"
"500995","N-butyl-aniline",14310,"1126-78-9","R2ZNJ7L2UM","","GCMS",29feb2024,1537,1,0,,7,6,0,0,0,0,0,0,0,0,0,0,0,0,0,0,0,0,0,0,0,0,0,92,0,0,0,0,0,0,0,0,0,0,0,0,0,0,0,0,0,0,0,"Matched (3)"
"500995","xylazine",5707,"7361-61-7","2KFG9TP5V8","","GCMS",29feb2024,1537,1,0,,7,6,0,0,0,1,1,0,0,0,0,0,0,0,0,0,0,0,0,0,0,0,0,324,1,1,0,0,0,0,0,0,0,0,0,0,0,0,0,0,0,0,0,"Matched (3)"
"500995","4-ANPP",88890,"21409-26-7","Q88EHD0U8G","","GCMS",29feb2024,1537,1,0,,7,6,0,0,0,0,0,0,0,0,0,0,0,0,0,0,0,0,0,0,0,0,0,44,1,1,0,0,0,0,0,0,0,0,0,0,0,0,0,0,1,0,0,"Matched (3)"
"500995","cocaine",446220,"50-36-2","I5Y540LHVR","trace","GCMS",29feb2024,1537,0,1,,7,6,0,0,0,0,0,0,0,0,0,1,0,0,0,0,0,0,0,0,0,0,0,150,0,0,0,0,0,0,0,0,0,0,0,0,0,0,0,0,0,0,0,"Matched (3)"
"500995","phenethyl 4-ANPP",165365057,"","","","GCMS",29feb2024,1537,1,0,,7,6,0,0,0,0,0,0,0,0,0,0,0,0,0,0,0,0,0,0,0,0,0,281,1,1,0,0,0,0,0,0,0,0,0,0,0,0,0,0,1,0,0,"Matched (3)"
"500995","fentanyl",3345,"437-38-7","UF599785JZ","","GCMS",29feb2024,1537,1,0,,7,6,0,1,1,0,0,0,0,0,0,0,0,0,0,0,0,0,0,0,0,0,0,191,1,1,0,0,0,0,0,0,0,0,0,0,0,0,0,0,0,0,0,"Matched (3)"
"500995","methamphetamine",10836,"537-46-2","44RAL3456C","","GCMS",29feb2024,1537,1,0,,7,6,0,0,0,0,0,0,1,1,0,0,0,0,0,0,0,0,0,0,0,0,0,231,0,0,0,0,0,0,0,0,0,0,0,0,0,0,0,0,0,0,0,"Matched (3)"
"601507","methamphetamine",10836,"537-46-2","44RAL3456C","trace","GCMS",07jun2024,2203,0,1,,2,1,0,0,0,0,0,0,0,1,0,0,0,0,0,0,0,0,0,0,0,0,0,231,0,0,0,0,0,0,0,0,0,0,0,0,0,0,0,0,0,0,0,"Matched (3)"
"601507","dimethyl sulfone (methylsulfonylmethane MSM)",6213,"67-71-0","9H4PO4Z4FT","","GCMS",07jun2024,2203,1,0,,2,1,0,0,0,0,0,0,0,0,0,0,0,0,0,0,0,0,0,0,0,0,0,,0,0,0,0,0,0,0,0,0,0,0,0,0,0,0,0,0,0,0,"Matched (3)"
"601563","methamphetamine",10836,"537-46-2","44RAL3456C","","GCMS",20nov2024,2234,1,0,,1,1,0,0,0,0,0,0,1,1,0,0,0,0,0,0,0,0,0,0,0,0,0,231,0,0,0,0,0,0,0,0,0,0,0,0,0,0,0,0,0,0,0,"Matched (3)"
"601617","xylazine",5707,"7361-61-7","2KFG9TP5V8","","GCMS",22aug2024,2260,1,0,,4,4,0,0,0,1,1,0,0,0,0,0,0,0,0,0,0,0,0,0,0,0,0,324,1,1,0,0,0,0,0,0,0,0,0,0,0,0,0,0,0,0,0,"Matched (3)"
"601617","fentanyl",3345,"437-38-7","UF599785JZ","","GCMS",22aug2024,2260,1,0,,4,4,0,1,1,0,0,0,0,0,0,0,0,0,0,0,0,0,0,0,0,0,0,191,1,1,0,0,0,0,0,0,0,0,0,0,0,0,0,0,0,0,0,"Matched (3)"
"601617","4-ANPP",88890,"21409-26-7","Q88EHD0U8G","","GCMS",22aug2024,2260,1,0,,4,4,0,0,0,0,0,0,0,0,0,0,0,0,0,0,0,0,0,0,0,0,0,44,1,1,0,0,0,0,0,0,0,0,0,0,0,0,0,0,1,0,0,"Matched (3)"
"601617","bis(2,2,6,6-tetramethyl-4-piperidyl) sebacate",,"","","","GCMS",22aug2024,2260,1,0,,4,4,0,0,0,0,0,0,0,0,0,0,0,0,0,0,0,0,0,0,0,1,1,135,0,0,0,0,0,0,0,0,0,0,0,0,0,0,0,0,0,0,0,"Matched (3)"
"601635","methamphetamine",10836,"537-46-2","44RAL3456C","","GCMS",05sep2024,2270,1,0,,2,2,0,0,0,0,0,0,1,1,0,0,0,0,0,0,0,0,0,0,0,0,0,231,0,0,0,0,0,0,0,0,0,0,0,0,0,0,0,0,0,0,0,"Matched (3)"
"601635","dimethyl sulfone (methylsulfonylmethane MSM)",6213,"67-71-0","9H4PO4Z4FT","","GCMS",05sep2024,2270,1,0,,2,2,0,0,0,0,0,0,0,0,0,0,0,0,0,0,0,0,0,0,0,0,0,,0,0,0,0,0,0,0,0,0,0,0,0,0,0,0,0,0,0,0,"Matched (3)"
"601705","methamphetamine",10836,"537-46-2","44RAL3456C","","GCMS",25jul2024,2312,1,0,,1,1,0,0,0,0,0,0,1,1,0,0,0,0,0,0,0,0,0,0,0,0,0,231,0,0,0,0,0,0,0,0,0,0,0,0,0,0,0,0,0,0,0,"Matched (3)"
"601786","fentanyl",3345,"437-38-7","UF599785JZ","","GCMS",01may2024,2358,1,0,,2,2,0,1,1,0,0,0,0,0,0,0,0,0,0,0,0,0,0,0,0,0,0,191,1,1,0,0,0,0,0,0,0,0,0,0,0,0,0,0,0,0,0,"Matched (3)"
"601786","4-ANPP",88890,"21409-26-7","Q88EHD0U8G","","GCMS",01may2024,2358,1,0,,2,2,0,0,0,0,0,0,0,0,0,0,0,0,0,0,0,0,0,0,0,0,0,44,1,1,0,0,0,0,0,0,0,0,0,0,0,0,0,0,1,0,0,"Matched (3)"
"601799","lidocaine",3676,"137-58-6","98PI200987","","GCMS",22aug2024,2362,1,0,,8,5,0,0,0,0,0,0,0,0,0,0,0,0,0,0,0,0,0,0,0,0,0,216,0,0,0,0,0,0,0,0,0,0,0,0,0,1,0,0,0,0,0,"Matched (3)"
"601799","bis(2,2,6,6-tetramethyl-4-piperidyl) sebacate",,"","","trace","GCMS",22aug2024,2362,0,1,,8,5,0,0,0,0,0,0,0,0,0,0,0,0,0,0,0,0,0,0,0,1,0,135,0,0,0,0,0,0,0,0,0,0,0,0,0,0,0,0,0,0,0,"Matched (3)"
"601799","acetaminophen",1983,"103-90-2","362O9ITL9D","","GCMS",22aug2024,2362,1,0,,8,5,0,0,0,0,0,0,0,0,0,0,0,0,0,0,0,0,0,0,0,0,0,114,0,0,0,0,0,0,0,0,0,0,0,0,0,0,0,0,0,0,0,"Matched (3)"
"601799","fentanyl",3345,"437-38-7","UF599785JZ","","GCMS",22aug2024,2362,1,0,,8,5,0,1,1,0,0,0,0,0,0,0,0,0,0,0,0,0,0,0,0,0,0,191,1,1,0,0,0,0,0,0,0,0,0,0,0,0,0,0,0,0,0,"Matched (3)"
"601799","xylazine",5707,"7361-61-7","2KFG9TP5V8","","GCMS",22aug2024,2362,1,0,,8,5,0,0,0,1,1,0,0,0,0,0,0,0,0,0,0,0,0,0,0,0,0,324,1,1,0,0,0,0,0,0,0,0,0,0,0,0,0,0,0,0,0,"Matched (3)"
"601799","phenethyl 4-ANPP",165365057,"","","trace","GCMS",22aug2024,2362,0,1,,8,5,0,0,0,0,0,0,0,0,0,0,0,0,0,0,0,0,0,0,0,0,0,281,0,1,0,0,0,0,0,0,0,0,0,0,0,0,0,0,1,0,0,"Matched (3)"
"601799","4-ANPP",88890,"21409-26-7","Q88EHD0U8G","","GCMS",22aug2024,2362,1,0,,8,5,0,0,0,0,0,0,0,0,0,0,0,0,0,0,0,0,0,0,0,0,0,44,1,1,0,0,0,0,0,0,0,0,0,0,0,0,0,0,1,0,0,"Matched (3)"
"601799","methamphetamine",10836,"537-46-2","44RAL3456C","trace","GCMS",22aug2024,2362,0,1,,8,5,0,0,0,0,0,0,0,1,0,0,0,0,0,0,0,0,0,0,0,0,0,231,0,0,0,0,0,0,0,0,0,0,0,0,0,0,0,0,0,0,0,"Matched (3)"
"601804","etizolam",3307,"40054-69-1","A76XI0HL37","","GCMS",01may2024,2365,1,0,,1,1,0,0,0,0,0,0,0,0,0,0,0,0,0,0,0,0,0,0,0,0,0,188,0,0,0,0,1,1,1,1,0,0,0,0,0,0,0,0,0,0,0,"Matched (3)"
"601812","despropionyl ortho-methylfentanyl",,"","","","GCMS",17sep2024,2367,1,0,,14,11,0,0,0,0,0,0,0,0,0,0,0,0,0,0,0,0,0,0,0,0,0,166,0,0,0,0,0,0,0,0,0,0,0,0,0,0,0,0,0,0,0,"Matched (3)"
"601812","1,3-Diacetin",66924,"105-70-4","G45CU3Z186","","GCMS",17sep2024,2367,1,0,,14,11,0,0,0,0,0,0,0,0,0,0,0,0,0,0,0,0,0,0,0,0,0,2,0,0,0,0,0,0,0,0,0,0,0,0,0,0,0,0,0,0,0,"Matched (3)"
"601812","caffeine",2519,"58-08-2","3G6A5W338E","","GCMS",17sep2024,2367,1,0,,14,11,0,0,0,0,0,0,0,0,0,0,1,0,0,0,0,0,0,0,0,0,0,140,0,0,0,0,0,0,0,0,0,0,0,0,0,1,0,0,0,0,0,"Matched (3)"
"601812","mannitol",6251,"69-65-8","3OWL53L36A","","GCMS",17sep2024,2367,1,0,,14,11,0,0,0,0,0,0,0,0,0,0,0,0,0,0,0,0,0,0,0,0,0,221,0,0,0,0,0,0,0,0,0,0,0,0,0,1,0,0,0,0,0,"Matched (3)"
"601812","fentanyl",3345,"437-38-7","UF599785JZ","","GCMS",17sep2024,2367,1,0,,14,11,0,1,1,0,0,0,0,0,0,0,0,0,0,0,0,0,0,0,0,0,0,191,1,1,0,0,0,0,0,0,0,0,0,0,0,0,0,0,0,0,0,"Matched (3)"
"601812","lidocaine",3676,"137-58-6","98PI200987","trace","GCMS",17sep2024,2367,0,1,,14,11,0,0,0,0,0,0,0,0,0,0,0,0,0,0,0,0,0,0,0,0,0,216,0,0,0,0,0,0,0,0,0,0,0,0,0,1,0,0,0,0,0,"Matched (3)"
"601812","tetracaine",,"","","","GCMS",17sep2024,2367,1,0,,14,11,0,0,0,0,0,0,0,0,0,0,0,0,0,0,0,0,0,0,0,0,0,308,0,0,0,0,0,0,0,0,0,0,0,0,0,0,0,0,0,0,0,"Matched (3)"
"601812","PMK ethyl glycidate",,"","","","GCMS",17sep2024,2367,1,0,,14,11,0,0,0,0,0,0,0,0,0,0,0,0,0,0,0,0,0,0,0,0,0,,0,0,0,0,0,0,0,0,0,0,0,0,0,0,0,0,0,0,0,"Matched (3)"
"601812","acetaminophen",1983,"103-90-2","362O9ITL9D","","GCMS",17sep2024,2367,1,0,,14,11,0,0,0,0,0,0,0,0,0,0,0,0,0,0,0,0,0,0,0,0,0,114,0,0,0,0,0,0,0,0,0,0,0,0,0,0,0,0,0,0,0,"Matched (3)"
"601812","cocaine",446220,"50-36-2","I5Y540LHVR","trace","GCMS",17sep2024,2367,0,1,,14,11,0,0,0,0,0,0,0,0,0,1,0,0,0,0,0,0,0,0,0,0,0,150,0,0,0,0,0,0,0,0,0,0,0,0,0,0,0,0,0,0,0,"Matched (3)"
"601812","4-ANPP",88890,"21409-26-7","Q88EHD0U8G","","GCMS",17sep2024,2367,1,0,,14,11,0,0,0,0,0,0,0,0,0,0,0,0,0,0,0,0,0,0,0,0,0,44,1,1,0,0,0,0,0,0,0,0,0,0,0,0,0,0,1,0,0,"Matched (3)"
"601812","heroin",5462328,"561-27-3","70D95007SX","","GCMS",17sep2024,2367,1,0,,14,11,0,0,0,0,0,0,0,0,0,0,0,0,0,0,0,0,0,0,0,0,0,201,1,1,0,0,0,0,0,0,0,0,0,0,0,0,0,0,0,0,0,"Matched (3)"
"601812","delta-9-THC",16078,"8/3/1972","7J8897W37S","trace","GCMS",17sep2024,2367,0,1,,14,11,0,0,0,0,0,0,0,0,0,0,0,0,0,0,0,0,0,0,0,0,0,157,0,0,0,0,0,0,0,0,0,0,0,0,0,0,0,1,0,0,0,"Matched (3)"
"601812","xylazine",5707,"7361-61-7","2KFG9TP5V8","","GCMS",17sep2024,2367,1,0,,14,11,0,0,0,1,1,0,0,0,0,0,0,0,0,0,0,0,0,0,0,0,0,324,1,1,0,0,0,0,0,0,0,0,0,0,0,0,0,0,0,0,0,"Matched (3)"
"601854","cocaine",446220,"50-36-2","I5Y540LHVR","","GCMS",05sep2024,2391,1,0,,1,1,0,0,0,0,0,0,0,0,1,1,0,0,0,0,0,0,0,0,0,0,0,150,0,0,0,0,0,0,0,0,0,0,0,0,0,0,0,0,0,0,0,"Matched (3)"
"601875","methamphetamine",10836,"537-46-2","44RAL3456C","","GCMS",20nov2024,2401,1,0,,1,1,0,0,0,0,0,0,1,1,0,0,0,0,0,0,0,0,0,0,0,0,0,231,0,0,0,0,0,0,0,0,0,0,0,0,0,0,0,0,0,0,0,"Matched (3)"
"601882","4-ANPP",88890,"21409-26-7","Q88EHD0U8G","","GCMS",01may2024,2406,1,0,,2,2,0,0,0,0,0,0,0,0,0,0,0,0,0,0,0,0,0,0,0,0,0,44,1,1,0,0,0,0,0,0,0,0,0,0,0,0,0,0,1,0,0,"Matched (3)"
"601882","fentanyl",3345,"437-38-7","UF599785JZ","","GCMS",01may2024,2406,1,0,,2,2,0,1,1,0,0,0,0,0,0,0,0,0,0,0,0,0,0,0,0,0,0,191,1,1,0,0,0,0,0,0,0,0,0,0,0,0,0,0,0,0,0,"Matched (3)"
"601894","methamphetamine",10836,"537-46-2","44RAL3456C","","GCMS",05sep2024,2411,1,0,,2,2,0,0,0,0,0,0,1,1,0,0,0,0,0,0,0,0,0,0,0,0,0,231,0,0,0,0,0,0,0,0,0,0,0,0,0,0,0,0,0,0,0,"Matched (3)"
"601894","dimethyl sulfone (methylsulfonylmethane MSM)",6213,"67-71-0","9H4PO4Z4FT","","GCMS",05sep2024,2411,1,0,,2,2,0,0,0,0,0,0,0,0,0,0,0,0,0,0,0,0,0,0,0,0,0,,0,0,0,0,0,0,0,0,0,0,0,0,0,0,0,0,0,0,0,"Matched (3)"
"601968","bis(2,2,6,6-tetramethyl-4-piperidyl) sebacate",,"","","","GCMS",22aug2024,2446,1,0,,6,6,0,0,0,0,0,0,0,0,0,0,0,0,0,0,0,0,0,0,0,1,1,135,0,0,0,0,0,0,0,0,0,0,0,0,0,0,0,0,0,0,0,"Matched (3)"
"601968","acetaminophen",1983,"103-90-2","362O9ITL9D","","GCMS",22aug2024,2446,1,0,,6,6,0,0,0,0,0,0,0,0,0,0,0,0,0,0,0,0,0,0,0,0,0,114,0,0,0,0,0,0,0,0,0,0,0,0,0,0,0,0,0,0,0,"Matched (3)"
"601968","lidocaine",3676,"137-58-6","98PI200987","","GCMS",22aug2024,2446,1,0,,6,6,0,0,0,0,0,0,0,0,0,0,0,0,0,0,0,0,0,0,0,0,0,216,0,0,0,0,0,0,0,0,0,0,0,0,0,1,0,0,0,0,0,"Matched (3)"
"601968","fentanyl",3345,"437-38-7","UF599785JZ","","GCMS",22aug2024,2446,1,0,,6,6,0,1,1,0,0,0,0,0,0,0,0,0,0,0,0,0,0,0,0,0,0,191,1,1,0,0,0,0,0,0,0,0,0,0,0,0,0,0,0,0,0,"Matched (3)"
"601968","4-ANPP",88890,"21409-26-7","Q88EHD0U8G","","GCMS",22aug2024,2446,1,0,,6,6,0,0,0,0,0,0,0,0,0,0,0,0,0,0,0,0,0,0,0,0,0,44,1,1,0,0,0,0,0,0,0,0,0,0,0,0,0,0,1,0,0,"Matched (3)"
"601968","xylazine",5707,"7361-61-7","2KFG9TP5V8","","GCMS",22aug2024,2446,1,0,,6,6,0,0,0,1,1,0,0,0,0,0,0,0,0,0,0,0,0,0,0,0,0,324,1,1,0,0,0,0,0,0,0,0,0,0,0,0,0,0,0,0,0,"Matched (3)"
"601992","methamphetamine",10836,"537-46-2","44RAL3456C","","GCMS",25jul2024,2460,1,0,,1,1,0,0,0,0,0,0,1,1,0,0,0,0,0,0,0,0,0,0,0,0,0,231,0,0,0,0,0,0,0,0,0,0,0,0,0,0,0,0,0,0,0,"Matched (3)"
"602157","methamphetamine",10836,"537-46-2","44RAL3456C","","GCMS",21nov2024,2538,1,0,,1,1,0,0,0,0,0,0,1,1,0,0,0,0,0,0,0,0,0,0,0,0,0,231,0,0,0,0,0,0,0,0,0,0,0,0,0,0,0,0,0,0,0,"Matched (3)"
"602660","4-ANPP",88890,"21409-26-7","Q88EHD0U8G","","GCMS",16dec2024,2740,1,0,,4,3,0,0,0,0,0,0,0,0,0,0,0,0,0,0,0,0,0,0,0,0,0,44,1,1,0,0,0,0,0,0,0,0,0,0,0,0,0,0,1,0,0,"Matched (3)"
"602660","xylazine",5707,"7361-61-7","2KFG9TP5V8","","GCMS",16dec2024,2740,1,0,,4,3,0,0,0,1,1,0,0,0,0,0,0,0,0,0,0,0,0,0,0,0,0,324,1,1,0,0,0,0,0,0,0,0,0,0,0,0,0,0,0,0,0,"Matched (3)"
"602660","fentanyl",3345,"437-38-7","UF599785JZ","","GCMS",16dec2024,2740,1,0,,4,3,0,1,1,0,0,0,0,0,0,0,0,0,0,0,0,0,0,0,0,0,0,191,1,1,0,0,0,0,0,0,0,0,0,0,0,0,0,0,0,0,0,"Matched (3)"
"602660","ethyl-4-ANPP",156346345,"","","trace","GCMS",16dec2024,2740,0,1,,4,3,0,0,0,0,0,0,0,0,0,0,0,0,0,0,0,0,0,0,0,0,0,,0,0,0,0,0,0,0,0,0,0,0,0,0,0,0,0,1,0,0,"Matched (3)"
"602663","4-ANPP",88890,"21409-26-7","Q88EHD0U8G","","GCMS",21nov2024,2741,1,0,,4,4,0,0,0,0,0,0,0,0,0,0,0,0,0,0,0,0,0,0,0,0,0,44,1,1,0,0,0,0,0,0,0,0,0,0,0,0,0,0,1,0,0,"Matched (3)"
"602663","phenethyl 4-ANPP",165365057,"","","","GCMS",21nov2024,2741,1,0,,4,4,0,0,0,0,0,0,0,0,0,0,0,0,0,0,0,0,0,0,0,0,0,281,1,1,0,0,0,0,0,0,0,0,0,0,0,0,0,0,1,0,0,"Matched (3)"
"602663","xylazine",5707,"7361-61-7","2KFG9TP5V8","","GCMS",21nov2024,2741,1,0,,4,4,0,0,0,1,1,0,0,0,0,0,0,0,0,0,0,0,0,0,0,0,0,324,1,1,0,0,0,0,0,0,0,0,0,0,0,0,0,0,0,0,0,"Matched (3)"
"602663","fentanyl",3345,"437-38-7","UF599785JZ","","GCMS",21nov2024,2741,1,0,,4,4,0,1,1,0,0,0,0,0,0,0,0,0,0,0,0,0,0,0,0,0,0,191,1,1,0,0,0,0,0,0,0,0,0,0,0,0,0,0,0,0,0,"Matched (3)"
"602664","phenethyl 4-ANPP",165365057,"","","trace","GCMS",21nov2024,2742,0,1,,13,4,0,0,0,0,0,0,0,0,0,0,0,0,0,0,0,0,0,0,0,0,0,281,0,1,0,0,0,0,0,0,0,0,0,0,0,0,0,0,1,0,0,"Matched (3)"
"602664","acetylcodeine",5486550,"6703-27-1","U59401ETXH","trace","GCMS",21nov2024,2742,0,1,,13,4,0,0,0,0,0,0,0,0,0,0,0,0,0,0,0,0,0,0,0,0,0,119,0,1,0,0,0,0,0,0,0,0,0,0,0,0,1,0,0,0,0,"Matched (3)"
"602664","6-monoacetylmorphine (6-MAM)",5462507,"2784-73-8","M5E47P1ZCH","trace","GCMS",21nov2024,2742,0,1,,13,4,0,0,0,0,0,0,0,0,0,0,0,0,0,0,0,0,0,0,0,0,0,,0,0,0,0,0,0,0,0,0,0,0,0,0,0,0,0,0,0,0,"Matched (3)"
"602664","1,3-Diacetin",66924,"105-70-4","G45CU3Z186","trace","GCMS",21nov2024,2742,0,1,,13,4,0,0,0,0,0,0,0,0,0,0,0,0,0,0,0,0,0,0,0,0,0,2,0,0,0,0,0,0,0,0,0,0,0,0,0,0,0,0,0,0,0,"Matched (3)"
"602664","caffeine",2519,"58-08-2","3G6A5W338E","","GCMS",21nov2024,2742,1,0,,13,4,0,0,0,0,0,0,0,0,0,0,1,0,0,0,0,0,0,0,0,0,0,140,0,0,0,0,0,0,0,0,0,0,0,0,0,1,0,0,0,0,0,"Matched (3)"
"602664","diphenhydramine",3100,"58-73-1","8GTS82S83M","trace","GCMS",21nov2024,2742,0,1,,13,4,0,0,0,0,0,0,0,0,0,0,0,0,0,0,0,0,0,0,0,0,0,176,0,0,0,0,0,0,0,0,0,0,0,0,0,1,0,0,0,0,0,"Matched (3)"
"602664","heroin",5462328,"561-27-3","70D95007SX","","GCMS",21nov2024,2742,1,0,,13,4,0,0,0,0,0,0,0,0,0,0,0,0,0,0,0,0,0,0,0,0,0,201,1,1,0,0,0,0,0,0,0,0,0,0,0,0,0,0,0,0,0,"Matched (3)"
"602664","xylazine",5707,"7361-61-7","2KFG9TP5V8","trace","GCMS",21nov2024,2742,0,1,,13,4,0,0,0,0,1,1,0,0,0,0,0,0,0,0,0,0,0,0,0,0,0,324,0,1,0,0,0,0,0,0,0,0,0,0,0,0,0,0,0,0,0,"Matched (3)"
"602664","ketamine",3821,"6740-88-1","690G0D6V8H","trace","GCMS",21nov2024,2742,0,1,,13,4,0,0,0,0,0,0,0,0,0,0,0,0,0,0,0,0,0,1,0,0,0,212,0,0,0,0,0,0,0,0,0,0,0,0,0,0,0,0,0,0,0,"Matched (3)"
"602664","cocaine",446220,"50-36-2","I5Y540LHVR","trace","GCMS",21nov2024,2742,0,1,,13,4,0,0,0,0,0,0,0,0,0,1,0,0,0,0,0,0,0,0,0,0,0,150,0,0,0,0,0,0,0,0,0,0,0,0,0,0,0,0,0,0,0,"Matched (3)"
"602664","methamphetamine",10836,"537-46-2","44RAL3456C","trace","GCMS",21nov2024,2742,0,1,,13,4,0,0,0,0,0,0,0,1,0,0,0,0,0,0,0,0,0,0,0,0,0,231,0,0,0,0,0,0,0,0,0,0,0,0,0,0,0,0,0,0,0,"Matched (3)"
"602664","4-ANPP",88890,"21409-26-7","Q88EHD0U8G","","GCMS",21nov2024,2742,1,0,,13,4,0,0,0,0,0,0,0,0,0,0,0,0,0,0,0,0,0,0,0,0,0,44,1,1,0,0,0,0,0,0,0,0,0,0,0,0,0,0,1,0,0,"Matched (3)"
"602664","fentanyl",3345,"437-38-7","UF599785JZ","","GCMS",21nov2024,2742,1,0,,13,4,0,1,1,0,0,0,0,0,0,0,0,0,0,0,0,0,0,0,0,0,0,191,1,1,0,0,0,0,0,0,0,0,0,0,0,0,0,0,0,0,0,"Matched (3)"
"602665","methamphetamine",10836,"537-46-2","44RAL3456C","","GCMS",16dec2024,2743,1,0,,2,2,0,0,0,0,0,0,1,1,0,0,0,0,0,0,0,0,0,0,0,0,0,231,0,0,0,0,0,0,0,0,0,0,0,0,0,0,0,0,0,0,0,"Matched (3)"
"602665","dimethyl sulfone (methylsulfonylmethane MSM)",6213,"67-71-0","9H4PO4Z4FT","","GCMS",16dec2024,2743,1,0,,2,2,0,0,0,0,0,0,0,0,0,0,0,0,0,0,0,0,0,0,0,0,0,,0,0,0,0,0,0,0,0,0,0,0,0,0,0,0,0,0,0,0,"Matched (3)"
"602669","dimethyl sulfone (methylsulfonylmethane MSM)",6213,"67-71-0","9H4PO4Z4FT","trace","GCMS",16dec2024,2744,0,1,,2,1,0,0,0,0,0,0,0,0,0,0,0,0,0,0,0,0,0,0,0,0,0,,0,0,0,0,0,0,0,0,0,0,0,0,0,0,0,0,0,0,0,"Matched (3)"
"602669","methamphetamine",10836,"537-46-2","44RAL3456C","","GCMS",16dec2024,2744,1,0,,2,1,0,0,0,0,0,0,1,1,0,0,0,0,0,0,0,0,0,0,0,0,0,231,0,0,0,0,0,0,0,0,0,0,0,0,0,0,0,0,0,0,0,"Matched (3)"
